,price
2016-01-01 00:00:00,23.86
2016-01-01 01:00:00,22.39
2016-01-01 02:00:00,20.59
2016-01-01 03:00:00,16.81
2016-01-01 04:00:00,17.41
2016-01-01 05:00:00,17.02
2016-01-01 06:00:00,15.86
2016-01-01 07:00:00,18.16
2016-01-01 08:00:00,17.73
2016-01-01 09:00:00,19.77
2016-01-01 10:00:00,23.75
2016-01-01 11:00:00,26.03
2016-01-01 12:00:00,27.06
2016-01-01 13:00:00,26.59
2016-01-01 14:00:00,25.0
2016-01-01 15:00:00,20.06
2016-01-01 16:00:00,19.43
2016-01-01 17:00:00,24.57
2016-01-01 18:00:00,33.11
2016-01-01 19:00:00,35.34
2016-01-01 20:00:00,33.07
2016-01-01 21:00:00,29.52
2016-01-01 22:00:00,30.1
2016-01-01 23:00:00,24.57
2016-01-02 00:00:00,22.2
2016-01-02 01:00:00,16.57
2016-01-02 02:00:00,15.35
2016-01-02 03:00:00,12.77
2016-01-02 04:00:00,11.27
2016-01-02 05:00:00,11.91
2016-01-02 06:00:00,12.62
2016-01-02 07:00:00,14.32
2016-01-02 08:00:00,18.5
2016-01-02 09:00:00,21.3
2016-01-02 10:00:00,25.47
2016-01-02 11:00:00,26.12
2016-01-02 12:00:00,30.56
2016-01-02 13:00:00,27.4
2016-01-02 14:00:00,23.4
2016-01-02 15:00:00,19.86
2016-01-02 16:00:00,22.5
2016-01-02 17:00:00,34.8
2016-01-02 18:00:00,44.65
2016-01-02 19:00:00,39.0
2016-01-02 20:00:00,35.0
2016-01-02 21:00:00,27.54
2016-01-02 22:00:00,32.18
2016-01-02 23:00:00,37.41
2016-01-03 00:00:00,21.39
2016-01-03 01:00:00,18.91
2016-01-03 02:00:00,19.07
2016-01-03 03:00:00,12.4
2016-01-03 04:00:00,7.83
2016-01-03 05:00:00,9.99
2016-01-03 06:00:00,6.25
2016-01-03 07:00:00,8.61
2016-01-03 08:00:00,12.59
2016-01-03 09:00:00,18.57
2016-01-03 10:00:00,21.87
2016-01-03 11:00:00,23.93
2016-01-03 12:00:00,24.22
2016-01-03 13:00:00,24.51
2016-01-03 14:00:00,20.78
2016-01-03 15:00:00,18.54
2016-01-03 16:00:00,18.76
2016-01-03 17:00:00,22.21
2016-01-03 18:00:00,26.76
2016-01-03 19:00:00,27.32
2016-01-03 20:00:00,25.33
2016-01-03 21:00:00,22.11
2016-01-03 22:00:00,23.49
2016-01-03 23:00:00,22.09
2016-01-04 00:00:00,13.78
2016-01-04 01:00:00,13.8
2016-01-04 02:00:00,12.3
2016-01-04 03:00:00,7.65
2016-01-04 04:00:00,7.66
2016-01-04 05:00:00,11.5
2016-01-04 06:00:00,19.79
2016-01-04 07:00:00,33.12
2016-01-04 08:00:00,37.32
2016-01-04 09:00:00,33.46
2016-01-04 10:00:00,33.24
2016-01-04 11:00:00,35.09
2016-01-04 12:00:00,35.0
2016-01-04 13:00:00,35.0
2016-01-04 14:00:00,34.94
2016-01-04 15:00:00,34.92
2016-01-04 16:00:00,38.0
2016-01-04 17:00:00,41.21
2016-01-04 18:00:00,42.95
2016-01-04 19:00:00,41.96
2016-01-04 20:00:00,34.94
2016-01-04 21:00:00,30.66
2016-01-04 22:00:00,30.0
2016-01-04 23:00:00,23.9
2016-01-05 00:00:00,25.03
2016-01-05 01:00:00,24.42
2016-01-05 02:00:00,22.34
2016-01-05 03:00:00,21.5
2016-01-05 04:00:00,20.0
2016-01-05 05:00:00,23.53
2016-01-05 06:00:00,28.96
2016-01-05 07:00:00,38.32
2016-01-05 08:00:00,41.45
2016-01-05 09:00:00,40.72
2016-01-05 10:00:00,40.66
2016-01-05 11:00:00,40.33
2016-01-05 12:00:00,38.25
2016-01-05 13:00:00,36.98
2016-01-05 14:00:00,34.91
2016-01-05 15:00:00,33.5
2016-01-05 16:00:00,35.1
2016-01-05 17:00:00,42.44
2016-01-05 18:00:00,42.94
2016-01-05 19:00:00,43.02
2016-01-05 20:00:00,38.62
2016-01-05 21:00:00,35.03
2016-01-05 22:00:00,34.02
2016-01-05 23:00:00,35.94
2016-01-06 00:00:00,26.62
2016-01-06 01:00:00,25.58
2016-01-06 02:00:00,24.59
2016-01-06 03:00:00,22.5
2016-01-06 04:00:00,23.16
2016-01-06 05:00:00,24.99
2016-01-06 06:00:00,26.62
2016-01-06 07:00:00,38.92
2016-01-06 08:00:00,41.42
2016-01-06 09:00:00,40.61
2016-01-06 10:00:00,39.07
2016-01-06 11:00:00,40.08
2016-01-06 12:00:00,40.73
2016-01-06 13:00:00,38.26
2016-01-06 14:00:00,35.44
2016-01-06 15:00:00,36.92
2016-01-06 16:00:00,41.28
2016-01-06 17:00:00,44.95
2016-01-06 18:00:00,46.9
2016-01-06 19:00:00,43.95
2016-01-06 20:00:00,39.94
2016-01-06 21:00:00,32.4
2016-01-06 22:00:00,33.51
2016-01-06 23:00:00,30.11
2016-01-07 00:00:00,26.41
2016-01-07 01:00:00,26.05
2016-01-07 02:00:00,24.93
2016-01-07 03:00:00,22.39
2016-01-07 04:00:00,22.32
2016-01-07 05:00:00,24.2
2016-01-07 06:00:00,31.0
2016-01-07 07:00:00,42.47
2016-01-07 08:00:00,42.97
2016-01-07 09:00:00,41.93
2016-01-07 10:00:00,41.62
2016-01-07 11:00:00,41.5
2016-01-07 12:00:00,40.66
2016-01-07 13:00:00,40.33
2016-01-07 14:00:00,36.51
2016-01-07 15:00:00,33.49
2016-01-07 16:00:00,34.19
2016-01-07 17:00:00,40.66
2016-01-07 18:00:00,40.8
2016-01-07 19:00:00,39.69
2016-01-07 20:00:00,31.94
2016-01-07 21:00:00,32.44
2016-01-07 22:00:00,33.39
2016-01-07 23:00:00,29.27
2016-01-08 00:00:00,14.44
2016-01-08 01:00:00,18.6
2016-01-08 02:00:00,16.51
2016-01-08 03:00:00,15.42
2016-01-08 04:00:00,15.17
2016-01-08 05:00:00,18.21
2016-01-08 06:00:00,24.28
2016-01-08 07:00:00,33.0
2016-01-08 08:00:00,44.47
2016-01-08 09:00:00,35.0
2016-01-08 10:00:00,33.0
2016-01-08 11:00:00,36.91
2016-01-08 12:00:00,36.13
2016-01-08 13:00:00,36.13
2016-01-08 14:00:00,32.45
2016-01-08 15:00:00,32.08
2016-01-08 16:00:00,37.16
2016-01-08 17:00:00,45.0
2016-01-08 18:00:00,46.97
2016-01-08 19:00:00,40.09
2016-01-08 20:00:00,34.61
2016-01-08 21:00:00,31.52
2016-01-08 22:00:00,32.5
2016-01-08 23:00:00,29.87
2016-01-09 00:00:00,26.1
2016-01-09 01:00:00,25.1
2016-01-09 02:00:00,24.3
2016-01-09 03:00:00,23.23
2016-01-09 04:00:00,21.96
2016-01-09 05:00:00,22.45
2016-01-09 06:00:00,23.07
2016-01-09 07:00:00,25.0
2016-01-09 08:00:00,32.11
2016-01-09 09:00:00,37.12
2016-01-09 10:00:00,36.13
2016-01-09 11:00:00,35.76
2016-01-09 12:00:00,34.06
2016-01-09 13:00:00,31.54
2016-01-09 14:00:00,27.92
2016-01-09 15:00:00,27.0
2016-01-09 16:00:00,30.5
2016-01-09 17:00:00,36.99
2016-01-09 18:00:00,36.8
2016-01-09 19:00:00,35.0
2016-01-09 20:00:00,29.0
2016-01-09 21:00:00,25.01
2016-01-09 22:00:00,25.1
2016-01-09 23:00:00,22.28
2016-01-10 00:00:00,15.58
2016-01-10 01:00:00,19.05
2016-01-10 02:00:00,17.01
2016-01-10 03:00:00,12.75
2016-01-10 04:00:00,10.81
2016-01-10 05:00:00,10.85
2016-01-10 06:00:00,9.85
2016-01-10 07:00:00,14.0
2016-01-10 08:00:00,16.59
2016-01-10 09:00:00,19.61
2016-01-10 10:00:00,20.3
2016-01-10 11:00:00,21.98
2016-01-10 12:00:00,23.48
2016-01-10 13:00:00,21.4
2016-01-10 14:00:00,20.85
2016-01-10 15:00:00,21.66
2016-01-10 16:00:00,23.92
2016-01-10 17:00:00,26.9
2016-01-10 18:00:00,35.0
2016-01-10 19:00:00,33.0
2016-01-10 20:00:00,31.08
2016-01-10 21:00:00,27.44
2016-01-10 22:00:00,26.93
2016-01-10 23:00:00,23.12
2016-01-11 00:00:00,21.95
2016-01-11 01:00:00,20.04
2016-01-11 02:00:00,19.78
2016-01-11 03:00:00,19.36
2016-01-11 04:00:00,19.56
2016-01-11 05:00:00,21.67
2016-01-11 06:00:00,28.5
2016-01-11 07:00:00,41.61
2016-01-11 08:00:00,45.93
2016-01-11 09:00:00,44.0
2016-01-11 10:00:00,41.94
2016-01-11 11:00:00,41.96
2016-01-11 12:00:00,38.95
2016-01-11 13:00:00,37.58
2016-01-11 14:00:00,39.88
2016-01-11 15:00:00,37.5
2016-01-11 16:00:00,37.95
2016-01-11 17:00:00,41.6
2016-01-11 18:00:00,42.88
2016-01-11 19:00:00,40.0
2016-01-11 20:00:00,33.09
2016-01-11 21:00:00,30.09
2016-01-11 22:00:00,32.89
2016-01-11 23:00:00,27.65
2016-01-12 00:00:00,21.51
2016-01-12 01:00:00,19.81
2016-01-12 02:00:00,19.1
2016-01-12 03:00:00,15.74
2016-01-12 04:00:00,14.2
2016-01-12 05:00:00,20.19
2016-01-12 06:00:00,24.38
2016-01-12 07:00:00,35.92
2016-01-12 08:00:00,40.5
2016-01-12 09:00:00,41.0
2016-01-12 10:00:00,38.66
2016-01-12 11:00:00,36.46
2016-01-12 12:00:00,35.0
2016-01-12 13:00:00,33.3
2016-01-12 14:00:00,32.21
2016-01-12 15:00:00,33.0
2016-01-12 16:00:00,36.08
2016-01-12 17:00:00,41.94
2016-01-12 18:00:00,46.36
2016-01-12 19:00:00,43.92
2016-01-12 20:00:00,36.96
2016-01-12 21:00:00,29.99
2016-01-12 22:00:00,29.73
2016-01-12 23:00:00,26.3
2016-01-13 00:00:00,21.0
2016-01-13 01:00:00,19.66
2016-01-13 02:00:00,18.13
2016-01-13 03:00:00,16.07
2016-01-13 04:00:00,18.05
2016-01-13 05:00:00,20.83
2016-01-13 06:00:00,24.1
2016-01-13 07:00:00,44.46
2016-01-13 08:00:00,44.8
2016-01-13 09:00:00,45.2
2016-01-13 10:00:00,44.8
2016-01-13 11:00:00,44.8
2016-01-13 12:00:00,44.23
2016-01-13 13:00:00,40.54
2016-01-13 14:00:00,38.46
2016-01-13 15:00:00,37.44
2016-01-13 16:00:00,39.58
2016-01-13 17:00:00,43.0
2016-01-13 18:00:00,49.2
2016-01-13 19:00:00,48.5
2016-01-13 20:00:00,39.58
2016-01-13 21:00:00,33.4
2016-01-13 22:00:00,36.75
2016-01-13 23:00:00,35.0
2016-01-14 00:00:00,26.31
2016-01-14 01:00:00,23.06
2016-01-14 02:00:00,22.22
2016-01-14 03:00:00,22.03
2016-01-14 04:00:00,22.53
2016-01-14 05:00:00,23.9
2016-01-14 06:00:00,32.74
2016-01-14 07:00:00,40.4
2016-01-14 08:00:00,46.35
2016-01-14 09:00:00,44.8
2016-01-14 10:00:00,45.87
2016-01-14 11:00:00,45.4
2016-01-14 12:00:00,46.13
2016-01-14 13:00:00,47.85
2016-01-14 14:00:00,44.95
2016-01-14 15:00:00,42.99
2016-01-14 16:00:00,42.34
2016-01-14 17:00:00,47.29
2016-01-14 18:00:00,41.53
2016-01-14 19:00:00,34.91
2016-01-14 20:00:00,40.4
2016-01-14 21:00:00,33.88
2016-01-14 22:00:00,34.5
2016-01-14 23:00:00,29.57
2016-01-15 00:00:00,34.4
2016-01-15 01:00:00,27.67
2016-01-15 02:00:00,24.36
2016-01-15 03:00:00,23.5
2016-01-15 04:00:00,22.94
2016-01-15 05:00:00,26.57
2016-01-15 06:00:00,32.61
2016-01-15 07:00:00,42.55
2016-01-15 08:00:00,47.01
2016-01-15 09:00:00,47.44
2016-01-15 10:00:00,47.56
2016-01-15 11:00:00,46.95
2016-01-15 12:00:00,44.0
2016-01-15 13:00:00,42.05
2016-01-15 14:00:00,39.99
2016-01-15 15:00:00,37.65
2016-01-15 16:00:00,38.0
2016-01-15 17:00:00,45.26
2016-01-15 18:00:00,48.04
2016-01-15 19:00:00,48.56
2016-01-15 20:00:00,43.02
2016-01-15 21:00:00,41.12
2016-01-15 22:00:00,40.61
2016-01-15 23:00:00,38.87
2016-01-16 00:00:00,31.49
2016-01-16 01:00:00,28.95
2016-01-16 02:00:00,25.58
2016-01-16 03:00:00,24.73
2016-01-16 04:00:00,24.08
2016-01-16 05:00:00,25.32
2016-01-16 06:00:00,24.77
2016-01-16 07:00:00,27.54
2016-01-16 08:00:00,33.12
2016-01-16 09:00:00,38.14
2016-01-16 10:00:00,39.77
2016-01-16 11:00:00,38.8
2016-01-16 12:00:00,36.85
2016-01-16 13:00:00,35.8
2016-01-16 14:00:00,33.11
2016-01-16 15:00:00,31.89
2016-01-16 16:00:00,33.97
2016-01-16 17:00:00,39.77
2016-01-16 18:00:00,40.03
2016-01-16 19:00:00,38.14
2016-01-16 20:00:00,42.52
2016-01-16 21:00:00,25.9
2016-01-16 22:00:00,29.92
2016-01-16 23:00:00,27.0
2016-01-17 00:00:00,22.6
2016-01-17 01:00:00,20.25
2016-01-17 02:00:00,20.76
2016-01-17 03:00:00,20.97
2016-01-17 04:00:00,20.89
2016-01-17 05:00:00,21.64
2016-01-17 06:00:00,20.78
2016-01-17 07:00:00,23.09
2016-01-17 08:00:00,24.3
2016-01-17 09:00:00,26.54
2016-01-17 10:00:00,30.11
2016-01-17 11:00:00,36.29
2016-01-17 12:00:00,32.44
2016-01-17 13:00:00,26.93
2016-01-17 14:00:00,26.4
2016-01-17 15:00:00,27.29
2016-01-17 16:00:00,31.94
2016-01-17 17:00:00,39.49
2016-01-17 18:00:00,42.8
2016-01-17 19:00:00,39.23
2016-01-17 20:00:00,33.3
2016-01-17 21:00:00,27.04
2016-01-17 22:00:00,27.05
2016-01-17 23:00:00,26.3
2016-01-18 00:00:00,36.35
2016-01-18 01:00:00,34.12
2016-01-18 02:00:00,30.91
2016-01-18 03:00:00,25.63
2016-01-18 04:00:00,23.51
2016-01-18 05:00:00,30.37
2016-01-18 06:00:00,36.62
2016-01-18 07:00:00,50.23
2016-01-18 08:00:00,49.98
2016-01-18 09:00:00,50.54
2016-01-18 10:00:00,50.37
2016-01-18 11:00:00,50.06
2016-01-18 12:00:00,49.1
2016-01-18 13:00:00,50.53
2016-01-18 14:00:00,51.09
2016-01-18 15:00:00,51.13
2016-01-18 16:00:00,49.66
2016-01-18 17:00:00,62.55
2016-01-18 18:00:00,68.71
2016-01-18 19:00:00,61.45
2016-01-18 20:00:00,53.01
2016-01-18 21:00:00,49.6
2016-01-18 22:00:00,47.52
2016-01-18 23:00:00,44.44
2016-01-19 00:00:00,35.15
2016-01-19 01:00:00,34.24
2016-01-19 02:00:00,35.15
2016-01-19 03:00:00,29.66
2016-01-19 04:00:00,29.39
2016-01-19 05:00:00,37.65
2016-01-19 06:00:00,42.26
2016-01-19 07:00:00,54.1
2016-01-19 08:00:00,65.61
2016-01-19 09:00:00,65.35
2016-01-19 10:00:00,64.14
2016-01-19 11:00:00,61.94
2016-01-19 12:00:00,58.98
2016-01-19 13:00:00,58.53
2016-01-19 14:00:00,55.81
2016-01-19 15:00:00,55.5
2016-01-19 16:00:00,56.21
2016-01-19 17:00:00,70.07
2016-01-19 18:00:00,89.95
2016-01-19 19:00:00,78.19
2016-01-19 20:00:00,58.84
2016-01-19 21:00:00,51.47
2016-01-19 22:00:00,48.07
2016-01-19 23:00:00,43.41
2016-01-20 00:00:00,37.8
2016-01-20 01:00:00,30.1
2016-01-20 02:00:00,28.67
2016-01-20 03:00:00,31.58
2016-01-20 04:00:00,31.79
2016-01-20 05:00:00,36.15
2016-01-20 06:00:00,41.06
2016-01-20 07:00:00,55.08
2016-01-20 08:00:00,61.08
2016-01-20 09:00:00,62.67
2016-01-20 10:00:00,64.81
2016-01-20 11:00:00,61.92
2016-01-20 12:00:00,58.6
2016-01-20 13:00:00,57.81
2016-01-20 14:00:00,54.95
2016-01-20 15:00:00,52.42
2016-01-20 16:00:00,72.01
2016-01-20 17:00:00,103.4
2016-01-20 18:00:00,127.65
2016-01-20 19:00:00,91.21
2016-01-20 20:00:00,63.19
2016-01-20 21:00:00,55.19
2016-01-20 22:00:00,50.71
2016-01-20 23:00:00,44.81
2016-01-21 00:00:00,39.94
2016-01-21 01:00:00,38.18
2016-01-21 02:00:00,35.67
2016-01-21 03:00:00,34.76
2016-01-21 04:00:00,34.34
2016-01-21 05:00:00,36.28
2016-01-21 06:00:00,42.45
2016-01-21 07:00:00,70.01
2016-01-21 08:00:00,86.46
2016-01-21 09:00:00,84.91
2016-01-21 10:00:00,74.94
2016-01-21 11:00:00,70.12
2016-01-21 12:00:00,59.91
2016-01-21 13:00:00,57.69
2016-01-21 14:00:00,57.99
2016-01-21 15:00:00,61.05
2016-01-21 16:00:00,57.43
2016-01-21 17:00:00,86.14
2016-01-21 18:00:00,88.45
2016-01-21 19:00:00,61.12
2016-01-21 20:00:00,50.51
2016-01-21 21:00:00,43.78
2016-01-21 22:00:00,41.23
2016-01-21 23:00:00,41.64
2016-01-22 00:00:00,35.33
2016-01-22 01:00:00,34.15
2016-01-22 02:00:00,33.1
2016-01-22 03:00:00,32.57
2016-01-22 04:00:00,30.94
2016-01-22 05:00:00,29.72
2016-01-22 06:00:00,35.81
2016-01-22 07:00:00,48.35
2016-01-22 08:00:00,52.5
2016-01-22 09:00:00,52.51
2016-01-22 10:00:00,50.37
2016-01-22 11:00:00,49.06
2016-01-22 12:00:00,50.37
2016-01-22 13:00:00,44.18
2016-01-22 14:00:00,41.0
2016-01-22 15:00:00,37.77
2016-01-22 16:00:00,37.24
2016-01-22 17:00:00,43.52
2016-01-22 18:00:00,46.73
2016-01-22 19:00:00,42.77
2016-01-22 20:00:00,37.36
2016-01-22 21:00:00,33.51
2016-01-22 22:00:00,36.41
2016-01-22 23:00:00,37.3
2016-01-23 00:00:00,24.44
2016-01-23 01:00:00,28.84
2016-01-23 02:00:00,24.84
2016-01-23 03:00:00,22.99
2016-01-23 04:00:00,22.68
2016-01-23 05:00:00,24.89
2016-01-23 06:00:00,30.91
2016-01-23 07:00:00,29.82
2016-01-23 08:00:00,31.12
2016-01-23 09:00:00,34.31
2016-01-23 10:00:00,35.65
2016-01-23 11:00:00,36.57
2016-01-23 12:00:00,38.24
2016-01-23 13:00:00,34.38
2016-01-23 14:00:00,29.44
2016-01-23 15:00:00,29.79
2016-01-23 16:00:00,29.7
2016-01-23 17:00:00,36.97
2016-01-23 18:00:00,42.6
2016-01-23 19:00:00,39.38
2016-01-23 20:00:00,34.25
2016-01-23 21:00:00,30.09
2016-01-23 22:00:00,33.25
2016-01-23 23:00:00,24.94
2016-01-24 00:00:00,23.2
2016-01-24 01:00:00,23.6
2016-01-24 02:00:00,21.4
2016-01-24 03:00:00,23.24
2016-01-24 04:00:00,22.54
2016-01-24 05:00:00,23.41
2016-01-24 06:00:00,21.41
2016-01-24 07:00:00,30.55
2016-01-24 08:00:00,31.67
2016-01-24 09:00:00,33.14
2016-01-24 10:00:00,33.98
2016-01-24 11:00:00,34.0
2016-01-24 12:00:00,34.93
2016-01-24 13:00:00,31.08
2016-01-24 14:00:00,24.84
2016-01-24 15:00:00,23.99
2016-01-24 16:00:00,25.04
2016-01-24 17:00:00,32.88
2016-01-24 18:00:00,36.09
2016-01-24 19:00:00,35.3
2016-01-24 20:00:00,31.39
2016-01-24 21:00:00,31.68
2016-01-24 22:00:00,32.98
2016-01-24 23:00:00,31.39
2016-01-25 00:00:00,31.05
2016-01-25 01:00:00,30.04
2016-01-25 02:00:00,24.52
2016-01-25 03:00:00,22.77
2016-01-25 04:00:00,20.33
2016-01-25 05:00:00,24.47
2016-01-25 06:00:00,32.01
2016-01-25 07:00:00,40.66
2016-01-25 08:00:00,40.8
2016-01-25 09:00:00,38.63
2016-01-25 10:00:00,36.62
2016-01-25 11:00:00,35.6
2016-01-25 12:00:00,34.75
2016-01-25 13:00:00,32.26
2016-01-25 14:00:00,30.61
2016-01-25 15:00:00,29.73
2016-01-25 16:00:00,31.17
2016-01-25 17:00:00,34.96
2016-01-25 18:00:00,37.94
2016-01-25 19:00:00,36.53
2016-01-25 20:00:00,31.52
2016-01-25 21:00:00,25.32
2016-01-25 22:00:00,23.93
2016-01-25 23:00:00,26.18
2016-01-26 00:00:00,20.23
2016-01-26 01:00:00,18.02
2016-01-26 02:00:00,19.96
2016-01-26 03:00:00,17.92
2016-01-26 04:00:00,18.73
2016-01-26 05:00:00,21.91
2016-01-26 06:00:00,27.09
2016-01-26 07:00:00,38.51
2016-01-26 08:00:00,42.1
2016-01-26 09:00:00,42.1
2016-01-26 10:00:00,39.09
2016-01-26 11:00:00,37.22
2016-01-26 12:00:00,35.15
2016-01-26 13:00:00,33.84
2016-01-26 14:00:00,31.07
2016-01-26 15:00:00,30.09
2016-01-26 16:00:00,30.62
2016-01-26 17:00:00,32.87
2016-01-26 18:00:00,35.4
2016-01-26 19:00:00,30.0
2016-01-26 20:00:00,29.94
2016-01-26 21:00:00,22.43
2016-01-26 22:00:00,24.1
2016-01-26 23:00:00,28.8
2016-01-27 00:00:00,24.95
2016-01-27 01:00:00,21.9
2016-01-27 02:00:00,21.19
2016-01-27 03:00:00,14.59
2016-01-27 04:00:00,12.45
2016-01-27 05:00:00,17.96
2016-01-27 06:00:00,26.79
2016-01-27 07:00:00,31.17
2016-01-27 08:00:00,32.44
2016-01-27 09:00:00,32.75
2016-01-27 10:00:00,31.19
2016-01-27 11:00:00,35.0
2016-01-27 12:00:00,31.05
2016-01-27 13:00:00,28.72
2016-01-27 14:00:00,27.06
2016-01-27 15:00:00,25.62
2016-01-27 16:00:00,26.87
2016-01-27 17:00:00,31.52
2016-01-27 18:00:00,33.74
2016-01-27 19:00:00,30.62
2016-01-27 20:00:00,28.87
2016-01-27 21:00:00,24.72
2016-01-27 22:00:00,27.21
2016-01-27 23:00:00,19.33
2016-01-28 00:00:00,17.09
2016-01-28 01:00:00,16.78
2016-01-28 02:00:00,15.75
2016-01-28 03:00:00,13.16
2016-01-28 04:00:00,13.23
2016-01-28 05:00:00,17.39
2016-01-28 06:00:00,23.41
2016-01-28 07:00:00,34.26
2016-01-28 08:00:00,31.39
2016-01-28 09:00:00,32.27
2016-01-28 10:00:00,34.54
2016-01-28 11:00:00,36.24
2016-01-28 12:00:00,35.13
2016-01-28 13:00:00,34.48
2016-01-28 14:00:00,31.73
2016-01-28 15:00:00,31.02
2016-01-28 16:00:00,33.58
2016-01-28 17:00:00,39.05
2016-01-28 18:00:00,42.44
2016-01-28 19:00:00,42.0
2016-01-28 20:00:00,29.96
2016-01-28 21:00:00,27.56
2016-01-28 22:00:00,28.18
2016-01-28 23:00:00,28.18
2016-01-29 00:00:00,28.79
2016-01-29 01:00:00,21.17
2016-01-29 02:00:00,19.06
2016-01-29 03:00:00,18.08
2016-01-29 04:00:00,16.06
2016-01-29 05:00:00,19.63
2016-01-29 06:00:00,27.82
2016-01-29 07:00:00,38.78
2016-01-29 08:00:00,36.5
2016-01-29 09:00:00,37.68
2016-01-29 10:00:00,36.5
2016-01-29 11:00:00,34.42
2016-01-29 12:00:00,36.5
2016-01-29 13:00:00,35.08
2016-01-29 14:00:00,28.62
2016-01-29 15:00:00,27.81
2016-01-29 16:00:00,26.2
2016-01-29 17:00:00,30.0
2016-01-29 18:00:00,34.94
2016-01-29 19:00:00,31.32
2016-01-29 20:00:00,27.2
2016-01-29 21:00:00,25.85
2016-01-29 22:00:00,27.11
2016-01-29 23:00:00,29.61
2016-01-30 00:00:00,18.51
2016-01-30 01:00:00,18.17
2016-01-30 02:00:00,18.67
2016-01-30 03:00:00,16.44
2016-01-30 04:00:00,10.54
2016-01-30 05:00:00,12.45
2016-01-30 06:00:00,13.69
2016-01-30 07:00:00,19.59
2016-01-30 08:00:00,19.39
2016-01-30 09:00:00,25.0
2016-01-30 10:00:00,22.36
2016-01-30 11:00:00,21.56
2016-01-30 12:00:00,22.74
2016-01-30 13:00:00,20.3
2016-01-30 14:00:00,18.45
2016-01-30 15:00:00,18.69
2016-01-30 16:00:00,18.43
2016-01-30 17:00:00,22.05
2016-01-30 18:00:00,28.44
2016-01-30 19:00:00,28.28
2016-01-30 20:00:00,22.55
2016-01-30 21:00:00,18.75
2016-01-30 22:00:00,25.0
2016-01-30 23:00:00,24.75
2016-01-31 00:00:00,10.25
2016-01-31 01:00:00,6.27
2016-01-31 02:00:00,7.9
2016-01-31 03:00:00,7.88
2016-01-31 04:00:00,6.41
2016-01-31 05:00:00,6.68
2016-01-31 06:00:00,8.22
2016-01-31 07:00:00,12.44
2016-01-31 08:00:00,15.63
2016-01-31 09:00:00,16.97
2016-01-31 10:00:00,19.76
2016-01-31 11:00:00,26.4
2016-01-31 12:00:00,21.37
2016-01-31 13:00:00,26.33
2016-01-31 14:00:00,16.5
2016-01-31 15:00:00,15.68
2016-01-31 16:00:00,17.23
2016-01-31 17:00:00,22.44
2016-01-31 18:00:00,26.28
2016-01-31 19:00:00,26.05
2016-01-31 20:00:00,23.02
2016-01-31 21:00:00,18.88
2016-01-31 22:00:00,18.79
2016-01-31 23:00:00,16.45
2016-02-01 00:00:00,16.31
2016-02-01 01:00:00,14.42
2016-02-01 02:00:00,15.07
2016-02-01 03:00:00,10.31
2016-02-01 04:00:00,7.14
2016-02-01 05:00:00,13.29
2016-02-01 06:00:00,23.93
2016-02-01 07:00:00,35.9
2016-02-01 08:00:00,37.99
2016-02-01 09:00:00,36.05
2016-02-01 10:00:00,33.34
2016-02-01 11:00:00,29.24
2016-02-01 12:00:00,29.71
2016-02-01 13:00:00,27.39
2016-02-01 14:00:00,27.26
2016-02-01 15:00:00,27.04
2016-02-01 16:00:00,20.1
2016-02-01 17:00:00,27.66
2016-02-01 18:00:00,38.48
2016-02-01 19:00:00,38.61
2016-02-01 20:00:00,33.36
2016-02-01 21:00:00,20.84
2016-02-01 22:00:00,16.73
2016-02-01 23:00:00,19.99
2016-02-02 00:00:00,14.32
2016-02-02 01:00:00,10.27
2016-02-02 02:00:00,8.1
2016-02-02 03:00:00,4.73
2016-02-02 04:00:00,4.06
2016-02-02 05:00:00,9.52
2016-02-02 06:00:00,21.12
2016-02-02 07:00:00,30.54
2016-02-02 08:00:00,31.6
2016-02-02 09:00:00,31.18
2016-02-02 10:00:00,31.79
2016-02-02 11:00:00,31.99
2016-02-02 12:00:00,31.92
2016-02-02 13:00:00,27.14
2016-02-02 14:00:00,25.37
2016-02-02 15:00:00,25.27
2016-02-02 16:00:00,26.2
2016-02-02 17:00:00,30.0
2016-02-02 18:00:00,38.94
2016-02-02 19:00:00,37.64
2016-02-02 20:00:00,29.61
2016-02-02 21:00:00,24.6
2016-02-02 22:00:00,27.78
2016-02-02 23:00:00,27.6
2016-02-03 00:00:00,17.59
2016-02-03 01:00:00,13.34
2016-02-03 02:00:00,12.4
2016-02-03 03:00:00,10.75
2016-02-03 04:00:00,11.24
2016-02-03 05:00:00,15.22
2016-02-03 06:00:00,21.41
2016-02-03 07:00:00,33.25
2016-02-03 08:00:00,35.0
2016-02-03 09:00:00,33.96
2016-02-03 10:00:00,29.63
2016-02-03 11:00:00,28.16
2016-02-03 12:00:00,25.53
2016-02-03 13:00:00,25.78
2016-02-03 14:00:00,25.15
2016-02-03 15:00:00,23.26
2016-02-03 16:00:00,26.4
2016-02-03 17:00:00,32.62
2016-02-03 18:00:00,36.69
2016-02-03 19:00:00,36.19
2016-02-03 20:00:00,30.13
2016-02-03 21:00:00,23.75
2016-02-03 22:00:00,25.42
2016-02-03 23:00:00,29.0
2016-02-04 00:00:00,18.04
2016-02-04 01:00:00,17.78
2016-02-04 02:00:00,16.52
2016-02-04 03:00:00,15.46
2016-02-04 04:00:00,14.57
2016-02-04 05:00:00,17.01
2016-02-04 06:00:00,22.43
2016-02-04 07:00:00,31.96
2016-02-04 08:00:00,31.65
2016-02-04 09:00:00,28.86
2016-02-04 10:00:00,29.19
2016-02-04 11:00:00,30.22
2016-02-04 12:00:00,27.97
2016-02-04 13:00:00,26.87
2016-02-04 14:00:00,25.85
2016-02-04 15:00:00,27.94
2016-02-04 16:00:00,27.81
2016-02-04 17:00:00,35.0
2016-02-04 18:00:00,42.18
2016-02-04 19:00:00,39.01
2016-02-04 20:00:00,32.04
2016-02-04 21:00:00,26.96
2016-02-04 22:00:00,27.83
2016-02-04 23:00:00,23.98
2016-02-05 00:00:00,24.61
2016-02-05 01:00:00,23.0
2016-02-05 02:00:00,22.22
2016-02-05 03:00:00,20.1
2016-02-05 04:00:00,21.18
2016-02-05 05:00:00,21.18
2016-02-05 06:00:00,28.04
2016-02-05 07:00:00,37.75
2016-02-05 08:00:00,38.3
2016-02-05 09:00:00,37.25
2016-02-05 10:00:00,36.5
2016-02-05 11:00:00,35.94
2016-02-05 12:00:00,34.36
2016-02-05 13:00:00,31.95
2016-02-05 14:00:00,27.74
2016-02-05 15:00:00,25.33
2016-02-05 16:00:00,24.78
2016-02-05 17:00:00,29.96
2016-02-05 18:00:00,33.09
2016-02-05 19:00:00,31.6
2016-02-05 20:00:00,27.7
2016-02-05 21:00:00,26.03
2016-02-05 22:00:00,25.79
2016-02-05 23:00:00,23.8
2016-02-06 00:00:00,18.48
2016-02-06 01:00:00,15.96
2016-02-06 02:00:00,16.2
2016-02-06 03:00:00,14.71
2016-02-06 04:00:00,14.16
2016-02-06 05:00:00,14.34
2016-02-06 06:00:00,15.25
2016-02-06 07:00:00,17.44
2016-02-06 08:00:00,19.47
2016-02-06 09:00:00,20.47
2016-02-06 10:00:00,19.41
2016-02-06 11:00:00,18.29
2016-02-06 12:00:00,17.63
2016-02-06 13:00:00,16.56
2016-02-06 14:00:00,14.56
2016-02-06 15:00:00,15.52
2016-02-06 16:00:00,17.01
2016-02-06 17:00:00,19.97
2016-02-06 18:00:00,23.15
2016-02-06 19:00:00,22.19
2016-02-06 20:00:00,17.23
2016-02-06 21:00:00,14.53
2016-02-06 22:00:00,16.33
2016-02-06 23:00:00,15.34
2016-02-07 00:00:00,10.3
2016-02-07 01:00:00,10.5
2016-02-07 02:00:00,9.76
2016-02-07 03:00:00,7.71
2016-02-07 04:00:00,6.91
2016-02-07 05:00:00,5.93
2016-02-07 06:00:00,3.98
2016-02-07 07:00:00,5.96
2016-02-07 08:00:00,8.67
2016-02-07 09:00:00,11.58
2016-02-07 10:00:00,17.24
2016-02-07 11:00:00,16.25
2016-02-07 12:00:00,17.12
2016-02-07 13:00:00,14.51
2016-02-07 14:00:00,12.79
2016-02-07 15:00:00,11.54
2016-02-07 16:00:00,13.59
2016-02-07 17:00:00,16.64
2016-02-07 18:00:00,27.01
2016-02-07 19:00:00,22.05
2016-02-07 20:00:00,18.49
2016-02-07 21:00:00,15.22
2016-02-07 22:00:00,16.72
2016-02-07 23:00:00,11.3
2016-02-08 00:00:00,10.02
2016-02-08 01:00:00,8.31
2016-02-08 02:00:00,7.12
2016-02-08 03:00:00,3.78
2016-02-08 04:00:00,5.13
2016-02-08 05:00:00,8.15
2016-02-08 06:00:00,20.0
2016-02-08 07:00:00,29.76
2016-02-08 08:00:00,32.32
2016-02-08 09:00:00,29.59
2016-02-08 10:00:00,29.98
2016-02-08 11:00:00,29.05
2016-02-08 12:00:00,28.42
2016-02-08 13:00:00,26.41
2016-02-08 14:00:00,25.77
2016-02-08 15:00:00,24.07
2016-02-08 16:00:00,23.17
2016-02-08 17:00:00,27.7
2016-02-08 18:00:00,36.3
2016-02-08 19:00:00,34.32
2016-02-08 20:00:00,26.36
2016-02-08 21:00:00,23.72
2016-02-08 22:00:00,23.76
2016-02-08 23:00:00,22.84
2016-02-09 00:00:00,23.88
2016-02-09 01:00:00,18.47
2016-02-09 02:00:00,16.86
2016-02-09 03:00:00,10.05
2016-02-09 04:00:00,9.19
2016-02-09 05:00:00,14.02
2016-02-09 06:00:00,19.29
2016-02-09 07:00:00,30.97
2016-02-09 08:00:00,33.43
2016-02-09 09:00:00,31.53
2016-02-09 10:00:00,27.8
2016-02-09 11:00:00,29.78
2016-02-09 12:00:00,27.03
2016-02-09 13:00:00,28.69
2016-02-09 14:00:00,27.44
2016-02-09 15:00:00,26.97
2016-02-09 16:00:00,27.24
2016-02-09 17:00:00,31.01
2016-02-09 18:00:00,39.98
2016-02-09 19:00:00,34.06
2016-02-09 20:00:00,29.99
2016-02-09 21:00:00,25.83
2016-02-09 22:00:00,24.74
2016-02-09 23:00:00,24.92
2016-02-10 00:00:00,17.75
2016-02-10 01:00:00,14.64
2016-02-10 02:00:00,14.32
2016-02-10 03:00:00,14.35
2016-02-10 04:00:00,15.02
2016-02-10 05:00:00,16.2
2016-02-10 06:00:00,22.8
2016-02-10 07:00:00,30.59
2016-02-10 08:00:00,32.05
2016-02-10 09:00:00,34.02
2016-02-10 10:00:00,34.94
2016-02-10 11:00:00,33.95
2016-02-10 12:00:00,32.2
2016-02-10 13:00:00,27.74
2016-02-10 14:00:00,27.44
2016-02-10 15:00:00,27.77
2016-02-10 16:00:00,28.68
2016-02-10 17:00:00,32.1
2016-02-10 18:00:00,40.3
2016-02-10 19:00:00,43.68
2016-02-10 20:00:00,37.94
2016-02-10 21:00:00,33.04
2016-02-10 22:00:00,31.17
2016-02-10 23:00:00,28.3
2016-02-11 00:00:00,23.82
2016-02-11 01:00:00,21.48
2016-02-11 02:00:00,19.1
2016-02-11 03:00:00,17.75
2016-02-11 04:00:00,18.6
2016-02-11 05:00:00,20.0
2016-02-11 06:00:00,27.85
2016-02-11 07:00:00,36.67
2016-02-11 08:00:00,42.31
2016-02-11 09:00:00,42.07
2016-02-11 10:00:00,39.87
2016-02-11 11:00:00,32.72
2016-02-11 12:00:00,30.26
2016-02-11 13:00:00,32.0
2016-02-11 14:00:00,33.43
2016-02-11 15:00:00,30.0
2016-02-11 16:00:00,32.05
2016-02-11 17:00:00,36.0
2016-02-11 18:00:00,41.02
2016-02-11 19:00:00,41.95
2016-02-11 20:00:00,36.85
2016-02-11 21:00:00,30.96
2016-02-11 22:00:00,29.28
2016-02-11 23:00:00,26.11
2016-02-12 00:00:00,22.81
2016-02-12 01:00:00,21.59
2016-02-12 02:00:00,21.3
2016-02-12 03:00:00,19.86
2016-02-12 04:00:00,20.69
2016-02-12 05:00:00,21.64
2016-02-12 06:00:00,27.18
2016-02-12 07:00:00,36.43
2016-02-12 08:00:00,37.3
2016-02-12 09:00:00,34.97
2016-02-12 10:00:00,34.7
2016-02-12 11:00:00,33.48
2016-02-12 12:00:00,30.0
2016-02-12 13:00:00,26.93
2016-02-12 14:00:00,25.62
2016-02-12 15:00:00,25.0
2016-02-12 16:00:00,27.18
2016-02-12 17:00:00,34.56
2016-02-12 18:00:00,40.36
2016-02-12 19:00:00,35.56
2016-02-12 20:00:00,29.96
2016-02-12 21:00:00,26.45
2016-02-12 22:00:00,27.18
2016-02-12 23:00:00,26.03
2016-02-13 00:00:00,22.23
2016-02-13 01:00:00,21.1
2016-02-13 02:00:00,20.21
2016-02-13 03:00:00,19.94
2016-02-13 04:00:00,19.9
2016-02-13 05:00:00,19.98
2016-02-13 06:00:00,19.9
2016-02-13 07:00:00,21.48
2016-02-13 08:00:00,28.38
2016-02-13 09:00:00,30.36
2016-02-13 10:00:00,30.09
2016-02-13 11:00:00,29.84
2016-02-13 12:00:00,26.75
2016-02-13 13:00:00,23.93
2016-02-13 14:00:00,21.37
2016-02-13 15:00:00,21.15
2016-02-13 16:00:00,20.96
2016-02-13 17:00:00,24.69
2016-02-13 18:00:00,30.37
2016-02-13 19:00:00,26.9
2016-02-13 20:00:00,22.44
2016-02-13 21:00:00,20.42
2016-02-13 22:00:00,21.57
2016-02-13 23:00:00,20.75
2016-02-14 00:00:00,13.06
2016-02-14 01:00:00,13.93
2016-02-14 02:00:00,9.01
2016-02-14 03:00:00,7.73
2016-02-14 04:00:00,7.72
2016-02-14 05:00:00,8.0
2016-02-14 06:00:00,8.46
2016-02-14 07:00:00,10.91
2016-02-14 08:00:00,12.88
2016-02-14 09:00:00,17.51
2016-02-14 10:00:00,17.68
2016-02-14 11:00:00,18.01
2016-02-14 12:00:00,19.06
2016-02-14 13:00:00,18.35
2016-02-14 14:00:00,16.95
2016-02-14 15:00:00,15.13
2016-02-14 16:00:00,16.96
2016-02-14 17:00:00,21.21
2016-02-14 18:00:00,29.94
2016-02-14 19:00:00,30.38
2016-02-14 20:00:00,26.98
2016-02-14 21:00:00,20.21
2016-02-14 22:00:00,20.33
2016-02-14 23:00:00,17.96
2016-02-15 00:00:00,16.57
2016-02-15 01:00:00,16.0
2016-02-15 02:00:00,14.66
2016-02-15 03:00:00,13.14
2016-02-15 04:00:00,12.68
2016-02-15 05:00:00,14.65
2016-02-15 06:00:00,24.93
2016-02-15 07:00:00,35.87
2016-02-15 08:00:00,30.11
2016-02-15 09:00:00,34.57
2016-02-15 10:00:00,30.91
2016-02-15 11:00:00,29.93
2016-02-15 12:00:00,27.22
2016-02-15 13:00:00,25.39
2016-02-15 14:00:00,24.81
2016-02-15 15:00:00,24.4
2016-02-15 16:00:00,24.93
2016-02-15 17:00:00,28.45
2016-02-15 18:00:00,37.92
2016-02-15 19:00:00,39.49
2016-02-15 20:00:00,35.83
2016-02-15 21:00:00,29.43
2016-02-15 22:00:00,25.87
2016-02-15 23:00:00,25.89
2016-02-16 00:00:00,25.99
2016-02-16 01:00:00,23.65
2016-02-16 02:00:00,22.91
2016-02-16 03:00:00,22.04
2016-02-16 04:00:00,21.83
2016-02-16 05:00:00,22.74
2016-02-16 06:00:00,29.39
2016-02-16 07:00:00,40.43
2016-02-16 08:00:00,42.46
2016-02-16 09:00:00,42.42
2016-02-16 10:00:00,37.91
2016-02-16 11:00:00,35.72
2016-02-16 12:00:00,34.01
2016-02-16 13:00:00,32.77
2016-02-16 14:00:00,31.7
2016-02-16 15:00:00,32.09
2016-02-16 16:00:00,34.88
2016-02-16 17:00:00,39.81
2016-02-16 18:00:00,53.46
2016-02-16 19:00:00,51.73
2016-02-16 20:00:00,45.29
2016-02-16 21:00:00,28.28
2016-02-16 22:00:00,26.26
2016-02-16 23:00:00,22.96
2016-02-17 00:00:00,26.34
2016-02-17 01:00:00,22.83
2016-02-17 02:00:00,25.0
2016-02-17 03:00:00,24.0
2016-02-17 04:00:00,23.22
2016-02-17 05:00:00,24.0
2016-02-17 06:00:00,29.64
2016-02-17 07:00:00,35.01
2016-02-17 08:00:00,39.75
2016-02-17 09:00:00,45.56
2016-02-17 10:00:00,44.32
2016-02-17 11:00:00,41.03
2016-02-17 12:00:00,38.55
2016-02-17 13:00:00,38.66
2016-02-17 14:00:00,38.76
2016-02-17 15:00:00,37.3
2016-02-17 16:00:00,37.88
2016-02-17 17:00:00,41.15
2016-02-17 18:00:00,49.66
2016-02-17 19:00:00,53.94
2016-02-17 20:00:00,44.14
2016-02-17 21:00:00,38.58
2016-02-17 22:00:00,35.78
2016-02-17 23:00:00,33.8
2016-02-18 00:00:00,28.16
2016-02-18 01:00:00,24.59
2016-02-18 02:00:00,25.43
2016-02-18 03:00:00,20.91
2016-02-18 04:00:00,19.89
2016-02-18 05:00:00,21.8
2016-02-18 06:00:00,31.02
2016-02-18 07:00:00,42.17
2016-02-18 08:00:00,44.86
2016-02-18 09:00:00,45.73
2016-02-18 10:00:00,44.21
2016-02-18 11:00:00,41.01
2016-02-18 12:00:00,37.77
2016-02-18 13:00:00,36.42
2016-02-18 14:00:00,36.49
2016-02-18 15:00:00,36.3
2016-02-18 16:00:00,38.19
2016-02-18 17:00:00,40.5
2016-02-18 18:00:00,52.38
2016-02-18 19:00:00,48.74
2016-02-18 20:00:00,43.75
2016-02-18 21:00:00,37.72
2016-02-18 22:00:00,34.53
2016-02-18 23:00:00,32.82
2016-02-19 00:00:00,29.86
2016-02-19 01:00:00,26.15
2016-02-19 02:00:00,25.56
2016-02-19 03:00:00,22.19
2016-02-19 04:00:00,22.37
2016-02-19 05:00:00,26.06
2016-02-19 06:00:00,31.81
2016-02-19 07:00:00,42.21
2016-02-19 08:00:00,44.62
2016-02-19 09:00:00,44.47
2016-02-19 10:00:00,43.09
2016-02-19 11:00:00,41.3
2016-02-19 12:00:00,31.86
2016-02-19 13:00:00,30.0
2016-02-19 14:00:00,32.75
2016-02-19 15:00:00,28.79
2016-02-19 16:00:00,26.36
2016-02-19 17:00:00,30.04
2016-02-19 18:00:00,32.54
2016-02-19 19:00:00,33.0
2016-02-19 20:00:00,29.4
2016-02-19 21:00:00,27.96
2016-02-19 22:00:00,23.38
2016-02-19 23:00:00,21.09
2016-02-20 00:00:00,18.3
2016-02-20 01:00:00,17.0
2016-02-20 02:00:00,12.99
2016-02-20 03:00:00,11.82
2016-02-20 04:00:00,12.03
2016-02-20 05:00:00,12.26
2016-02-20 06:00:00,9.54
2016-02-20 07:00:00,15.57
2016-02-20 08:00:00,17.8
2016-02-20 09:00:00,22.46
2016-02-20 10:00:00,23.45
2016-02-20 11:00:00,23.95
2016-02-20 12:00:00,23.32
2016-02-20 13:00:00,21.57
2016-02-20 14:00:00,22.43
2016-02-20 15:00:00,18.89
2016-02-20 16:00:00,18.31
2016-02-20 17:00:00,20.81
2016-02-20 18:00:00,24.87
2016-02-20 19:00:00,24.55
2016-02-20 20:00:00,20.67
2016-02-20 21:00:00,17.79
2016-02-20 22:00:00,18.58
2016-02-20 23:00:00,18.35
2016-02-21 00:00:00,11.32
2016-02-21 01:00:00,8.86
2016-02-21 02:00:00,8.05
2016-02-21 03:00:00,6.79
2016-02-21 04:00:00,5.13
2016-02-21 05:00:00,4.94
2016-02-21 06:00:00,4.94
2016-02-21 07:00:00,4.69
2016-02-21 08:00:00,8.91
2016-02-21 09:00:00,12.76
2016-02-21 10:00:00,14.38
2016-02-21 11:00:00,15.64
2016-02-21 12:00:00,15.6
2016-02-21 13:00:00,12.39
2016-02-21 14:00:00,7.78
2016-02-21 15:00:00,8.44
2016-02-21 16:00:00,10.02
2016-02-21 17:00:00,14.34
2016-02-21 18:00:00,19.01
2016-02-21 19:00:00,22.0
2016-02-21 20:00:00,19.08
2016-02-21 21:00:00,17.37
2016-02-21 22:00:00,17.51
2016-02-21 23:00:00,18.36
2016-02-22 00:00:00,7.72
2016-02-22 01:00:00,8.35
2016-02-22 02:00:00,7.15
2016-02-22 03:00:00,4.97
2016-02-22 04:00:00,5.39
2016-02-22 05:00:00,8.38
2016-02-22 06:00:00,18.05
2016-02-22 07:00:00,26.38
2016-02-22 08:00:00,27.92
2016-02-22 09:00:00,31.97
2016-02-22 10:00:00,32.96
2016-02-22 11:00:00,29.76
2016-02-22 12:00:00,27.53
2016-02-22 13:00:00,24.52
2016-02-22 14:00:00,23.98
2016-02-22 15:00:00,23.91
2016-02-22 16:00:00,23.92
2016-02-22 17:00:00,27.93
2016-02-22 18:00:00,40.13
2016-02-22 19:00:00,39.45
2016-02-22 20:00:00,29.37
2016-02-22 21:00:00,24.69
2016-02-22 22:00:00,25.08
2016-02-22 23:00:00,24.95
2016-02-23 00:00:00,27.45
2016-02-23 01:00:00,22.36
2016-02-23 02:00:00,21.12
2016-02-23 03:00:00,17.47
2016-02-23 04:00:00,17.83
2016-02-23 05:00:00,20.96
2016-02-23 06:00:00,27.32
2016-02-23 07:00:00,34.25
2016-02-23 08:00:00,37.14
2016-02-23 09:00:00,36.35
2016-02-23 10:00:00,35.66
2016-02-23 11:00:00,32.92
2016-02-23 12:00:00,34.9
2016-02-23 13:00:00,32.82
2016-02-23 14:00:00,31.54
2016-02-23 15:00:00,31.54
2016-02-23 16:00:00,31.57
2016-02-23 17:00:00,30.08
2016-02-23 18:00:00,36.75
2016-02-23 19:00:00,33.35
2016-02-23 20:00:00,32.8
2016-02-23 21:00:00,23.51
2016-02-23 22:00:00,28.81
2016-02-23 23:00:00,26.89
2016-02-24 00:00:00,23.99
2016-02-24 01:00:00,22.8
2016-02-24 02:00:00,22.17
2016-02-24 03:00:00,18.74
2016-02-24 04:00:00,18.07
2016-02-24 05:00:00,20.76
2016-02-24 06:00:00,24.39
2016-02-24 07:00:00,33.69
2016-02-24 08:00:00,37.02
2016-02-24 09:00:00,41.0
2016-02-24 10:00:00,34.02
2016-02-24 11:00:00,29.1
2016-02-24 12:00:00,23.8
2016-02-24 13:00:00,24.96
2016-02-24 14:00:00,25.0
2016-02-24 15:00:00,24.0
2016-02-24 16:00:00,27.49
2016-02-24 17:00:00,32.45
2016-02-24 18:00:00,39.56
2016-02-24 19:00:00,44.15
2016-02-24 20:00:00,38.09
2016-02-24 21:00:00,34.34
2016-02-24 22:00:00,31.8
2016-02-24 23:00:00,29.2
2016-02-25 00:00:00,24.04
2016-02-25 01:00:00,22.58
2016-02-25 02:00:00,21.26
2016-02-25 03:00:00,20.09
2016-02-25 04:00:00,19.94
2016-02-25 05:00:00,21.7
2016-02-25 06:00:00,27.19
2016-02-25 07:00:00,36.04
2016-02-25 08:00:00,38.29
2016-02-25 09:00:00,34.44
2016-02-25 10:00:00,32.12
2016-02-25 11:00:00,30.44
2016-02-25 12:00:00,27.68
2016-02-25 13:00:00,26.52
2016-02-25 14:00:00,25.0
2016-02-25 15:00:00,24.78
2016-02-25 16:00:00,25.39
2016-02-25 17:00:00,31.16
2016-02-25 18:00:00,39.91
2016-02-25 19:00:00,41.0
2016-02-25 20:00:00,40.7
2016-02-25 21:00:00,26.99
2016-02-25 22:00:00,26.65
2016-02-25 23:00:00,25.0
2016-02-26 00:00:00,25.44
2016-02-26 01:00:00,23.0
2016-02-26 02:00:00,21.11
2016-02-26 03:00:00,20.0
2016-02-26 04:00:00,21.02
2016-02-26 05:00:00,22.07
2016-02-26 06:00:00,27.35
2016-02-26 07:00:00,32.93
2016-02-26 08:00:00,36.08
2016-02-26 09:00:00,33.48
2016-02-26 10:00:00,32.6
2016-02-26 11:00:00,29.5
2016-02-26 12:00:00,27.57
2016-02-26 13:00:00,25.06
2016-02-26 14:00:00,24.0
2016-02-26 15:00:00,25.11
2016-02-26 16:00:00,26.94
2016-02-26 17:00:00,33.98
2016-02-26 18:00:00,39.94
2016-02-26 19:00:00,37.55
2016-02-26 20:00:00,31.18
2016-02-26 21:00:00,26.35
2016-02-26 22:00:00,26.86
2016-02-26 23:00:00,25.0
2016-02-27 00:00:00,26.94
2016-02-27 01:00:00,23.02
2016-02-27 02:00:00,21.77
2016-02-27 03:00:00,19.76
2016-02-27 04:00:00,19.83
2016-02-27 05:00:00,20.16
2016-02-27 06:00:00,21.18
2016-02-27 07:00:00,22.76
2016-02-27 08:00:00,25.71
2016-02-27 09:00:00,26.79
2016-02-27 10:00:00,24.9
2016-02-27 11:00:00,23.23
2016-02-27 12:00:00,22.03
2016-02-27 13:00:00,19.93
2016-02-27 14:00:00,19.68
2016-02-27 15:00:00,19.93
2016-02-27 16:00:00,20.21
2016-02-27 17:00:00,24.97
2016-02-27 18:00:00,32.04
2016-02-27 19:00:00,31.91
2016-02-27 20:00:00,25.72
2016-02-27 21:00:00,21.74
2016-02-27 22:00:00,23.1
2016-02-27 23:00:00,23.4
2016-02-28 00:00:00,19.9
2016-02-28 01:00:00,18.39
2016-02-28 02:00:00,18.01
2016-02-28 03:00:00,17.62
2016-02-28 04:00:00,17.31
2016-02-28 05:00:00,17.46
2016-02-28 06:00:00,17.51
2016-02-28 07:00:00,17.58
2016-02-28 08:00:00,17.9
2016-02-28 09:00:00,19.02
2016-02-28 10:00:00,19.01
2016-02-28 11:00:00,19.02
2016-02-28 12:00:00,16.6
2016-02-28 13:00:00,14.06
2016-02-28 14:00:00,12.45
2016-02-28 15:00:00,12.21
2016-02-28 16:00:00,13.26
2016-02-28 17:00:00,19.11
2016-02-28 18:00:00,24.6
2016-02-28 19:00:00,26.98
2016-02-28 20:00:00,21.81
2016-02-28 21:00:00,20.15
2016-02-28 22:00:00,20.44
2016-02-28 23:00:00,20.19
2016-02-29 00:00:00,22.86
2016-02-29 01:00:00,18.84
2016-02-29 02:00:00,17.6
2016-02-29 03:00:00,17.42
2016-02-29 04:00:00,17.01
2016-02-29 05:00:00,20.0
2016-02-29 06:00:00,28.23
2016-02-29 07:00:00,35.72
2016-02-29 08:00:00,34.0
2016-02-29 09:00:00,31.49
2016-02-29 10:00:00,30.63
2016-02-29 11:00:00,30.12
2016-02-29 12:00:00,27.69
2016-02-29 13:00:00,24.5
2016-02-29 14:00:00,22.76
2016-02-29 15:00:00,22.78
2016-02-29 16:00:00,23.4
2016-02-29 17:00:00,26.58
2016-02-29 18:00:00,34.03
2016-02-29 19:00:00,41.54
2016-02-29 20:00:00,38.62
2016-02-29 21:00:00,35.18
2016-02-29 22:00:00,32.51
2016-02-29 23:00:00,32.88
2016-03-01 00:00:00,25.45
2016-03-01 01:00:00,22.42
2016-03-01 02:00:00,24.44
2016-03-01 03:00:00,24.36
2016-03-01 04:00:00,25.0
2016-03-01 05:00:00,24.14
2016-03-01 06:00:00,34.1
2016-03-01 07:00:00,37.59
2016-03-01 08:00:00,40.94
2016-03-01 09:00:00,41.3
2016-03-01 10:00:00,38.55
2016-03-01 11:00:00,36.07
2016-03-01 12:00:00,33.24
2016-03-01 13:00:00,33.1
2016-03-01 14:00:00,30.0
2016-03-01 15:00:00,29.43
2016-03-01 16:00:00,26.3
2016-03-01 17:00:00,26.95
2016-03-01 18:00:00,31.63
2016-03-01 19:00:00,36.97
2016-03-01 20:00:00,35.95
2016-03-01 21:00:00,32.41
2016-03-01 22:00:00,29.61
2016-03-01 23:00:00,22.52
2016-03-02 00:00:00,24.51
2016-03-02 01:00:00,18.44
2016-03-02 02:00:00,14.59
2016-03-02 03:00:00,14.12
2016-03-02 04:00:00,14.36
2016-03-02 05:00:00,15.91
2016-03-02 06:00:00,21.45
2016-03-02 07:00:00,34.43
2016-03-02 08:00:00,30.07
2016-03-02 09:00:00,33.12
2016-03-02 10:00:00,29.88
2016-03-02 11:00:00,28.0
2016-03-02 12:00:00,27.43
2016-03-02 13:00:00,26.0
2016-03-02 14:00:00,25.92
2016-03-02 15:00:00,28.06
2016-03-02 16:00:00,28.56
2016-03-02 17:00:00,31.99
2016-03-02 18:00:00,40.0
2016-03-02 19:00:00,41.2
2016-03-02 20:00:00,31.0
2016-03-02 21:00:00,28.75
2016-03-02 22:00:00,28.04
2016-03-02 23:00:00,30.41
2016-03-03 00:00:00,21.53
2016-03-03 01:00:00,19.77
2016-03-03 02:00:00,18.64
2016-03-03 03:00:00,17.93
2016-03-03 04:00:00,18.26
2016-03-03 05:00:00,19.38
2016-03-03 06:00:00,24.58
2016-03-03 07:00:00,31.02
2016-03-03 08:00:00,31.04
2016-03-03 09:00:00,31.81
2016-03-03 10:00:00,32.23
2016-03-03 11:00:00,31.94
2016-03-03 12:00:00,31.45
2016-03-03 13:00:00,30.53
2016-03-03 14:00:00,30.06
2016-03-03 15:00:00,30.97
2016-03-03 16:00:00,30.96
2016-03-03 17:00:00,32.85
2016-03-03 18:00:00,42.71
2016-03-03 19:00:00,42.92
2016-03-03 20:00:00,37.07
2016-03-03 21:00:00,32.69
2016-03-03 22:00:00,32.03
2016-03-03 23:00:00,29.12
2016-03-04 00:00:00,26.92
2016-03-04 01:00:00,24.1
2016-03-04 02:00:00,21.25
2016-03-04 03:00:00,19.19
2016-03-04 04:00:00,18.99
2016-03-04 05:00:00,20.18
2016-03-04 06:00:00,26.92
2016-03-04 07:00:00,31.73
2016-03-04 08:00:00,33.97
2016-03-04 09:00:00,33.17
2016-03-04 10:00:00,32.05
2016-03-04 11:00:00,37.11
2016-03-04 12:00:00,33.94
2016-03-04 13:00:00,32.52
2016-03-04 14:00:00,34.16
2016-03-04 15:00:00,30.0
2016-03-04 16:00:00,29.79
2016-03-04 17:00:00,31.24
2016-03-04 18:00:00,33.99
2016-03-04 19:00:00,38.57
2016-03-04 20:00:00,37.44
2016-03-04 21:00:00,33.95
2016-03-04 22:00:00,33.94
2016-03-04 23:00:00,28.96
2016-03-05 00:00:00,33.04
2016-03-05 01:00:00,24.35
2016-03-05 02:00:00,19.68
2016-03-05 03:00:00,18.96
2016-03-05 04:00:00,18.88
2016-03-05 05:00:00,19.01
2016-03-05 06:00:00,19.16
2016-03-05 07:00:00,20.75
2016-03-05 08:00:00,24.55
2016-03-05 09:00:00,27.22
2016-03-05 10:00:00,32.18
2016-03-05 11:00:00,25.93
2016-03-05 12:00:00,24.93
2016-03-05 13:00:00,23.49
2016-03-05 14:00:00,21.29
2016-03-05 15:00:00,20.57
2016-03-05 16:00:00,21.25
2016-03-05 17:00:00,25.92
2016-03-05 18:00:00,34.02
2016-03-05 19:00:00,35.0
2016-03-05 20:00:00,27.86
2016-03-05 21:00:00,24.44
2016-03-05 22:00:00,25.18
2016-03-05 23:00:00,25.12
2016-03-06 00:00:00,20.69
2016-03-06 01:00:00,19.94
2016-03-06 02:00:00,19.13
2016-03-06 03:00:00,18.69
2016-03-06 04:00:00,18.58
2016-03-06 05:00:00,18.83
2016-03-06 06:00:00,18.65
2016-03-06 07:00:00,18.78
2016-03-06 08:00:00,19.28
2016-03-06 09:00:00,19.99
2016-03-06 10:00:00,20.26
2016-03-06 11:00:00,20.51
2016-03-06 12:00:00,20.04
2016-03-06 13:00:00,19.14
2016-03-06 14:00:00,18.24
2016-03-06 15:00:00,18.23
2016-03-06 16:00:00,18.73
2016-03-06 17:00:00,20.57
2016-03-06 18:00:00,28.93
2016-03-06 19:00:00,31.62
2016-03-06 20:00:00,29.17
2016-03-06 21:00:00,26.1
2016-03-06 22:00:00,27.44
2016-03-06 23:00:00,27.09
2016-03-07 00:00:00,25.45
2016-03-07 01:00:00,23.3
2016-03-07 02:00:00,22.23
2016-03-07 03:00:00,20.02
2016-03-07 04:00:00,20.44
2016-03-07 05:00:00,21.87
2016-03-07 06:00:00,34.08
2016-03-07 07:00:00,39.5
2016-03-07 08:00:00,45.59
2016-03-07 09:00:00,43.16
2016-03-07 10:00:00,40.25
2016-03-07 11:00:00,38.08
2016-03-07 12:00:00,32.84
2016-03-07 13:00:00,29.29
2016-03-07 14:00:00,27.72
2016-03-07 15:00:00,27.1
2016-03-07 16:00:00,30.07
2016-03-07 17:00:00,34.47
2016-03-07 18:00:00,48.29
2016-03-07 19:00:00,49.3
2016-03-07 20:00:00,34.47
2016-03-07 21:00:00,31.26
2016-03-07 22:00:00,30.38
2016-03-07 23:00:00,24.5
2016-03-08 00:00:00,22.39
2016-03-08 01:00:00,22.91
2016-03-08 02:00:00,22.81
2016-03-08 03:00:00,22.0
2016-03-08 04:00:00,21.67
2016-03-08 05:00:00,22.7
2016-03-08 06:00:00,27.44
2016-03-08 07:00:00,37.73
2016-03-08 08:00:00,40.23
2016-03-08 09:00:00,37.46
2016-03-08 10:00:00,35.78
2016-03-08 11:00:00,32.69
2016-03-08 12:00:00,28.97
2016-03-08 13:00:00,33.59
2016-03-08 14:00:00,30.72
2016-03-08 15:00:00,30.84
2016-03-08 16:00:00,27.92
2016-03-08 17:00:00,33.1
2016-03-08 18:00:00,44.93
2016-03-08 19:00:00,45.51
2016-03-08 20:00:00,36.05
2016-03-08 21:00:00,27.57
2016-03-08 22:00:00,29.01
2016-03-08 23:00:00,27.69
2016-03-09 00:00:00,23.8
2016-03-09 01:00:00,22.63
2016-03-09 02:00:00,20.94
2016-03-09 03:00:00,20.08
2016-03-09 04:00:00,20.01
2016-03-09 05:00:00,21.14
2016-03-09 06:00:00,24.95
2016-03-09 07:00:00,31.92
2016-03-09 08:00:00,37.56
2016-03-09 09:00:00,32.51
2016-03-09 10:00:00,27.44
2016-03-09 11:00:00,24.84
2016-03-09 12:00:00,23.93
2016-03-09 13:00:00,24.58
2016-03-09 14:00:00,23.21
2016-03-09 15:00:00,24.21
2016-03-09 16:00:00,24.83
2016-03-09 17:00:00,33.0
2016-03-09 18:00:00,38.77
2016-03-09 19:00:00,48.73
2016-03-09 20:00:00,29.81
2016-03-09 21:00:00,25.8
2016-03-09 22:00:00,27.51
2016-03-09 23:00:00,25.91
2016-03-10 00:00:00,32.97
2016-03-10 01:00:00,27.08
2016-03-10 02:00:00,27.28
2016-03-10 03:00:00,24.75
2016-03-10 04:00:00,24.26
2016-03-10 05:00:00,25.11
2016-03-10 06:00:00,28.48
2016-03-10 07:00:00,35.44
2016-03-10 08:00:00,45.4
2016-03-10 09:00:00,44.34
2016-03-10 10:00:00,37.99
2016-03-10 11:00:00,35.53
2016-03-10 12:00:00,26.35
2016-03-10 13:00:00,25.0
2016-03-10 14:00:00,25.0
2016-03-10 15:00:00,24.89
2016-03-10 16:00:00,25.03
2016-03-10 17:00:00,29.95
2016-03-10 18:00:00,35.49
2016-03-10 19:00:00,44.96
2016-03-10 20:00:00,36.29
2016-03-10 21:00:00,30.87
2016-03-10 22:00:00,28.28
2016-03-10 23:00:00,30.96
2016-03-11 00:00:00,28.73
2016-03-11 01:00:00,26.75
2016-03-11 02:00:00,24.07
2016-03-11 03:00:00,22.29
2016-03-11 04:00:00,21.75
2016-03-11 05:00:00,25.29
2016-03-11 06:00:00,29.95
2016-03-11 07:00:00,35.73
2016-03-11 08:00:00,38.34
2016-03-11 09:00:00,36.69
2016-03-11 10:00:00,32.91
2016-03-11 11:00:00,32.1
2016-03-11 12:00:00,31.2
2016-03-11 13:00:00,27.03
2016-03-11 14:00:00,25.01
2016-03-11 15:00:00,24.92
2016-03-11 16:00:00,24.88
2016-03-11 17:00:00,27.9
2016-03-11 18:00:00,32.55
2016-03-11 19:00:00,35.69
2016-03-11 20:00:00,34.87
2016-03-11 21:00:00,27.15
2016-03-11 22:00:00,31.53
2016-03-11 23:00:00,32.55
2016-03-12 00:00:00,29.01
2016-03-12 01:00:00,26.1
2016-03-12 02:00:00,25.69
2016-03-12 03:00:00,24.5
2016-03-12 04:00:00,23.26
2016-03-12 05:00:00,24.5
2016-03-12 06:00:00,25.45
2016-03-12 07:00:00,25.51
2016-03-12 08:00:00,28.91
2016-03-12 09:00:00,30.09
2016-03-12 10:00:00,29.26
2016-03-12 11:00:00,28.44
2016-03-12 12:00:00,27.6
2016-03-12 13:00:00,25.01
2016-03-12 14:00:00,23.38
2016-03-12 15:00:00,22.96
2016-03-12 16:00:00,23.67
2016-03-12 17:00:00,27.07
2016-03-12 18:00:00,34.09
2016-03-12 19:00:00,36.97
2016-03-12 20:00:00,35.0
2016-03-12 21:00:00,30.17
2016-03-12 22:00:00,30.91
2016-03-12 23:00:00,30.0
2016-03-13 00:00:00,26.51
2016-03-13 01:00:00,22.84
2016-03-13 02:00:00,21.67
2016-03-13 03:00:00,21.05
2016-03-13 04:00:00,21.12
2016-03-13 05:00:00,21.17
2016-03-13 06:00:00,21.11
2016-03-13 07:00:00,21.08
2016-03-13 08:00:00,21.31
2016-03-13 09:00:00,21.69
2016-03-13 10:00:00,21.73
2016-03-13 11:00:00,21.69
2016-03-13 12:00:00,21.07
2016-03-13 13:00:00,19.4
2016-03-13 14:00:00,15.56
2016-03-13 15:00:00,14.5
2016-03-13 16:00:00,15.26
2016-03-13 17:00:00,20.19
2016-03-13 18:00:00,26.08
2016-03-13 19:00:00,33.55
2016-03-13 20:00:00,31.05
2016-03-13 21:00:00,27.24
2016-03-13 22:00:00,28.93
2016-03-13 23:00:00,26.63
2016-03-14 00:00:00,23.28
2016-03-14 01:00:00,20.7
2016-03-14 02:00:00,20.22
2016-03-14 03:00:00,19.99
2016-03-14 04:00:00,20.36
2016-03-14 05:00:00,23.56
2016-03-14 06:00:00,31.57
2016-03-14 07:00:00,35.43
2016-03-14 08:00:00,35.81
2016-03-14 09:00:00,31.75
2016-03-14 10:00:00,28.82
2016-03-14 11:00:00,24.33
2016-03-14 12:00:00,23.31
2016-03-14 13:00:00,22.84
2016-03-14 14:00:00,22.55
2016-03-14 15:00:00,23.04
2016-03-14 16:00:00,24.8
2016-03-14 17:00:00,29.27
2016-03-14 18:00:00,39.48
2016-03-14 19:00:00,47.92
2016-03-14 20:00:00,34.32
2016-03-14 21:00:00,29.48
2016-03-14 22:00:00,26.37
2016-03-14 23:00:00,28.94
2016-03-15 00:00:00,25.74
2016-03-15 01:00:00,22.41
2016-03-15 02:00:00,21.17
2016-03-15 03:00:00,20.74
2016-03-15 04:00:00,20.91
2016-03-15 05:00:00,25.47
2016-03-15 06:00:00,35.07
2016-03-15 07:00:00,40.74
2016-03-15 08:00:00,42.71
2016-03-15 09:00:00,43.59
2016-03-15 10:00:00,36.09
2016-03-15 11:00:00,34.31
2016-03-15 12:00:00,30.93
2016-03-15 13:00:00,27.44
2016-03-15 14:00:00,24.78
2016-03-15 15:00:00,23.71
2016-03-15 16:00:00,23.3
2016-03-15 17:00:00,25.45
2016-03-15 18:00:00,31.91
2016-03-15 19:00:00,35.39
2016-03-15 20:00:00,33.69
2016-03-15 21:00:00,26.87
2016-03-15 22:00:00,33.76
2016-03-15 23:00:00,24.39
2016-03-16 00:00:00,24.11
2016-03-16 01:00:00,23.7
2016-03-16 02:00:00,23.14
2016-03-16 03:00:00,20.06
2016-03-16 04:00:00,20.49
2016-03-16 05:00:00,23.23
2016-03-16 06:00:00,29.81
2016-03-16 07:00:00,34.9
2016-03-16 08:00:00,35.26
2016-03-16 09:00:00,35.81
2016-03-16 10:00:00,34.11
2016-03-16 11:00:00,29.23
2016-03-16 12:00:00,25.16
2016-03-16 13:00:00,25.49
2016-03-16 14:00:00,22.43
2016-03-16 15:00:00,22.44
2016-03-16 16:00:00,24.58
2016-03-16 17:00:00,29.92
2016-03-16 18:00:00,35.6
2016-03-16 19:00:00,41.27
2016-03-16 20:00:00,34.73
2016-03-16 21:00:00,31.0
2016-03-16 22:00:00,32.06
2016-03-16 23:00:00,28.8
2016-03-17 00:00:00,23.08
2016-03-17 01:00:00,22.56
2016-03-17 02:00:00,23.65
2016-03-17 03:00:00,22.67
2016-03-17 04:00:00,23.23
2016-03-17 05:00:00,25.06
2016-03-17 06:00:00,33.9
2016-03-17 07:00:00,38.16
2016-03-17 08:00:00,40.46
2016-03-17 09:00:00,34.72
2016-03-17 10:00:00,32.76
2016-03-17 11:00:00,27.68
2016-03-17 12:00:00,23.39
2016-03-17 13:00:00,23.33
2016-03-17 14:00:00,22.69
2016-03-17 15:00:00,26.08
2016-03-17 16:00:00,25.85
2016-03-17 17:00:00,31.92
2016-03-17 18:00:00,38.81
2016-03-17 19:00:00,46.69
2016-03-17 20:00:00,37.76
2016-03-17 21:00:00,30.98
2016-03-17 22:00:00,33.71
2016-03-17 23:00:00,33.03
2016-03-18 00:00:00,35.13
2016-03-18 01:00:00,30.43
2016-03-18 02:00:00,27.37
2016-03-18 03:00:00,26.32
2016-03-18 04:00:00,25.84
2016-03-18 05:00:00,28.42
2016-03-18 06:00:00,35.47
2016-03-18 07:00:00,39.07
2016-03-18 08:00:00,44.2
2016-03-18 09:00:00,39.78
2016-03-18 10:00:00,37.24
2016-03-18 11:00:00,36.29
2016-03-18 12:00:00,31.31
2016-03-18 13:00:00,27.53
2016-03-18 14:00:00,25.38
2016-03-18 15:00:00,23.46
2016-03-18 16:00:00,24.42
2016-03-18 17:00:00,27.82
2016-03-18 18:00:00,33.99
2016-03-18 19:00:00,39.3
2016-03-18 20:00:00,33.91
2016-03-18 21:00:00,27.09
2016-03-18 22:00:00,26.92
2016-03-18 23:00:00,29.38
2016-03-19 00:00:00,35.0
2016-03-19 01:00:00,30.73
2016-03-19 02:00:00,29.59
2016-03-19 03:00:00,24.43
2016-03-19 04:00:00,23.59
2016-03-19 05:00:00,24.59
2016-03-19 06:00:00,29.37
2016-03-19 07:00:00,29.77
2016-03-19 08:00:00,29.38
2016-03-19 09:00:00,28.58
2016-03-19 10:00:00,26.96
2016-03-19 11:00:00,25.08
2016-03-19 12:00:00,28.29
2016-03-19 13:00:00,24.65
2016-03-19 14:00:00,21.26
2016-03-19 15:00:00,20.93
2016-03-19 16:00:00,21.3
2016-03-19 17:00:00,24.0
2016-03-19 18:00:00,31.21
2016-03-19 19:00:00,35.42
2016-03-19 20:00:00,32.59
2016-03-19 21:00:00,24.84
2016-03-19 22:00:00,26.38
2016-03-19 23:00:00,28.78
2016-03-20 00:00:00,27.66
2016-03-20 01:00:00,23.97
2016-03-20 02:00:00,20.82
2016-03-20 03:00:00,20.4
2016-03-20 04:00:00,20.0
2016-03-20 05:00:00,20.07
2016-03-20 06:00:00,19.75
2016-03-20 07:00:00,19.19
2016-03-20 08:00:00,18.94
2016-03-20 09:00:00,19.18
2016-03-20 10:00:00,21.03
2016-03-20 11:00:00,21.6
2016-03-20 12:00:00,22.7
2016-03-20 13:00:00,15.99
2016-03-20 14:00:00,15.14
2016-03-20 15:00:00,15.18
2016-03-20 16:00:00,15.29
2016-03-20 17:00:00,20.48
2016-03-20 18:00:00,25.14
2016-03-20 19:00:00,36.6
2016-03-20 20:00:00,34.62
2016-03-20 21:00:00,31.39
2016-03-20 22:00:00,31.39
2016-03-20 23:00:00,33.68
2016-03-21 00:00:00,27.6
2016-03-21 01:00:00,25.99
2016-03-21 02:00:00,24.98
2016-03-21 03:00:00,21.0
2016-03-21 04:00:00,21.62
2016-03-21 05:00:00,25.65
2016-03-21 06:00:00,32.01
2016-03-21 07:00:00,37.64
2016-03-21 08:00:00,38.11
2016-03-21 09:00:00,38.75
2016-03-21 10:00:00,36.9
2016-03-21 11:00:00,35.78
2016-03-21 12:00:00,31.89
2016-03-21 13:00:00,31.84
2016-03-21 14:00:00,32.25
2016-03-21 15:00:00,27.76
2016-03-21 16:00:00,26.17
2016-03-21 17:00:00,29.61
2016-03-21 18:00:00,34.05
2016-03-21 19:00:00,39.76
2016-03-21 20:00:00,36.61
2016-03-21 21:00:00,33.41
2016-03-21 22:00:00,34.55
2016-03-21 23:00:00,31.82
2016-03-22 00:00:00,30.95
2016-03-22 01:00:00,27.41
2016-03-22 02:00:00,27.12
2016-03-22 03:00:00,26.45
2016-03-22 04:00:00,25.34
2016-03-22 05:00:00,27.17
2016-03-22 06:00:00,32.32
2016-03-22 07:00:00,36.36
2016-03-22 08:00:00,37.94
2016-03-22 09:00:00,37.29
2016-03-22 10:00:00,36.04
2016-03-22 11:00:00,34.87
2016-03-22 12:00:00,32.12
2016-03-22 13:00:00,31.53
2016-03-22 14:00:00,30.52
2016-03-22 15:00:00,29.29
2016-03-22 16:00:00,30.08
2016-03-22 17:00:00,34.01
2016-03-22 18:00:00,36.73
2016-03-22 19:00:00,40.64
2016-03-22 20:00:00,38.1
2016-03-22 21:00:00,33.05
2016-03-22 22:00:00,33.08
2016-03-22 23:00:00,31.23
2016-03-23 00:00:00,29.81
2016-03-23 01:00:00,27.81
2016-03-23 02:00:00,25.03
2016-03-23 03:00:00,22.97
2016-03-23 04:00:00,22.34
2016-03-23 05:00:00,24.41
2016-03-23 06:00:00,28.94
2016-03-23 07:00:00,36.09
2016-03-23 08:00:00,36.51
2016-03-23 09:00:00,35.0
2016-03-23 10:00:00,33.25
2016-03-23 11:00:00,32.19
2016-03-23 12:00:00,31.6
2016-03-23 13:00:00,29.51
2016-03-23 14:00:00,26.68
2016-03-23 15:00:00,24.64
2016-03-23 16:00:00,24.18
2016-03-23 17:00:00,28.0
2016-03-23 18:00:00,32.44
2016-03-23 19:00:00,37.16
2016-03-23 20:00:00,36.66
2016-03-23 21:00:00,32.84
2016-03-23 22:00:00,31.93
2016-03-23 23:00:00,30.02
2016-03-24 00:00:00,24.86
2016-03-24 01:00:00,23.04
2016-03-24 02:00:00,22.12
2016-03-24 03:00:00,21.38
2016-03-24 04:00:00,21.75
2016-03-24 05:00:00,23.08
2016-03-24 06:00:00,31.49
2016-03-24 07:00:00,35.0
2016-03-24 08:00:00,34.94
2016-03-24 09:00:00,32.4
2016-03-24 10:00:00,31.69
2016-03-24 11:00:00,31.0
2016-03-24 12:00:00,28.62
2016-03-24 13:00:00,27.27
2016-03-24 14:00:00,26.5
2016-03-24 15:00:00,25.35
2016-03-24 16:00:00,26.6
2016-03-24 17:00:00,30.0
2016-03-24 18:00:00,32.47
2016-03-24 19:00:00,35.18
2016-03-24 20:00:00,33.97
2016-03-24 21:00:00,32.29
2016-03-24 22:00:00,31.59
2016-03-24 23:00:00,28.24
2016-03-25 00:00:00,25.0
2016-03-25 01:00:00,20.95
2016-03-25 02:00:00,20.92
2016-03-25 03:00:00,20.0
2016-03-25 04:00:00,20.01
2016-03-25 05:00:00,20.3
2016-03-25 06:00:00,23.31
2016-03-25 07:00:00,29.64
2016-03-25 08:00:00,27.44
2016-03-25 09:00:00,27.44
2016-03-25 10:00:00,27.26
2016-03-25 11:00:00,28.91
2016-03-25 12:00:00,27.87
2016-03-25 13:00:00,27.06
2016-03-25 14:00:00,26.01
2016-03-25 15:00:00,24.44
2016-03-25 16:00:00,23.5
2016-03-25 17:00:00,26.1
2016-03-25 18:00:00,29.44
2016-03-25 19:00:00,33.08
2016-03-25 20:00:00,32.95
2016-03-25 21:00:00,31.48
2016-03-25 22:00:00,31.74
2016-03-25 23:00:00,30.0
2016-03-26 00:00:00,29.74
2016-03-26 01:00:00,24.29
2016-03-26 02:00:00,21.11
2016-03-26 03:00:00,20.0
2016-03-26 04:00:00,20.0
2016-03-26 05:00:00,20.01
2016-03-26 06:00:00,20.01
2016-03-26 07:00:00,21.69
2016-03-26 08:00:00,22.49
2016-03-26 09:00:00,24.0
2016-03-26 10:00:00,21.6
2016-03-26 11:00:00,19.97
2016-03-26 12:00:00,19.06
2016-03-26 13:00:00,18.07
2016-03-26 14:00:00,16.28
2016-03-26 15:00:00,10.59
2016-03-26 16:00:00,10.54
2016-03-26 17:00:00,19.39
2016-03-26 18:00:00,21.32
2016-03-26 19:00:00,22.12
2016-03-26 20:00:00,20.75
2016-03-26 21:00:00,18.35
2016-03-26 22:00:00,18.11
2016-03-26 23:00:00,15.71
2016-03-27 00:00:00,7.33
2016-03-27 01:00:00,9.16
2016-03-27 03:00:00,9.67
2016-03-27 04:00:00,8.19
2016-03-27 05:00:00,8.0
2016-03-27 06:00:00,10.36
2016-03-27 07:00:00,9.66
2016-03-27 08:00:00,9.14
2016-03-27 09:00:00,14.29
2016-03-27 10:00:00,13.04
2016-03-27 11:00:00,13.18
2016-03-27 12:00:00,12.91
2016-03-27 13:00:00,9.19
2016-03-27 14:00:00,6.49
2016-03-27 15:00:00,4.39
2016-03-27 16:00:00,3.91
2016-03-27 17:00:00,-0.59
2016-03-27 18:00:00,14.94
2016-03-27 19:00:00,19.26
2016-03-27 20:00:00,22.86
2016-03-27 21:00:00,20.36
2016-03-27 22:00:00,19.98
2016-03-27 23:00:00,18.5
2016-03-28 00:00:00,12.88
2016-03-28 01:00:00,8.28
2016-03-28 02:00:00,7.43
2016-03-28 03:00:00,6.5
2016-03-28 04:00:00,5.27
2016-03-28 05:00:00,6.28
2016-03-28 06:00:00,5.86
2016-03-28 07:00:00,7.74
2016-03-28 08:00:00,9.27
2016-03-28 09:00:00,13.96
2016-03-28 10:00:00,12.31
2016-03-28 11:00:00,15.38
2016-03-28 12:00:00,18.12
2016-03-28 13:00:00,7.71
2016-03-28 14:00:00,6.99
2016-03-28 15:00:00,11.53
2016-03-28 16:00:00,12.2
2016-03-28 17:00:00,12.88
2016-03-28 18:00:00,11.02
2016-03-28 19:00:00,18.23
2016-03-28 20:00:00,18.01
2016-03-28 21:00:00,21.45
2016-03-28 22:00:00,17.36
2016-03-28 23:00:00,17.11
2016-03-29 00:00:00,16.34
2016-03-29 01:00:00,14.36
2016-03-29 02:00:00,12.85
2016-03-29 03:00:00,10.93
2016-03-29 04:00:00,8.3
2016-03-29 05:00:00,13.49
2016-03-29 06:00:00,25.35
2016-03-29 07:00:00,33.88
2016-03-29 08:00:00,37.69
2016-03-29 09:00:00,37.89
2016-03-29 10:00:00,35.49
2016-03-29 11:00:00,31.59
2016-03-29 12:00:00,30.0
2016-03-29 13:00:00,30.2
2016-03-29 14:00:00,29.81
2016-03-29 15:00:00,30.06
2016-03-29 16:00:00,29.43
2016-03-29 17:00:00,26.79
2016-03-29 18:00:00,30.5
2016-03-29 19:00:00,35.79
2016-03-29 20:00:00,39.54
2016-03-29 21:00:00,32.64
2016-03-29 22:00:00,30.67
2016-03-29 23:00:00,28.95
2016-03-30 00:00:00,24.9
2016-03-30 01:00:00,22.0
2016-03-30 02:00:00,20.87
2016-03-30 03:00:00,19.92
2016-03-30 04:00:00,20.18
2016-03-30 05:00:00,21.65
2016-03-30 06:00:00,29.6
2016-03-30 07:00:00,32.15
2016-03-30 08:00:00,37.73
2016-03-30 09:00:00,38.08
2016-03-30 10:00:00,35.59
2016-03-30 11:00:00,33.93
2016-03-30 12:00:00,25.66
2016-03-30 13:00:00,30.31
2016-03-30 14:00:00,28.17
2016-03-30 15:00:00,26.58
2016-03-30 16:00:00,25.64
2016-03-30 17:00:00,29.04
2016-03-30 18:00:00,31.9
2016-03-30 19:00:00,37.44
2016-03-30 20:00:00,37.0
2016-03-30 21:00:00,35.92
2016-03-30 22:00:00,31.61
2016-03-30 23:00:00,28.67
2016-03-31 00:00:00,23.34
2016-03-31 01:00:00,22.27
2016-03-31 02:00:00,21.5
2016-03-31 03:00:00,21.11
2016-03-31 04:00:00,21.29
2016-03-31 05:00:00,22.86
2016-03-31 06:00:00,29.08
2016-03-31 07:00:00,36.09
2016-03-31 08:00:00,40.96
2016-03-31 09:00:00,36.46
2016-03-31 10:00:00,34.64
2016-03-31 11:00:00,33.95
2016-03-31 12:00:00,30.03
2016-03-31 13:00:00,30.03
2016-03-31 14:00:00,27.92
2016-03-31 15:00:00,25.12
2016-03-31 16:00:00,24.73
2016-03-31 17:00:00,24.93
2016-03-31 18:00:00,27.44
2016-03-31 19:00:00,31.07
2016-03-31 20:00:00,31.99
2016-03-31 21:00:00,27.82
2016-03-31 22:00:00,26.6
2016-03-31 23:00:00,24.01
2016-04-01 00:00:00,23.25
2016-04-01 01:00:00,20.98
2016-04-01 02:00:00,21.19
2016-04-01 03:00:00,20.64
2016-04-01 04:00:00,21.13
2016-04-01 05:00:00,21.78
2016-04-01 06:00:00,29.73
2016-04-01 07:00:00,36.5
2016-04-01 08:00:00,40.44
2016-04-01 09:00:00,38.1
2016-04-01 10:00:00,36.86
2016-04-01 11:00:00,36.04
2016-04-01 12:00:00,34.45
2016-04-01 13:00:00,33.29
2016-04-01 14:00:00,30.87
2016-04-01 15:00:00,23.0
2016-04-01 16:00:00,27.47
2016-04-01 17:00:00,31.73
2016-04-01 18:00:00,33.03
2016-04-01 19:00:00,33.36
2016-04-01 20:00:00,35.14
2016-04-01 21:00:00,35.19
2016-04-01 22:00:00,34.9
2016-04-01 23:00:00,32.13
2016-04-02 00:00:00,24.12
2016-04-02 01:00:00,21.31
2016-04-02 02:00:00,21.28
2016-04-02 03:00:00,19.84
2016-04-02 04:00:00,19.91
2016-04-02 05:00:00,20.09
2016-04-02 06:00:00,20.65
2016-04-02 07:00:00,22.29
2016-04-02 08:00:00,30.6
2016-04-02 09:00:00,28.72
2016-04-02 10:00:00,29.0
2016-04-02 11:00:00,20.41
2016-04-02 12:00:00,20.24
2016-04-02 13:00:00,18.09
2016-04-02 14:00:00,15.58
2016-04-02 15:00:00,16.94
2016-04-02 16:00:00,18.73
2016-04-02 17:00:00,20.12
2016-04-02 18:00:00,23.41
2016-04-02 19:00:00,28.2
2016-04-02 20:00:00,30.43
2016-04-02 21:00:00,30.1
2016-04-02 22:00:00,26.79
2016-04-02 23:00:00,23.14
2016-04-03 00:00:00,19.59
2016-04-03 01:00:00,18.07
2016-04-03 02:00:00,17.5
2016-04-03 03:00:00,14.7
2016-04-03 04:00:00,13.08
2016-04-03 05:00:00,12.4
2016-04-03 06:00:00,13.32
2016-04-03 07:00:00,14.6
2016-04-03 08:00:00,17.48
2016-04-03 09:00:00,18.22
2016-04-03 10:00:00,17.36
2016-04-03 11:00:00,17.22
2016-04-03 12:00:00,17.76
2016-04-03 13:00:00,12.0
2016-04-03 14:00:00,5.26
2016-04-03 15:00:00,2.46
2016-04-03 16:00:00,0.45
2016-04-03 17:00:00,4.72
2016-04-03 18:00:00,8.4
2016-04-03 19:00:00,19.62
2016-04-03 20:00:00,18.42
2016-04-03 21:00:00,25.01
2016-04-03 22:00:00,24.32
2016-04-03 23:00:00,20.9
2016-04-04 00:00:00,21.0
2016-04-04 01:00:00,19.59
2016-04-04 02:00:00,19.15
2016-04-04 03:00:00,18.75
2016-04-04 04:00:00,18.72
2016-04-04 05:00:00,20.39
2016-04-04 06:00:00,29.1
2016-04-04 07:00:00,34.19
2016-04-04 08:00:00,35.42
2016-04-04 09:00:00,32.08
2016-04-04 10:00:00,29.62
2016-04-04 11:00:00,25.1
2016-04-04 12:00:00,21.98
2016-04-04 13:00:00,22.66
2016-04-04 14:00:00,22.07
2016-04-04 15:00:00,29.28
2016-04-04 16:00:00,27.57
2016-04-04 17:00:00,29.25
2016-04-04 18:00:00,32.96
2016-04-04 19:00:00,35.05
2016-04-04 20:00:00,36.1
2016-04-04 21:00:00,35.6
2016-04-04 22:00:00,30.3
2016-04-04 23:00:00,25.96
2016-04-05 00:00:00,21.39
2016-04-05 01:00:00,20.8
2016-04-05 02:00:00,20.76
2016-04-05 03:00:00,20.31
2016-04-05 04:00:00,20.34
2016-04-05 05:00:00,21.79
2016-04-05 06:00:00,27.84
2016-04-05 07:00:00,32.76
2016-04-05 08:00:00,35.18
2016-04-05 09:00:00,34.92
2016-04-05 10:00:00,34.1
2016-04-05 11:00:00,32.93
2016-04-05 12:00:00,29.52
2016-04-05 13:00:00,26.58
2016-04-05 14:00:00,24.74
2016-04-05 15:00:00,24.19
2016-04-05 16:00:00,23.96
2016-04-05 17:00:00,27.05
2016-04-05 18:00:00,29.79
2016-04-05 19:00:00,30.66
2016-04-05 20:00:00,30.04
2016-04-05 21:00:00,28.0
2016-04-05 22:00:00,25.32
2016-04-05 23:00:00,21.97
2016-04-06 00:00:00,20.0
2016-04-06 01:00:00,18.99
2016-04-06 02:00:00,19.06
2016-04-06 03:00:00,18.95
2016-04-06 04:00:00,19.02
2016-04-06 05:00:00,20.0
2016-04-06 06:00:00,25.75
2016-04-06 07:00:00,32.97
2016-04-06 08:00:00,31.36
2016-04-06 09:00:00,35.5
2016-04-06 10:00:00,31.02
2016-04-06 11:00:00,31.43
2016-04-06 12:00:00,21.96
2016-04-06 13:00:00,26.73
2016-04-06 14:00:00,24.86
2016-04-06 15:00:00,23.33
2016-04-06 16:00:00,21.86
2016-04-06 17:00:00,21.68
2016-04-06 18:00:00,23.7
2016-04-06 19:00:00,26.71
2016-04-06 20:00:00,28.26
2016-04-06 21:00:00,28.3
2016-04-06 22:00:00,29.09
2016-04-06 23:00:00,23.15
2016-04-07 00:00:00,15.94
2016-04-07 01:00:00,16.0
2016-04-07 02:00:00,14.11
2016-04-07 03:00:00,13.22
2016-04-07 04:00:00,13.49
2016-04-07 05:00:00,17.37
2016-04-07 06:00:00,22.62
2016-04-07 07:00:00,28.4
2016-04-07 08:00:00,31.31
2016-04-07 09:00:00,29.75
2016-04-07 10:00:00,28.11
2016-04-07 11:00:00,26.66
2016-04-07 12:00:00,28.28
2016-04-07 13:00:00,26.02
2016-04-07 14:00:00,22.57
2016-04-07 15:00:00,21.86
2016-04-07 16:00:00,21.94
2016-04-07 17:00:00,22.73
2016-04-07 18:00:00,28.59
2016-04-07 19:00:00,31.11
2016-04-07 20:00:00,32.68
2016-04-07 21:00:00,29.41
2016-04-07 22:00:00,28.27
2016-04-07 23:00:00,27.03
2016-04-08 00:00:00,23.39
2016-04-08 01:00:00,21.69
2016-04-08 02:00:00,21.18
2016-04-08 03:00:00,20.52
2016-04-08 04:00:00,21.04
2016-04-08 05:00:00,21.72
2016-04-08 06:00:00,29.12
2016-04-08 07:00:00,35.0
2016-04-08 08:00:00,38.2
2016-04-08 09:00:00,37.55
2016-04-08 10:00:00,34.22
2016-04-08 11:00:00,32.96
2016-04-08 12:00:00,29.74
2016-04-08 13:00:00,27.9
2016-04-08 14:00:00,26.36
2016-04-08 15:00:00,24.66
2016-04-08 16:00:00,23.95
2016-04-08 17:00:00,27.03
2016-04-08 18:00:00,29.58
2016-04-08 19:00:00,32.22
2016-04-08 20:00:00,31.96
2016-04-08 21:00:00,30.66
2016-04-08 22:00:00,30.68
2016-04-08 23:00:00,29.0
2016-04-09 00:00:00,28.45
2016-04-09 01:00:00,24.18
2016-04-09 02:00:00,23.28
2016-04-09 03:00:00,21.84
2016-04-09 04:00:00,21.46
2016-04-09 05:00:00,21.72
2016-04-09 06:00:00,22.42
2016-04-09 07:00:00,23.42
2016-04-09 08:00:00,27.21
2016-04-09 09:00:00,25.12
2016-04-09 10:00:00,23.82
2016-04-09 11:00:00,22.83
2016-04-09 12:00:00,22.27
2016-04-09 13:00:00,21.24
2016-04-09 14:00:00,19.94
2016-04-09 15:00:00,20.35
2016-04-09 16:00:00,20.3
2016-04-09 17:00:00,22.27
2016-04-09 18:00:00,26.91
2016-04-09 19:00:00,29.62
2016-04-09 20:00:00,31.81
2016-04-09 21:00:00,29.56
2016-04-09 22:00:00,27.44
2016-04-09 23:00:00,24.0
2016-04-10 00:00:00,21.47
2016-04-10 01:00:00,20.26
2016-04-10 02:00:00,19.57
2016-04-10 03:00:00,18.96
2016-04-10 04:00:00,19.02
2016-04-10 05:00:00,18.88
2016-04-10 06:00:00,19.15
2016-04-10 07:00:00,19.19
2016-04-10 08:00:00,20.22
2016-04-10 09:00:00,20.97
2016-04-10 10:00:00,19.88
2016-04-10 11:00:00,18.83
2016-04-10 12:00:00,19.29
2016-04-10 13:00:00,12.3
2016-04-10 14:00:00,6.53
2016-04-10 15:00:00,3.0
2016-04-10 16:00:00,4.91
2016-04-10 17:00:00,0.01
2016-04-10 18:00:00,10.01
2016-04-10 19:00:00,21.97
2016-04-10 20:00:00,20.99
2016-04-10 21:00:00,23.0
2016-04-10 22:00:00,21.84
2016-04-10 23:00:00,19.57
2016-04-11 00:00:00,17.24
2016-04-11 01:00:00,13.7
2016-04-11 02:00:00,12.81
2016-04-11 03:00:00,10.66
2016-04-11 04:00:00,12.75
2016-04-11 05:00:00,17.85
2016-04-11 06:00:00,25.49
2016-04-11 07:00:00,32.0
2016-04-11 08:00:00,34.61
2016-04-11 09:00:00,28.98
2016-04-11 10:00:00,25.63
2016-04-11 11:00:00,24.71
2016-04-11 12:00:00,23.26
2016-04-11 13:00:00,22.72
2016-04-11 14:00:00,22.12
2016-04-11 15:00:00,21.83
2016-04-11 16:00:00,22.11
2016-04-11 17:00:00,23.68
2016-04-11 18:00:00,28.47
2016-04-11 19:00:00,31.27
2016-04-11 20:00:00,32.33
2016-04-11 21:00:00,31.49
2016-04-11 22:00:00,27.86
2016-04-11 23:00:00,26.44
2016-04-12 00:00:00,24.0
2016-04-12 01:00:00,22.2
2016-04-12 02:00:00,21.69
2016-04-12 03:00:00,21.05
2016-04-12 04:00:00,21.32
2016-04-12 05:00:00,22.15
2016-04-12 06:00:00,28.98
2016-04-12 07:00:00,36.0
2016-04-12 08:00:00,38.94
2016-04-12 09:00:00,37.6
2016-04-12 10:00:00,34.1
2016-04-12 11:00:00,32.26
2016-04-12 12:00:00,27.97
2016-04-12 13:00:00,26.41
2016-04-12 14:00:00,24.8
2016-04-12 15:00:00,26.85
2016-04-12 16:00:00,28.19
2016-04-12 17:00:00,26.71
2016-04-12 18:00:00,30.71
2016-04-12 19:00:00,33.59
2016-04-12 20:00:00,33.85
2016-04-12 21:00:00,32.24
2016-04-12 22:00:00,30.0
2016-04-12 23:00:00,25.78
2016-04-13 00:00:00,22.93
2016-04-13 01:00:00,21.68
2016-04-13 02:00:00,21.68
2016-04-13 03:00:00,21.41
2016-04-13 04:00:00,21.71
2016-04-13 05:00:00,22.77
2016-04-13 06:00:00,27.22
2016-04-13 07:00:00,34.99
2016-04-13 08:00:00,39.41
2016-04-13 09:00:00,35.06
2016-04-13 10:00:00,33.23
2016-04-13 11:00:00,31.94
2016-04-13 12:00:00,28.9
2016-04-13 13:00:00,27.01
2016-04-13 14:00:00,25.96
2016-04-13 15:00:00,26.0
2016-04-13 16:00:00,24.99
2016-04-13 17:00:00,23.99
2016-04-13 18:00:00,28.24
2016-04-13 19:00:00,30.56
2016-04-13 20:00:00,30.36
2016-04-13 21:00:00,31.31
2016-04-13 22:00:00,28.0
2016-04-13 23:00:00,27.3
2016-04-14 00:00:00,25.0
2016-04-14 01:00:00,21.93
2016-04-14 02:00:00,21.18
2016-04-14 03:00:00,20.94
2016-04-14 04:00:00,21.06
2016-04-14 05:00:00,21.74
2016-04-14 06:00:00,27.0
2016-04-14 07:00:00,32.03
2016-04-14 08:00:00,37.28
2016-04-14 09:00:00,34.59
2016-04-14 10:00:00,30.91
2016-04-14 11:00:00,28.08
2016-04-14 12:00:00,26.4
2016-04-14 13:00:00,25.05
2016-04-14 14:00:00,23.83
2016-04-14 15:00:00,23.44
2016-04-14 16:00:00,23.22
2016-04-14 17:00:00,24.2
2016-04-14 18:00:00,27.25
2016-04-14 19:00:00,28.33
2016-04-14 20:00:00,31.38
2016-04-14 21:00:00,31.53
2016-04-14 22:00:00,28.33
2016-04-14 23:00:00,27.55
2016-04-15 00:00:00,24.21
2016-04-15 01:00:00,21.41
2016-04-15 02:00:00,20.45
2016-04-15 03:00:00,20.14
2016-04-15 04:00:00,20.34
2016-04-15 05:00:00,21.08
2016-04-15 06:00:00,25.0
2016-04-15 07:00:00,31.69
2016-04-15 08:00:00,34.7
2016-04-15 09:00:00,34.95
2016-04-15 10:00:00,30.98
2016-04-15 11:00:00,29.97
2016-04-15 12:00:00,28.0
2016-04-15 13:00:00,27.52
2016-04-15 14:00:00,24.0
2016-04-15 15:00:00,22.53
2016-04-15 16:00:00,22.36
2016-04-15 17:00:00,21.76
2016-04-15 18:00:00,23.47
2016-04-15 19:00:00,26.34
2016-04-15 20:00:00,33.03
2016-04-15 21:00:00,28.99
2016-04-15 22:00:00,25.0
2016-04-15 23:00:00,24.69
2016-04-16 00:00:00,21.3
2016-04-16 01:00:00,19.7
2016-04-16 02:00:00,19.24
2016-04-16 03:00:00,18.28
2016-04-16 04:00:00,17.19
2016-04-16 05:00:00,18.76
2016-04-16 06:00:00,19.46
2016-04-16 07:00:00,19.54
2016-04-16 08:00:00,21.14
2016-04-16 09:00:00,21.64
2016-04-16 10:00:00,20.02
2016-04-16 11:00:00,19.55
2016-04-16 12:00:00,18.65
2016-04-16 13:00:00,15.98
2016-04-16 14:00:00,16.31
2016-04-16 15:00:00,15.39
2016-04-16 16:00:00,14.84
2016-04-16 17:00:00,15.5
2016-04-16 18:00:00,18.47
2016-04-16 19:00:00,22.05
2016-04-16 20:00:00,23.7
2016-04-16 21:00:00,24.31
2016-04-16 22:00:00,23.94
2016-04-16 23:00:00,21.68
2016-04-17 00:00:00,19.33
2016-04-17 01:00:00,17.74
2016-04-17 02:00:00,15.85
2016-04-17 03:00:00,15.13
2016-04-17 04:00:00,15.15
2016-04-17 05:00:00,14.57
2016-04-17 06:00:00,14.86
2016-04-17 07:00:00,15.2
2016-04-17 08:00:00,16.87
2016-04-17 09:00:00,18.69
2016-04-17 10:00:00,18.69
2016-04-17 11:00:00,18.94
2016-04-17 12:00:00,18.8
2016-04-17 13:00:00,17.48
2016-04-17 14:00:00,15.83
2016-04-17 15:00:00,14.53
2016-04-17 16:00:00,12.31
2016-04-17 17:00:00,14.8
2016-04-17 18:00:00,17.99
2016-04-17 19:00:00,21.19
2016-04-17 20:00:00,26.4
2016-04-17 21:00:00,29.65
2016-04-17 22:00:00,30.16
2016-04-17 23:00:00,27.25
2016-04-18 00:00:00,29.54
2016-04-18 01:00:00,20.9
2016-04-18 02:00:00,19.7
2016-04-18 03:00:00,18.9
2016-04-18 04:00:00,19.0
2016-04-18 05:00:00,20.6
2016-04-18 06:00:00,30.0
2016-04-18 07:00:00,37.06
2016-04-18 08:00:00,39.68
2016-04-18 09:00:00,40.89
2016-04-18 10:00:00,32.3
2016-04-18 11:00:00,29.7
2016-04-18 12:00:00,27.9
2016-04-18 13:00:00,27.2
2016-04-18 14:00:00,24.0
2016-04-18 15:00:00,22.16
2016-04-18 16:00:00,20.56
2016-04-18 17:00:00,21.14
2016-04-18 18:00:00,23.19
2016-04-18 19:00:00,25.62
2016-04-18 20:00:00,27.92
2016-04-18 21:00:00,29.2
2016-04-18 22:00:00,26.59
2016-04-18 23:00:00,26.87
2016-04-19 00:00:00,22.83
2016-04-19 01:00:00,20.0
2016-04-19 02:00:00,18.51
2016-04-19 03:00:00,18.02
2016-04-19 04:00:00,18.44
2016-04-19 05:00:00,19.8
2016-04-19 06:00:00,26.93
2016-04-19 07:00:00,30.38
2016-04-19 08:00:00,37.1
2016-04-19 09:00:00,36.25
2016-04-19 10:00:00,30.2
2016-04-19 11:00:00,27.83
2016-04-19 12:00:00,26.73
2016-04-19 13:00:00,26.0
2016-04-19 14:00:00,24.94
2016-04-19 15:00:00,24.94
2016-04-19 16:00:00,22.74
2016-04-19 17:00:00,21.78
2016-04-19 18:00:00,24.59
2016-04-19 19:00:00,24.84
2016-04-19 20:00:00,27.0
2016-04-19 21:00:00,30.05
2016-04-19 22:00:00,27.0
2016-04-19 23:00:00,24.01
2016-04-20 00:00:00,21.74
2016-04-20 01:00:00,19.25
2016-04-20 02:00:00,18.09
2016-04-20 03:00:00,17.49
2016-04-20 04:00:00,18.63
2016-04-20 05:00:00,20.0
2016-04-20 06:00:00,25.76
2016-04-20 07:00:00,30.55
2016-04-20 08:00:00,31.91
2016-04-20 09:00:00,31.39
2016-04-20 10:00:00,30.74
2016-04-20 11:00:00,26.93
2016-04-20 12:00:00,22.33
2016-04-20 13:00:00,22.05
2016-04-20 14:00:00,21.95
2016-04-20 15:00:00,21.57
2016-04-20 16:00:00,21.59
2016-04-20 17:00:00,22.89
2016-04-20 18:00:00,27.24
2016-04-20 19:00:00,31.09
2016-04-20 20:00:00,32.16
2016-04-20 21:00:00,30.66
2016-04-20 22:00:00,28.52
2016-04-20 23:00:00,24.5
2016-04-21 00:00:00,22.51
2016-04-21 01:00:00,20.5
2016-04-21 02:00:00,19.93
2016-04-21 03:00:00,19.58
2016-04-21 04:00:00,19.84
2016-04-21 05:00:00,21.11
2016-04-21 06:00:00,29.1
2016-04-21 07:00:00,34.58
2016-04-21 08:00:00,35.38
2016-04-21 09:00:00,32.92
2016-04-21 10:00:00,29.4
2016-04-21 11:00:00,30.76
2016-04-21 12:00:00,24.91
2016-04-21 13:00:00,23.43
2016-04-21 14:00:00,23.47
2016-04-21 15:00:00,23.93
2016-04-21 16:00:00,23.95
2016-04-21 17:00:00,27.61
2016-04-21 18:00:00,30.74
2016-04-21 19:00:00,32.33
2016-04-21 20:00:00,32.34
2016-04-21 21:00:00,32.02
2016-04-21 22:00:00,29.19
2016-04-21 23:00:00,25.0
2016-04-22 00:00:00,21.95
2016-04-22 01:00:00,20.7
2016-04-22 02:00:00,19.59
2016-04-22 03:00:00,19.32
2016-04-22 04:00:00,19.85
2016-04-22 05:00:00,22.94
2016-04-22 06:00:00,28.0
2016-04-22 07:00:00,33.14
2016-04-22 08:00:00,34.61
2016-04-22 09:00:00,32.4
2016-04-22 10:00:00,32.26
2016-04-22 11:00:00,31.87
2016-04-22 12:00:00,29.08
2016-04-22 13:00:00,28.67
2016-04-22 14:00:00,27.75
2016-04-22 15:00:00,24.06
2016-04-22 16:00:00,24.38
2016-04-22 17:00:00,24.75
2016-04-22 18:00:00,28.99
2016-04-22 19:00:00,30.93
2016-04-22 20:00:00,30.94
2016-04-22 21:00:00,29.33
2016-04-22 22:00:00,27.94
2016-04-22 23:00:00,25.04
2016-04-23 00:00:00,27.72
2016-04-23 01:00:00,22.45
2016-04-23 02:00:00,21.47
2016-04-23 03:00:00,20.99
2016-04-23 04:00:00,20.99
2016-04-23 05:00:00,20.9
2016-04-23 06:00:00,21.05
2016-04-23 07:00:00,21.48
2016-04-23 08:00:00,23.62
2016-04-23 09:00:00,27.29
2016-04-23 10:00:00,26.91
2016-04-23 11:00:00,25.76
2016-04-23 12:00:00,23.4
2016-04-23 13:00:00,21.36
2016-04-23 14:00:00,20.42
2016-04-23 15:00:00,18.6
2016-04-23 16:00:00,17.07
2016-04-23 17:00:00,19.13
2016-04-23 18:00:00,21.07
2016-04-23 19:00:00,22.46
2016-04-23 20:00:00,25.0
2016-04-23 21:00:00,27.19
2016-04-23 22:00:00,25.05
2016-04-23 23:00:00,22.1
2016-04-24 00:00:00,18.21
2016-04-24 01:00:00,16.88
2016-04-24 02:00:00,14.31
2016-04-24 03:00:00,12.59
2016-04-24 04:00:00,12.79
2016-04-24 05:00:00,13.62
2016-04-24 06:00:00,12.76
2016-04-24 07:00:00,12.2
2016-04-24 08:00:00,13.75
2016-04-24 09:00:00,16.48
2016-04-24 10:00:00,15.05
2016-04-24 11:00:00,15.72
2016-04-24 12:00:00,16.06
2016-04-24 13:00:00,11.88
2016-04-24 14:00:00,9.44
2016-04-24 15:00:00,9.5
2016-04-24 16:00:00,7.11
2016-04-24 17:00:00,9.02
2016-04-24 18:00:00,15.45
2016-04-24 19:00:00,21.96
2016-04-24 20:00:00,24.05
2016-04-24 21:00:00,27.44
2016-04-24 22:00:00,27.87
2016-04-24 23:00:00,24.04
2016-04-25 00:00:00,22.56
2016-04-25 01:00:00,21.46
2016-04-25 02:00:00,20.82
2016-04-25 03:00:00,20.23
2016-04-25 04:00:00,20.26
2016-04-25 05:00:00,21.1
2016-04-25 06:00:00,29.02
2016-04-25 07:00:00,32.97
2016-04-25 08:00:00,34.48
2016-04-25 09:00:00,36.11
2016-04-25 10:00:00,32.71
2016-04-25 11:00:00,30.99
2016-04-25 12:00:00,32.52
2016-04-25 13:00:00,28.64
2016-04-25 14:00:00,25.13
2016-04-25 15:00:00,24.46
2016-04-25 16:00:00,24.44
2016-04-25 17:00:00,25.95
2016-04-25 18:00:00,28.41
2016-04-25 19:00:00,31.19
2016-04-25 20:00:00,31.46
2016-04-25 21:00:00,30.99
2016-04-25 22:00:00,30.14
2016-04-25 23:00:00,30.12
2016-04-26 00:00:00,21.81
2016-04-26 01:00:00,20.9
2016-04-26 02:00:00,20.96
2016-04-26 03:00:00,20.62
2016-04-26 04:00:00,21.07
2016-04-26 05:00:00,22.73
2016-04-26 06:00:00,29.91
2016-04-26 07:00:00,35.04
2016-04-26 08:00:00,38.6
2016-04-26 09:00:00,40.4
2016-04-26 10:00:00,38.02
2016-04-26 11:00:00,35.98
2016-04-26 12:00:00,32.35
2016-04-26 13:00:00,30.9
2016-04-26 14:00:00,27.11
2016-04-26 15:00:00,25.53
2016-04-26 16:00:00,24.81
2016-04-26 17:00:00,25.29
2016-04-26 18:00:00,28.92
2016-04-26 19:00:00,31.11
2016-04-26 20:00:00,31.61
2016-04-26 21:00:00,34.3
2016-04-26 22:00:00,31.63
2016-04-26 23:00:00,33.14
2016-04-27 00:00:00,24.88
2016-04-27 01:00:00,23.42
2016-04-27 02:00:00,22.8
2016-04-27 03:00:00,22.04
2016-04-27 04:00:00,22.17
2016-04-27 05:00:00,23.77
2016-04-27 06:00:00,33.16
2016-04-27 07:00:00,36.7
2016-04-27 08:00:00,39.98
2016-04-27 09:00:00,41.4
2016-04-27 10:00:00,38.7
2016-04-27 11:00:00,36.76
2016-04-27 12:00:00,35.58
2016-04-27 13:00:00,33.04
2016-04-27 14:00:00,32.06
2016-04-27 15:00:00,29.17
2016-04-27 16:00:00,29.26
2016-04-27 17:00:00,30.57
2016-04-27 18:00:00,32.36
2016-04-27 19:00:00,34.19
2016-04-27 20:00:00,35.28
2016-04-27 21:00:00,39.98
2016-04-27 22:00:00,38.29
2016-04-27 23:00:00,39.93
2016-04-28 00:00:00,35.18
2016-04-28 01:00:00,27.3
2016-04-28 02:00:00,24.55
2016-04-28 03:00:00,23.28
2016-04-28 04:00:00,23.73
2016-04-28 05:00:00,25.59
2016-04-28 06:00:00,31.7
2016-04-28 07:00:00,45.87
2016-04-28 08:00:00,62.09
2016-04-28 09:00:00,52.51
2016-04-28 10:00:00,46.34
2016-04-28 11:00:00,37.61
2016-04-28 12:00:00,39.94
2016-04-28 13:00:00,40.29
2016-04-28 14:00:00,27.66
2016-04-28 15:00:00,26.96
2016-04-28 16:00:00,26.5
2016-04-28 17:00:00,30.0
2016-04-28 18:00:00,34.79
2016-04-28 19:00:00,38.43
2016-04-28 20:00:00,35.75
2016-04-28 21:00:00,37.19
2016-04-28 22:00:00,34.92
2016-04-28 23:00:00,30.3
2016-04-29 00:00:00,26.41
2016-04-29 01:00:00,25.01
2016-04-29 02:00:00,23.99
2016-04-29 03:00:00,22.46
2016-04-29 04:00:00,22.35
2016-04-29 05:00:00,23.47
2016-04-29 06:00:00,26.8
2016-04-29 07:00:00,30.68
2016-04-29 08:00:00,31.91
2016-04-29 09:00:00,43.39
2016-04-29 10:00:00,42.77
2016-04-29 11:00:00,41.4
2016-04-29 12:00:00,35.98
2016-04-29 13:00:00,35.9
2016-04-29 14:00:00,34.44
2016-04-29 15:00:00,28.81
2016-04-29 16:00:00,26.55
2016-04-29 17:00:00,26.01
2016-04-29 18:00:00,30.82
2016-04-29 19:00:00,34.83
2016-04-29 20:00:00,35.18
2016-04-29 21:00:00,35.39
2016-04-29 22:00:00,34.77
2016-04-29 23:00:00,37.86
2016-04-30 00:00:00,44.99
2016-04-30 01:00:00,36.51
2016-04-30 02:00:00,24.54
2016-04-30 03:00:00,25.04
2016-04-30 04:00:00,24.0
2016-04-30 05:00:00,24.0
2016-04-30 06:00:00,24.22
2016-04-30 07:00:00,25.45
2016-04-30 08:00:00,26.81
2016-04-30 09:00:00,28.69
2016-04-30 10:00:00,28.06
2016-04-30 11:00:00,25.96
2016-04-30 12:00:00,23.2
2016-04-30 13:00:00,22.45
2016-04-30 14:00:00,21.48
2016-04-30 15:00:00,21.17
2016-04-30 16:00:00,21.54
2016-04-30 17:00:00,22.34
2016-04-30 18:00:00,25.02
2016-04-30 19:00:00,25.51
2016-04-30 20:00:00,25.61
2016-04-30 21:00:00,28.53
2016-04-30 22:00:00,27.92
2016-04-30 23:00:00,25.04
2016-05-01 00:00:00,22.12
2016-05-01 01:00:00,19.81
2016-05-01 02:00:00,18.72
2016-05-01 03:00:00,17.03
2016-05-01 04:00:00,17.17
2016-05-01 05:00:00,17.92
2016-05-01 06:00:00,17.64
2016-05-01 07:00:00,17.99
2016-05-01 08:00:00,17.96
2016-05-01 09:00:00,17.91
2016-05-01 10:00:00,18.05
2016-05-01 11:00:00,17.49
2016-05-01 12:00:00,19.9
2016-05-01 13:00:00,15.88
2016-05-01 14:00:00,14.99
2016-05-01 15:00:00,13.54
2016-05-01 16:00:00,14.59
2016-05-01 17:00:00,15.86
2016-05-01 18:00:00,21.35
2016-05-01 19:00:00,23.57
2016-05-01 20:00:00,25.08
2016-05-01 21:00:00,25.74
2016-05-01 22:00:00,26.35
2016-05-01 23:00:00,27.07
2016-05-02 00:00:00,22.72
2016-05-02 01:00:00,20.23
2016-05-02 02:00:00,20.03
2016-05-02 03:00:00,19.94
2016-05-02 04:00:00,20.08
2016-05-02 05:00:00,23.47
2016-05-02 06:00:00,31.12
2016-05-02 07:00:00,36.17
2016-05-02 08:00:00,34.96
2016-05-02 09:00:00,32.32
2016-05-02 10:00:00,32.77
2016-05-02 11:00:00,34.86
2016-05-02 12:00:00,35.39
2016-05-02 13:00:00,34.88
2016-05-02 14:00:00,30.79
2016-05-02 15:00:00,26.08
2016-05-02 16:00:00,26.94
2016-05-02 17:00:00,29.06
2016-05-02 18:00:00,33.0
2016-05-02 19:00:00,35.79
2016-05-02 20:00:00,35.76
2016-05-02 21:00:00,34.08
2016-05-02 22:00:00,31.93
2016-05-02 23:00:00,35.33
2016-05-03 00:00:00,23.91
2016-05-03 01:00:00,23.08
2016-05-03 02:00:00,21.84
2016-05-03 03:00:00,21.37
2016-05-03 04:00:00,21.85
2016-05-03 05:00:00,23.26
2016-05-03 06:00:00,30.39
2016-05-03 07:00:00,33.9
2016-05-03 08:00:00,36.48
2016-05-03 09:00:00,35.95
2016-05-03 10:00:00,35.58
2016-05-03 11:00:00,34.9
2016-05-03 12:00:00,31.55
2016-05-03 13:00:00,31.01
2016-05-03 14:00:00,32.09
2016-05-03 15:00:00,29.77
2016-05-03 16:00:00,29.94
2016-05-03 17:00:00,25.17
2016-05-03 18:00:00,28.51
2016-05-03 19:00:00,31.69
2016-05-03 20:00:00,32.1
2016-05-03 21:00:00,32.8
2016-05-03 22:00:00,35.27
2016-05-03 23:00:00,41.92
2016-05-04 00:00:00,26.31
2016-05-04 01:00:00,22.1
2016-05-04 02:00:00,21.95
2016-05-04 03:00:00,21.69
2016-05-04 04:00:00,22.14
2016-05-04 05:00:00,23.59
2016-05-04 06:00:00,31.47
2016-05-04 07:00:00,35.05
2016-05-04 08:00:00,35.97
2016-05-04 09:00:00,33.17
2016-05-04 10:00:00,29.13
2016-05-04 11:00:00,27.73
2016-05-04 12:00:00,26.57
2016-05-04 13:00:00,25.45
2016-05-04 14:00:00,24.54
2016-05-04 15:00:00,23.64
2016-05-04 16:00:00,23.88
2016-05-04 17:00:00,25.1
2016-05-04 18:00:00,28.96
2016-05-04 19:00:00,31.73
2016-05-04 20:00:00,32.0
2016-05-04 21:00:00,32.9
2016-05-04 22:00:00,31.93
2016-05-04 23:00:00,27.8
2016-05-05 00:00:00,23.69
2016-05-05 01:00:00,21.86
2016-05-05 02:00:00,21.26
2016-05-05 03:00:00,20.26
2016-05-05 04:00:00,19.79
2016-05-05 05:00:00,19.79
2016-05-05 06:00:00,19.95
2016-05-05 07:00:00,20.07
2016-05-05 08:00:00,20.0
2016-05-05 09:00:00,19.57
2016-05-05 10:00:00,19.01
2016-05-05 11:00:00,17.76
2016-05-05 12:00:00,17.16
2016-05-05 13:00:00,15.28
2016-05-05 14:00:00,13.48
2016-05-05 15:00:00,11.88
2016-05-05 16:00:00,13.06
2016-05-05 17:00:00,17.77
2016-05-05 18:00:00,20.67
2016-05-05 19:00:00,24.2
2016-05-05 20:00:00,24.08
2016-05-05 21:00:00,24.87
2016-05-05 22:00:00,25.79
2016-05-05 23:00:00,21.83
2016-05-06 00:00:00,20.73
2016-05-06 01:00:00,19.08
2016-05-06 02:00:00,18.46
2016-05-06 03:00:00,17.87
2016-05-06 04:00:00,19.11
2016-05-06 05:00:00,20.0
2016-05-06 06:00:00,24.44
2016-05-06 07:00:00,30.33
2016-05-06 08:00:00,30.99
2016-05-06 09:00:00,29.98
2016-05-06 10:00:00,24.28
2016-05-06 11:00:00,22.9
2016-05-06 12:00:00,21.29
2016-05-06 13:00:00,20.37
2016-05-06 14:00:00,18.42
2016-05-06 15:00:00,17.72
2016-05-06 16:00:00,19.73
2016-05-06 17:00:00,22.54
2016-05-06 18:00:00,29.24
2016-05-06 19:00:00,30.94
2016-05-06 20:00:00,29.12
2016-05-06 21:00:00,29.84
2016-05-06 22:00:00,31.16
2016-05-06 23:00:00,32.07
2016-05-07 00:00:00,19.96
2016-05-07 01:00:00,17.08
2016-05-07 02:00:00,14.95
2016-05-07 03:00:00,14.64
2016-05-07 04:00:00,14.96
2016-05-07 05:00:00,15.2
2016-05-07 06:00:00,16.27
2016-05-07 07:00:00,19.32
2016-05-07 08:00:00,19.94
2016-05-07 09:00:00,19.57
2016-05-07 10:00:00,15.01
2016-05-07 11:00:00,13.34
2016-05-07 12:00:00,16.7
2016-05-07 13:00:00,10.0
2016-05-07 14:00:00,8.07
2016-05-07 15:00:00,8.45
2016-05-07 16:00:00,11.63
2016-05-07 17:00:00,15.39
2016-05-07 18:00:00,19.01
2016-05-07 19:00:00,21.53
2016-05-07 20:00:00,20.03
2016-05-07 21:00:00,20.89
2016-05-07 22:00:00,21.17
2016-05-07 23:00:00,19.02
2016-05-08 00:00:00,14.61
2016-05-08 01:00:00,11.23
2016-05-08 02:00:00,9.08
2016-05-08 03:00:00,5.71
2016-05-08 04:00:00,4.38
2016-05-08 05:00:00,3.0
2016-05-08 06:00:00,2.91
2016-05-08 07:00:00,2.79
2016-05-08 08:00:00,5.72
2016-05-08 09:00:00,6.08
2016-05-08 10:00:00,5.43
2016-05-08 11:00:00,1.0
2016-05-08 12:00:00,-5.0
2016-05-08 13:00:00,12.44
2016-05-08 14:00:00,5.0
2016-05-08 15:00:00,0.01
2016-05-08 16:00:00,1.0
2016-05-08 17:00:00,5.0
2016-05-08 18:00:00,10.4
2016-05-08 19:00:00,19.45
2016-05-08 20:00:00,19.5
2016-05-08 21:00:00,20.12
2016-05-08 22:00:00,20.12
2016-05-08 23:00:00,18.66
2016-05-09 00:00:00,14.84
2016-05-09 01:00:00,12.68
2016-05-09 02:00:00,12.09
2016-05-09 03:00:00,9.57
2016-05-09 04:00:00,11.0
2016-05-09 05:00:00,14.18
2016-05-09 06:00:00,28.57
2016-05-09 07:00:00,32.95
2016-05-09 08:00:00,34.69
2016-05-09 09:00:00,31.24
2016-05-09 10:00:00,31.21
2016-05-09 11:00:00,29.21
2016-05-09 12:00:00,32.88
2016-05-09 13:00:00,35.0
2016-05-09 14:00:00,35.0
2016-05-09 15:00:00,26.8
2016-05-09 16:00:00,25.13
2016-05-09 17:00:00,27.46
2016-05-09 18:00:00,27.12
2016-05-09 19:00:00,31.46
2016-05-09 20:00:00,31.28
2016-05-09 21:00:00,30.0
2016-05-09 22:00:00,27.29
2016-05-09 23:00:00,22.74
2016-05-10 00:00:00,22.55
2016-05-10 01:00:00,21.09
2016-05-10 02:00:00,19.61
2016-05-10 03:00:00,19.33
2016-05-10 04:00:00,19.87
2016-05-10 05:00:00,21.56
2016-05-10 06:00:00,28.5
2016-05-10 07:00:00,31.87
2016-05-10 08:00:00,36.66
2016-05-10 09:00:00,38.0
2016-05-10 10:00:00,36.27
2016-05-10 11:00:00,40.0
2016-05-10 12:00:00,38.06
2016-05-10 13:00:00,37.24
2016-05-10 14:00:00,33.25
2016-05-10 15:00:00,30.75
2016-05-10 16:00:00,29.96
2016-05-10 17:00:00,30.69
2016-05-10 18:00:00,31.93
2016-05-10 19:00:00,32.5
2016-05-10 20:00:00,32.25
2016-05-10 21:00:00,31.99
2016-05-10 22:00:00,31.94
2016-05-10 23:00:00,31.18
2016-05-11 00:00:00,22.4
2016-05-11 01:00:00,20.54
2016-05-11 02:00:00,19.92
2016-05-11 03:00:00,19.11
2016-05-11 04:00:00,19.87
2016-05-11 05:00:00,21.84
2016-05-11 06:00:00,28.96
2016-05-11 07:00:00,35.27
2016-05-11 08:00:00,39.6
2016-05-11 09:00:00,34.94
2016-05-11 10:00:00,36.62
2016-05-11 11:00:00,36.1
2016-05-11 12:00:00,35.23
2016-05-11 13:00:00,36.39
2016-05-11 14:00:00,36.72
2016-05-11 15:00:00,34.17
2016-05-11 16:00:00,33.05
2016-05-11 17:00:00,31.5
2016-05-11 18:00:00,28.47
2016-05-11 19:00:00,31.32
2016-05-11 20:00:00,29.94
2016-05-11 21:00:00,25.09
2016-05-11 22:00:00,25.0
2016-05-11 23:00:00,23.53
2016-05-12 00:00:00,20.02
2016-05-12 01:00:00,18.05
2016-05-12 02:00:00,15.65
2016-05-12 03:00:00,14.95
2016-05-12 04:00:00,14.42
2016-05-12 05:00:00,18.77
2016-05-12 06:00:00,24.08
2016-05-12 07:00:00,30.93
2016-05-12 08:00:00,34.05
2016-05-12 09:00:00,37.04
2016-05-12 10:00:00,32.9
2016-05-12 11:00:00,33.86
2016-05-12 12:00:00,31.34
2016-05-12 13:00:00,32.8
2016-05-12 14:00:00,30.11
2016-05-12 15:00:00,27.64
2016-05-12 16:00:00,29.65
2016-05-12 17:00:00,30.77
2016-05-12 18:00:00,34.91
2016-05-12 19:00:00,35.91
2016-05-12 20:00:00,32.85
2016-05-12 21:00:00,32.23
2016-05-12 22:00:00,34.72
2016-05-12 23:00:00,25.14
2016-05-13 00:00:00,23.07
2016-05-13 01:00:00,21.41
2016-05-13 02:00:00,21.04
2016-05-13 03:00:00,20.55
2016-05-13 04:00:00,21.13
2016-05-13 05:00:00,23.0
2016-05-13 06:00:00,28.07
2016-05-13 07:00:00,36.14
2016-05-13 08:00:00,40.21
2016-05-13 09:00:00,38.23
2016-05-13 10:00:00,35.37
2016-05-13 11:00:00,35.45
2016-05-13 12:00:00,30.94
2016-05-13 13:00:00,27.99
2016-05-13 14:00:00,25.28
2016-05-13 15:00:00,23.87
2016-05-13 16:00:00,23.53
2016-05-13 17:00:00,24.01
2016-05-13 18:00:00,26.37
2016-05-13 19:00:00,29.0
2016-05-13 20:00:00,27.1
2016-05-13 21:00:00,25.03
2016-05-13 22:00:00,26.96
2016-05-13 23:00:00,23.02
2016-05-14 00:00:00,13.76
2016-05-14 01:00:00,13.77
2016-05-14 02:00:00,12.33
2016-05-14 03:00:00,10.67
2016-05-14 04:00:00,9.93
2016-05-14 05:00:00,10.11
2016-05-14 06:00:00,10.78
2016-05-14 07:00:00,12.38
2016-05-14 08:00:00,16.21
2016-05-14 09:00:00,16.72
2016-05-14 10:00:00,19.46
2016-05-14 11:00:00,20.7
2016-05-14 12:00:00,19.2
2016-05-14 13:00:00,12.52
2016-05-14 14:00:00,11.1
2016-05-14 15:00:00,9.42
2016-05-14 16:00:00,8.12
2016-05-14 17:00:00,10.98
2016-05-14 18:00:00,15.54
2016-05-14 19:00:00,20.71
2016-05-14 20:00:00,19.59
2016-05-14 21:00:00,19.3
2016-05-14 22:00:00,23.6
2016-05-14 23:00:00,20.69
2016-05-15 00:00:00,20.84
2016-05-15 01:00:00,14.54
2016-05-15 02:00:00,13.62
2016-05-15 03:00:00,11.35
2016-05-15 04:00:00,10.33
2016-05-15 05:00:00,10.82
2016-05-15 06:00:00,9.2
2016-05-15 07:00:00,7.96
2016-05-15 08:00:00,7.73
2016-05-15 09:00:00,9.15
2016-05-15 10:00:00,10.57
2016-05-15 11:00:00,10.34
2016-05-15 12:00:00,17.14
2016-05-15 13:00:00,21.12
2016-05-15 14:00:00,26.54
2016-05-15 15:00:00,4.4
2016-05-15 16:00:00,5.33
2016-05-15 17:00:00,8.13
2016-05-15 18:00:00,16.01
2016-05-15 19:00:00,21.58
2016-05-15 20:00:00,21.86
2016-05-15 21:00:00,22.95
2016-05-15 22:00:00,24.68
2016-05-15 23:00:00,24.06
2016-05-16 00:00:00,34.71
2016-05-16 01:00:00,20.33
2016-05-16 02:00:00,19.03
2016-05-16 03:00:00,18.81
2016-05-16 04:00:00,18.71
2016-05-16 05:00:00,19.78
2016-05-16 06:00:00,20.28
2016-05-16 07:00:00,21.15
2016-05-16 08:00:00,22.54
2016-05-16 09:00:00,23.59
2016-05-16 10:00:00,23.8
2016-05-16 11:00:00,24.15
2016-05-16 12:00:00,24.79
2016-05-16 13:00:00,23.65
2016-05-16 14:00:00,20.48
2016-05-16 15:00:00,17.95
2016-05-16 16:00:00,18.13
2016-05-16 17:00:00,20.4
2016-05-16 18:00:00,24.0
2016-05-16 19:00:00,27.16
2016-05-16 20:00:00,28.37
2016-05-16 21:00:00,32.05
2016-05-16 22:00:00,37.28
2016-05-16 23:00:00,35.71
2016-05-17 00:00:00,30.0
2016-05-17 01:00:00,24.0
2016-05-17 02:00:00,22.82
2016-05-17 03:00:00,21.6
2016-05-17 04:00:00,21.73
2016-05-17 05:00:00,22.91
2016-05-17 06:00:00,29.95
2016-05-17 07:00:00,36.36
2016-05-17 08:00:00,38.0
2016-05-17 09:00:00,39.07
2016-05-17 10:00:00,37.94
2016-05-17 11:00:00,34.05
2016-05-17 12:00:00,31.95
2016-05-17 13:00:00,32.02
2016-05-17 14:00:00,33.24
2016-05-17 15:00:00,32.9
2016-05-17 16:00:00,30.02
2016-05-17 17:00:00,32.33
2016-05-17 18:00:00,34.64
2016-05-17 19:00:00,34.92
2016-05-17 20:00:00,36.76
2016-05-17 21:00:00,37.44
2016-05-17 22:00:00,33.22
2016-05-17 23:00:00,29.0
2016-05-18 00:00:00,27.62
2016-05-18 01:00:00,26.5
2016-05-18 02:00:00,23.89
2016-05-18 03:00:00,22.92
2016-05-18 04:00:00,23.31
2016-05-18 05:00:00,24.57
2016-05-18 06:00:00,31.12
2016-05-18 07:00:00,37.06
2016-05-18 08:00:00,39.48
2016-05-18 09:00:00,36.51
2016-05-18 10:00:00,38.82
2016-05-18 11:00:00,38.39
2016-05-18 12:00:00,35.97
2016-05-18 13:00:00,34.79
2016-05-18 14:00:00,32.15
2016-05-18 15:00:00,30.85
2016-05-18 16:00:00,31.32
2016-05-18 17:00:00,31.69
2016-05-18 18:00:00,33.08
2016-05-18 19:00:00,34.94
2016-05-18 20:00:00,34.64
2016-05-18 21:00:00,34.95
2016-05-18 22:00:00,33.09
2016-05-18 23:00:00,35.7
2016-05-19 00:00:00,25.24
2016-05-19 01:00:00,22.91
2016-05-19 02:00:00,22.23
2016-05-19 03:00:00,21.85
2016-05-19 04:00:00,22.29
2016-05-19 05:00:00,23.9
2016-05-19 06:00:00,31.58
2016-05-19 07:00:00,39.4
2016-05-19 08:00:00,46.0
2016-05-19 09:00:00,44.13
2016-05-19 10:00:00,45.0
2016-05-19 11:00:00,44.91
2016-05-19 12:00:00,40.07
2016-05-19 13:00:00,38.96
2016-05-19 14:00:00,35.0
2016-05-19 15:00:00,33.06
2016-05-19 16:00:00,31.91
2016-05-19 17:00:00,32.35
2016-05-19 18:00:00,34.0
2016-05-19 19:00:00,36.08
2016-05-19 20:00:00,34.96
2016-05-19 21:00:00,33.85
2016-05-19 22:00:00,32.08
2016-05-19 23:00:00,30.69
2016-05-20 00:00:00,24.73
2016-05-20 01:00:00,23.42
2016-05-20 02:00:00,21.5
2016-05-20 03:00:00,21.34
2016-05-20 04:00:00,21.52
2016-05-20 05:00:00,23.23
2016-05-20 06:00:00,27.71
2016-05-20 07:00:00,33.07
2016-05-20 08:00:00,34.97
2016-05-20 09:00:00,34.03
2016-05-20 10:00:00,34.68
2016-05-20 11:00:00,32.87
2016-05-20 12:00:00,30.67
2016-05-20 13:00:00,29.59
2016-05-20 14:00:00,27.68
2016-05-20 15:00:00,29.32
2016-05-20 16:00:00,27.3
2016-05-20 17:00:00,28.9
2016-05-20 18:00:00,32.69
2016-05-20 19:00:00,33.92
2016-05-20 20:00:00,34.06
2016-05-20 21:00:00,33.21
2016-05-20 22:00:00,33.66
2016-05-20 23:00:00,30.55
2016-05-21 00:00:00,27.66
2016-05-21 01:00:00,23.49
2016-05-21 02:00:00,22.6
2016-05-21 03:00:00,20.58
2016-05-21 04:00:00,18.28
2016-05-21 05:00:00,17.85
2016-05-21 06:00:00,19.16
2016-05-21 07:00:00,18.08
2016-05-21 08:00:00,21.5
2016-05-21 09:00:00,22.32
2016-05-21 10:00:00,21.93
2016-05-21 11:00:00,19.66
2016-05-21 12:00:00,22.85
2016-05-21 13:00:00,18.5
2016-05-21 14:00:00,15.52
2016-05-21 15:00:00,13.29
2016-05-21 16:00:00,17.42
2016-05-21 17:00:00,18.7
2016-05-21 18:00:00,23.9
2016-05-21 19:00:00,26.28
2016-05-21 20:00:00,21.0
2016-05-21 21:00:00,23.85
2016-05-21 22:00:00,30.02
2016-05-21 23:00:00,28.59
2016-05-22 00:00:00,17.79
2016-05-22 01:00:00,13.13
2016-05-22 02:00:00,10.58
2016-05-22 03:00:00,8.6
2016-05-22 04:00:00,7.3
2016-05-22 05:00:00,5.46
2016-05-22 06:00:00,4.32
2016-05-22 07:00:00,5.5
2016-05-22 08:00:00,7.34
2016-05-22 09:00:00,23.22
2016-05-22 10:00:00,23.72
2016-05-22 11:00:00,18.24
2016-05-22 12:00:00,23.23
2016-05-22 13:00:00,22.09
2016-05-22 14:00:00,16.3
2016-05-22 15:00:00,13.21
2016-05-22 16:00:00,10.8
2016-05-22 17:00:00,12.78
2016-05-22 18:00:00,22.3
2016-05-22 19:00:00,23.93
2016-05-22 20:00:00,25.32
2016-05-22 21:00:00,26.11
2016-05-22 22:00:00,28.62
2016-05-22 23:00:00,28.37
2016-05-23 00:00:00,22.78
2016-05-23 01:00:00,20.89
2016-05-23 02:00:00,19.51
2016-05-23 03:00:00,18.91
2016-05-23 04:00:00,19.46
2016-05-23 05:00:00,20.69
2016-05-23 06:00:00,28.05
2016-05-23 07:00:00,34.51
2016-05-23 08:00:00,39.48
2016-05-23 09:00:00,38.08
2016-05-23 10:00:00,36.0
2016-05-23 11:00:00,35.94
2016-05-23 12:00:00,33.91
2016-05-23 13:00:00,33.54
2016-05-23 14:00:00,32.5
2016-05-23 15:00:00,32.78
2016-05-23 16:00:00,31.96
2016-05-23 17:00:00,31.68
2016-05-23 18:00:00,32.49
2016-05-23 19:00:00,33.09
2016-05-23 20:00:00,34.66
2016-05-23 21:00:00,36.35
2016-05-23 22:00:00,35.95
2016-05-23 23:00:00,33.3
2016-05-24 00:00:00,25.51
2016-05-24 01:00:00,21.75
2016-05-24 02:00:00,20.48
2016-05-24 03:00:00,20.0
2016-05-24 04:00:00,20.72
2016-05-24 05:00:00,22.61
2016-05-24 06:00:00,27.0
2016-05-24 07:00:00,34.38
2016-05-24 08:00:00,37.09
2016-05-24 09:00:00,36.19
2016-05-24 10:00:00,36.94
2016-05-24 11:00:00,36.06
2016-05-24 12:00:00,33.09
2016-05-24 13:00:00,33.0
2016-05-24 14:00:00,32.69
2016-05-24 15:00:00,30.92
2016-05-24 16:00:00,29.12
2016-05-24 17:00:00,29.8
2016-05-24 18:00:00,31.25
2016-05-24 19:00:00,32.2
2016-05-24 20:00:00,31.64
2016-05-24 21:00:00,32.38
2016-05-24 22:00:00,32.05
2016-05-24 23:00:00,30.0
2016-05-25 00:00:00,27.11
2016-05-25 01:00:00,23.29
2016-05-25 02:00:00,21.57
2016-05-25 03:00:00,21.05
2016-05-25 04:00:00,21.63
2016-05-25 05:00:00,22.99
2016-05-25 06:00:00,30.92
2016-05-25 07:00:00,35.8
2016-05-25 08:00:00,39.2
2016-05-25 09:00:00,46.3
2016-05-25 10:00:00,47.6
2016-05-25 11:00:00,46.87
2016-05-25 12:00:00,45.13
2016-05-25 13:00:00,44.19
2016-05-25 14:00:00,34.28
2016-05-25 15:00:00,34.99
2016-05-25 16:00:00,35.5
2016-05-25 17:00:00,36.44
2016-05-25 18:00:00,35.8
2016-05-25 19:00:00,36.61
2016-05-25 20:00:00,36.76
2016-05-25 21:00:00,35.49
2016-05-25 22:00:00,34.92
2016-05-25 23:00:00,35.13
2016-05-26 00:00:00,25.74
2016-05-26 01:00:00,24.16
2016-05-26 02:00:00,23.42
2016-05-26 03:00:00,23.27
2016-05-26 04:00:00,23.33
2016-05-26 05:00:00,23.79
2016-05-26 06:00:00,26.15
2016-05-26 07:00:00,30.96
2016-05-26 08:00:00,38.21
2016-05-26 09:00:00,44.1
2016-05-26 10:00:00,35.86
2016-05-26 11:00:00,45.04
2016-05-26 12:00:00,35.85
2016-05-26 13:00:00,39.24
2016-05-26 14:00:00,34.41
2016-05-26 15:00:00,31.39
2016-05-26 16:00:00,32.33
2016-05-26 17:00:00,35.18
2016-05-26 18:00:00,34.0
2016-05-26 19:00:00,35.27
2016-05-26 20:00:00,34.95
2016-05-26 21:00:00,32.94
2016-05-26 22:00:00,33.1
2016-05-26 23:00:00,29.87
2016-05-27 00:00:00,24.43
2016-05-27 01:00:00,23.58
2016-05-27 02:00:00,21.95
2016-05-27 03:00:00,20.61
2016-05-27 04:00:00,21.69
2016-05-27 05:00:00,23.45
2016-05-27 06:00:00,27.88
2016-05-27 07:00:00,32.99
2016-05-27 08:00:00,35.48
2016-05-27 09:00:00,43.13
2016-05-27 10:00:00,42.07
2016-05-27 11:00:00,38.61
2016-05-27 12:00:00,38.13
2016-05-27 13:00:00,36.09
2016-05-27 14:00:00,38.5
2016-05-27 15:00:00,33.97
2016-05-27 16:00:00,33.99
2016-05-27 17:00:00,37.9
2016-05-27 18:00:00,32.91
2016-05-27 19:00:00,33.2
2016-05-27 20:00:00,32.19
2016-05-27 21:00:00,31.85
2016-05-27 22:00:00,37.51
2016-05-27 23:00:00,39.8
2016-05-28 00:00:00,28.92
2016-05-28 01:00:00,24.38
2016-05-28 02:00:00,22.79
2016-05-28 03:00:00,22.14
2016-05-28 04:00:00,21.57
2016-05-28 05:00:00,21.91
2016-05-28 06:00:00,22.56
2016-05-28 07:00:00,24.0
2016-05-28 08:00:00,26.57
2016-05-28 09:00:00,32.67
2016-05-28 10:00:00,35.7
2016-05-28 11:00:00,35.11
2016-05-28 12:00:00,30.25
2016-05-28 13:00:00,25.32
2016-05-28 14:00:00,22.61
2016-05-28 15:00:00,21.57
2016-05-28 16:00:00,19.72
2016-05-28 17:00:00,21.85
2016-05-28 18:00:00,20.57
2016-05-28 19:00:00,26.42
2016-05-28 20:00:00,22.4
2016-05-28 21:00:00,26.33
2016-05-28 22:00:00,34.3
2016-05-28 23:00:00,30.58
2016-05-29 00:00:00,17.69
2016-05-29 01:00:00,12.4
2016-05-29 02:00:00,11.19
2016-05-29 03:00:00,9.84
2016-05-29 04:00:00,7.63
2016-05-29 05:00:00,6.16
2016-05-29 06:00:00,6.33
2016-05-29 07:00:00,6.66
2016-05-29 08:00:00,6.24
2016-05-29 09:00:00,7.21
2016-05-29 10:00:00,12.87
2016-05-29 11:00:00,14.03
2016-05-29 12:00:00,14.72
2016-05-29 13:00:00,12.87
2016-05-29 14:00:00,9.92
2016-05-29 15:00:00,9.16
2016-05-29 16:00:00,5.32
2016-05-29 17:00:00,7.07
2016-05-29 18:00:00,9.05
2016-05-29 19:00:00,12.94
2016-05-29 20:00:00,17.45
2016-05-29 21:00:00,22.62
2016-05-29 22:00:00,23.12
2016-05-29 23:00:00,20.22
2016-05-30 00:00:00,18.07
2016-05-30 01:00:00,14.48
2016-05-30 02:00:00,12.35
2016-05-30 03:00:00,11.28
2016-05-30 04:00:00,11.86
2016-05-30 05:00:00,18.01
2016-05-30 06:00:00,26.16
2016-05-30 07:00:00,34.94
2016-05-30 08:00:00,35.25
2016-05-30 09:00:00,35.43
2016-05-30 10:00:00,34.79
2016-05-30 11:00:00,36.14
2016-05-30 12:00:00,34.0
2016-05-30 13:00:00,31.84
2016-05-30 14:00:00,31.9
2016-05-30 15:00:00,27.21
2016-05-30 16:00:00,25.09
2016-05-30 17:00:00,27.4
2016-05-30 18:00:00,28.74
2016-05-30 19:00:00,28.99
2016-05-30 20:00:00,25.48
2016-05-30 21:00:00,24.7
2016-05-30 22:00:00,30.0
2016-05-30 23:00:00,23.69
2016-05-31 00:00:00,21.17
2016-05-31 01:00:00,19.25
2016-05-31 02:00:00,16.44
2016-05-31 03:00:00,8.09
2016-05-31 04:00:00,9.54
2016-05-31 05:00:00,16.94
2016-05-31 06:00:00,24.52
2016-05-31 07:00:00,32.93
2016-05-31 08:00:00,35.81
2016-05-31 09:00:00,35.47
2016-05-31 10:00:00,34.94
2016-05-31 11:00:00,35.8
2016-05-31 12:00:00,32.78
2016-05-31 13:00:00,30.94
2016-05-31 14:00:00,31.71
2016-05-31 15:00:00,32.67
2016-05-31 16:00:00,34.03
2016-05-31 17:00:00,32.37
2016-05-31 18:00:00,34.94
2016-05-31 19:00:00,35.92
2016-05-31 20:00:00,32.95
2016-05-31 21:00:00,31.98
2016-05-31 22:00:00,30.78
2016-05-31 23:00:00,31.94
2016-06-01 00:00:00,24.0
2016-06-01 01:00:00,22.23
2016-06-01 02:00:00,21.07
2016-06-01 03:00:00,20.08
2016-06-01 04:00:00,20.18
2016-06-01 05:00:00,23.1
2016-06-01 06:00:00,29.9
2016-06-01 07:00:00,37.49
2016-06-01 08:00:00,40.87
2016-06-01 09:00:00,41.0
2016-06-01 10:00:00,40.44
2016-06-01 11:00:00,40.51
2016-06-01 12:00:00,36.64
2016-06-01 13:00:00,34.09
2016-06-01 14:00:00,34.18
2016-06-01 15:00:00,31.66
2016-06-01 16:00:00,31.28
2016-06-01 17:00:00,30.11
2016-06-01 18:00:00,32.66
2016-06-01 19:00:00,32.92
2016-06-01 20:00:00,30.95
2016-06-01 21:00:00,29.57
2016-06-01 22:00:00,30.9
2016-06-01 23:00:00,28.05
2016-06-02 00:00:00,21.96
2016-06-02 01:00:00,20.75
2016-06-02 02:00:00,20.13
2016-06-02 03:00:00,20.0
2016-06-02 04:00:00,16.39
2016-06-02 05:00:00,17.58
2016-06-02 06:00:00,25.53
2016-06-02 07:00:00,29.69
2016-06-02 08:00:00,39.54
2016-06-02 09:00:00,37.98
2016-06-02 10:00:00,37.09
2016-06-02 11:00:00,36.37
2016-06-02 12:00:00,32.08
2016-06-02 13:00:00,28.07
2016-06-02 14:00:00,26.68
2016-06-02 15:00:00,25.95
2016-06-02 16:00:00,28.09
2016-06-02 17:00:00,32.09
2016-06-02 18:00:00,31.84
2016-06-02 19:00:00,32.96
2016-06-02 20:00:00,31.96
2016-06-02 21:00:00,28.85
2016-06-02 22:00:00,28.49
2016-06-02 23:00:00,24.59
2016-06-03 00:00:00,24.1
2016-06-03 01:00:00,21.68
2016-06-03 02:00:00,19.97
2016-06-03 03:00:00,16.03
2016-06-03 04:00:00,17.14
2016-06-03 05:00:00,22.5
2016-06-03 06:00:00,27.46
2016-06-03 07:00:00,35.45
2016-06-03 08:00:00,40.08
2016-06-03 09:00:00,39.97
2016-06-03 10:00:00,50.0
2016-06-03 11:00:00,50.0
2016-06-03 12:00:00,40.0
2016-06-03 13:00:00,39.88
2016-06-03 14:00:00,41.04
2016-06-03 15:00:00,27.83
2016-06-03 16:00:00,27.95
2016-06-03 17:00:00,28.0
2016-06-03 18:00:00,31.82
2016-06-03 19:00:00,33.61
2016-06-03 20:00:00,31.98
2016-06-03 21:00:00,30.66
2016-06-03 22:00:00,32.16
2016-06-03 23:00:00,28.94
2016-06-04 00:00:00,36.85
2016-06-04 01:00:00,23.21
2016-06-04 02:00:00,21.63
2016-06-04 03:00:00,21.29
2016-06-04 04:00:00,21.26
2016-06-04 05:00:00,21.3
2016-06-04 06:00:00,21.53
2016-06-04 07:00:00,23.5
2016-06-04 08:00:00,27.49
2016-06-04 09:00:00,28.98
2016-06-04 10:00:00,26.56
2016-06-04 11:00:00,26.91
2016-06-04 12:00:00,25.73
2016-06-04 13:00:00,22.78
2016-06-04 14:00:00,21.58
2016-06-04 15:00:00,21.41
2016-06-04 16:00:00,21.53
2016-06-04 17:00:00,25.29
2016-06-04 18:00:00,28.19
2016-06-04 19:00:00,30.07
2016-06-04 20:00:00,29.87
2016-06-04 21:00:00,29.88
2016-06-04 22:00:00,30.99
2016-06-04 23:00:00,28.88
2016-06-05 00:00:00,24.43
2016-06-05 01:00:00,22.0
2016-06-05 02:00:00,20.08
2016-06-05 03:00:00,18.32
2016-06-05 04:00:00,15.54
2016-06-05 05:00:00,14.98
2016-06-05 06:00:00,13.33
2016-06-05 07:00:00,15.52
2016-06-05 08:00:00,17.89
2016-06-05 09:00:00,18.42
2016-06-05 10:00:00,17.84
2016-06-05 11:00:00,17.98
2016-06-05 12:00:00,17.94
2016-06-05 13:00:00,15.15
2016-06-05 14:00:00,10.16
2016-06-05 15:00:00,10.22
2016-06-05 16:00:00,11.1
2016-06-05 17:00:00,17.38
2016-06-05 18:00:00,23.91
2016-06-05 19:00:00,26.92
2016-06-05 20:00:00,28.85
2016-06-05 21:00:00,29.14
2016-06-05 22:00:00,30.74
2016-06-05 23:00:00,30.0
2016-06-06 00:00:00,24.59
2016-06-06 01:00:00,22.76
2016-06-06 02:00:00,21.87
2016-06-06 03:00:00,18.38
2016-06-06 04:00:00,15.61
2016-06-06 05:00:00,19.51
2016-06-06 06:00:00,24.01
2016-06-06 07:00:00,29.81
2016-06-06 08:00:00,37.82
2016-06-06 09:00:00,34.94
2016-06-06 10:00:00,32.57
2016-06-06 11:00:00,38.87
2016-06-06 12:00:00,38.64
2016-06-06 13:00:00,38.6
2016-06-06 14:00:00,38.72
2016-06-06 15:00:00,37.95
2016-06-06 16:00:00,37.8
2016-06-06 17:00:00,39.09
2016-06-06 18:00:00,38.76
2016-06-06 19:00:00,41.06
2016-06-06 20:00:00,37.31
2016-06-06 21:00:00,34.2
2016-06-06 22:00:00,33.81
2016-06-06 23:00:00,33.77
2016-06-07 00:00:00,24.85
2016-06-07 01:00:00,23.34
2016-06-07 02:00:00,22.59
2016-06-07 03:00:00,18.66
2016-06-07 04:00:00,23.33
2016-06-07 05:00:00,23.36
2016-06-07 06:00:00,24.94
2016-06-07 07:00:00,40.0
2016-06-07 08:00:00,39.48
2016-06-07 09:00:00,39.35
2016-06-07 10:00:00,38.99
2016-06-07 11:00:00,38.29
2016-06-07 12:00:00,36.68
2016-06-07 13:00:00,33.51
2016-06-07 14:00:00,35.0
2016-06-07 15:00:00,30.13
2016-06-07 16:00:00,34.49
2016-06-07 17:00:00,32.13
2016-06-07 18:00:00,36.02
2016-06-07 19:00:00,38.48
2016-06-07 20:00:00,36.76
2016-06-07 21:00:00,32.97
2016-06-07 22:00:00,32.59
2016-06-07 23:00:00,27.54
2016-06-08 00:00:00,25.98
2016-06-08 01:00:00,23.89
2016-06-08 02:00:00,22.83
2016-06-08 03:00:00,24.62
2016-06-08 04:00:00,21.63
2016-06-08 05:00:00,23.89
2016-06-08 06:00:00,29.08
2016-06-08 07:00:00,35.07
2016-06-08 08:00:00,41.31
2016-06-08 09:00:00,37.33
2016-06-08 10:00:00,36.67
2016-06-08 11:00:00,34.91
2016-06-08 12:00:00,29.93
2016-06-08 13:00:00,27.6
2016-06-08 14:00:00,27.18
2016-06-08 15:00:00,26.37
2016-06-08 16:00:00,26.0
2016-06-08 17:00:00,28.24
2016-06-08 18:00:00,30.68
2016-06-08 19:00:00,32.9
2016-06-08 20:00:00,32.12
2016-06-08 21:00:00,32.55
2016-06-08 22:00:00,30.9
2016-06-08 23:00:00,26.5
2016-06-09 00:00:00,23.67
2016-06-09 01:00:00,21.87
2016-06-09 02:00:00,20.81
2016-06-09 03:00:00,16.1
2016-06-09 04:00:00,14.87
2016-06-09 05:00:00,21.63
2016-06-09 06:00:00,29.0
2016-06-09 07:00:00,33.89
2016-06-09 08:00:00,43.08
2016-06-09 09:00:00,44.0
2016-06-09 10:00:00,42.89
2016-06-09 11:00:00,41.4
2016-06-09 12:00:00,34.99
2016-06-09 13:00:00,33.93
2016-06-09 14:00:00,32.37
2016-06-09 15:00:00,29.86
2016-06-09 16:00:00,29.89
2016-06-09 17:00:00,28.88
2016-06-09 18:00:00,32.95
2016-06-09 19:00:00,34.94
2016-06-09 20:00:00,33.7
2016-06-09 21:00:00,31.51
2016-06-09 22:00:00,30.49
2016-06-09 23:00:00,31.25
2016-06-10 00:00:00,27.23
2016-06-10 01:00:00,23.64
2016-06-10 02:00:00,21.03
2016-06-10 03:00:00,19.91
2016-06-10 04:00:00,18.27
2016-06-10 05:00:00,20.97
2016-06-10 06:00:00,27.25
2016-06-10 07:00:00,33.94
2016-06-10 08:00:00,35.95
2016-06-10 09:00:00,35.84
2016-06-10 10:00:00,39.02
2016-06-10 11:00:00,38.76
2016-06-10 12:00:00,38.25
2016-06-10 13:00:00,38.91
2016-06-10 14:00:00,37.0
2016-06-10 15:00:00,32.17
2016-06-10 16:00:00,27.04
2016-06-10 17:00:00,29.79
2016-06-10 18:00:00,30.01
2016-06-10 19:00:00,32.85
2016-06-10 20:00:00,32.06
2016-06-10 21:00:00,31.67
2016-06-10 22:00:00,32.86
2016-06-10 23:00:00,35.0
2016-06-11 00:00:00,26.14
2016-06-11 01:00:00,24.2
2016-06-11 02:00:00,23.01
2016-06-11 03:00:00,20.99
2016-06-11 04:00:00,20.0
2016-06-11 05:00:00,19.03
2016-06-11 06:00:00,17.34
2016-06-11 07:00:00,19.0
2016-06-11 08:00:00,26.06
2016-06-11 09:00:00,29.47
2016-06-11 10:00:00,29.46
2016-06-11 11:00:00,30.03
2016-06-11 12:00:00,28.49
2016-06-11 13:00:00,25.69
2016-06-11 14:00:00,24.82
2016-06-11 15:00:00,23.89
2016-06-11 16:00:00,23.42
2016-06-11 17:00:00,25.0
2016-06-11 18:00:00,33.62
2016-06-11 19:00:00,37.53
2016-06-11 20:00:00,28.49
2016-06-11 21:00:00,29.47
2016-06-11 22:00:00,30.94
2016-06-11 23:00:00,33.19
2016-06-12 00:00:00,39.08
2016-06-12 01:00:00,24.65
2016-06-12 02:00:00,22.64
2016-06-12 03:00:00,24.19
2016-06-12 04:00:00,14.47
2016-06-12 05:00:00,20.0
2016-06-12 06:00:00,26.59
2016-06-12 07:00:00,25.28
2016-06-12 08:00:00,19.47
2016-06-12 09:00:00,23.09
2016-06-12 10:00:00,24.92
2016-06-12 11:00:00,25.3
2016-06-12 12:00:00,34.94
2016-06-12 13:00:00,26.66
2016-06-12 14:00:00,24.67
2016-06-12 15:00:00,24.66
2016-06-12 16:00:00,18.62
2016-06-12 17:00:00,39.94
2016-06-12 18:00:00,41.52
2016-06-12 19:00:00,44.46
2016-06-12 20:00:00,41.6
2016-06-12 21:00:00,31.19
2016-06-12 22:00:00,32.44
2016-06-12 23:00:00,37.97
2016-06-13 00:00:00,25.61
2016-06-13 01:00:00,24.83
2016-06-13 02:00:00,24.35
2016-06-13 03:00:00,26.21
2016-06-13 04:00:00,28.44
2016-06-13 05:00:00,24.66
2016-06-13 06:00:00,30.35
2016-06-13 07:00:00,39.94
2016-06-13 08:00:00,43.06
2016-06-13 09:00:00,60.6
2016-06-13 10:00:00,60.6
2016-06-13 11:00:00,52.81
2016-06-13 12:00:00,48.81
2016-06-13 13:00:00,60.6
2016-06-13 14:00:00,58.09
2016-06-13 15:00:00,60.49
2016-06-13 16:00:00,50.0
2016-06-13 17:00:00,56.54
2016-06-13 18:00:00,61.0
2016-06-13 19:00:00,60.6
2016-06-13 20:00:00,45.12
2016-06-13 21:00:00,40.0
2016-06-13 22:00:00,39.94
2016-06-13 23:00:00,37.13
2016-06-14 00:00:00,26.18
2016-06-14 01:00:00,24.31
2016-06-14 02:00:00,23.18
2016-06-14 03:00:00,22.22
2016-06-14 04:00:00,24.2
2016-06-14 05:00:00,24.33
2016-06-14 06:00:00,27.4
2016-06-14 07:00:00,35.29
2016-06-14 08:00:00,39.86
2016-06-14 09:00:00,38.44
2016-06-14 10:00:00,38.18
2016-06-14 11:00:00,41.31
2016-06-14 12:00:00,41.93
2016-06-14 13:00:00,45.38
2016-06-14 14:00:00,39.1
2016-06-14 15:00:00,35.49
2016-06-14 16:00:00,35.87
2016-06-14 17:00:00,40.2
2016-06-14 18:00:00,35.08
2016-06-14 19:00:00,37.5
2016-06-14 20:00:00,36.0
2016-06-14 21:00:00,32.01
2016-06-14 22:00:00,33.1
2016-06-14 23:00:00,33.1
2016-06-15 00:00:00,27.72
2016-06-15 01:00:00,26.63
2016-06-15 02:00:00,24.92
2016-06-15 03:00:00,23.73
2016-06-15 04:00:00,25.38
2016-06-15 05:00:00,25.31
2016-06-15 06:00:00,28.37
2016-06-15 07:00:00,37.21
2016-06-15 08:00:00,42.03
2016-06-15 09:00:00,52.4
2016-06-15 10:00:00,56.36
2016-06-15 11:00:00,54.53
2016-06-15 12:00:00,53.46
2016-06-15 13:00:00,52.66
2016-06-15 14:00:00,48.69
2016-06-15 15:00:00,39.24
2016-06-15 16:00:00,41.35
2016-06-15 17:00:00,56.18
2016-06-15 18:00:00,54.05
2016-06-15 19:00:00,50.1
2016-06-15 20:00:00,44.68
2016-06-15 21:00:00,40.25
2016-06-15 22:00:00,41.25
2016-06-15 23:00:00,38.0
2016-06-16 00:00:00,31.86
2016-06-16 01:00:00,26.52
2016-06-16 02:00:00,25.8
2016-06-16 03:00:00,25.0
2016-06-16 04:00:00,25.42
2016-06-16 05:00:00,24.95
2016-06-16 06:00:00,29.84
2016-06-16 07:00:00,37.82
2016-06-16 08:00:00,41.34
2016-06-16 09:00:00,44.72
2016-06-16 10:00:00,44.72
2016-06-16 11:00:00,44.72
2016-06-16 12:00:00,40.0
2016-06-16 13:00:00,44.75
2016-06-16 14:00:00,44.92
2016-06-16 15:00:00,39.96
2016-06-16 16:00:00,40.0
2016-06-16 17:00:00,47.81
2016-06-16 18:00:00,45.13
2016-06-16 19:00:00,43.61
2016-06-16 20:00:00,45.27
2016-06-16 21:00:00,33.02
2016-06-16 22:00:00,34.32
2016-06-16 23:00:00,37.64
2016-06-17 00:00:00,35.0
2016-06-17 01:00:00,25.59
2016-06-17 02:00:00,24.81
2016-06-17 03:00:00,23.28
2016-06-17 04:00:00,23.66
2016-06-17 05:00:00,24.13
2016-06-17 06:00:00,27.85
2016-06-17 07:00:00,35.3
2016-06-17 08:00:00,39.7
2016-06-17 09:00:00,56.96
2016-06-17 10:00:00,61.64
2016-06-17 11:00:00,57.41
2016-06-17 12:00:00,52.67
2016-06-17 13:00:00,47.41
2016-06-17 14:00:00,37.62
2016-06-17 15:00:00,34.99
2016-06-17 16:00:00,34.99
2016-06-17 17:00:00,32.44
2016-06-17 18:00:00,32.26
2016-06-17 19:00:00,32.15
2016-06-17 20:00:00,30.59
2016-06-17 21:00:00,28.16
2016-06-17 22:00:00,36.98
2016-06-17 23:00:00,29.81
2016-06-18 00:00:00,29.86
2016-06-18 01:00:00,20.7
2016-06-18 02:00:00,18.5
2016-06-18 03:00:00,15.92
2016-06-18 04:00:00,14.31
2016-06-18 05:00:00,13.84
2016-06-18 06:00:00,17.04
2016-06-18 07:00:00,17.11
2016-06-18 08:00:00,21.57
2016-06-18 09:00:00,34.27
2016-06-18 10:00:00,32.0
2016-06-18 11:00:00,25.75
2016-06-18 12:00:00,35.65
2016-06-18 13:00:00,30.0
2016-06-18 14:00:00,25.29
2016-06-18 15:00:00,21.08
2016-06-18 16:00:00,18.32
2016-06-18 17:00:00,20.69
2016-06-18 18:00:00,23.32
2016-06-18 19:00:00,25.17
2016-06-18 20:00:00,21.57
2016-06-18 21:00:00,21.24
2016-06-18 22:00:00,28.0
2016-06-18 23:00:00,29.59
2016-06-19 00:00:00,25.49
2016-06-19 01:00:00,18.64
2016-06-19 02:00:00,16.7
2016-06-19 03:00:00,14.93
2016-06-19 04:00:00,13.27
2016-06-19 05:00:00,9.58
2016-06-19 06:00:00,13.89
2016-06-19 07:00:00,11.75
2016-06-19 08:00:00,10.48
2016-06-19 09:00:00,12.47
2016-06-19 10:00:00,13.41
2016-06-19 11:00:00,13.83
2016-06-19 12:00:00,14.7
2016-06-19 13:00:00,14.14
2016-06-19 14:00:00,15.24
2016-06-19 15:00:00,11.05
2016-06-19 16:00:00,5.54
2016-06-19 17:00:00,10.4
2016-06-19 18:00:00,16.32
2016-06-19 19:00:00,22.11
2016-06-19 20:00:00,23.96
2016-06-19 21:00:00,25.23
2016-06-19 22:00:00,36.75
2016-06-19 23:00:00,34.72
2016-06-20 00:00:00,25.68
2016-06-20 01:00:00,19.8
2016-06-20 02:00:00,19.69
2016-06-20 03:00:00,15.0
2016-06-20 04:00:00,19.69
2016-06-20 05:00:00,19.99
2016-06-20 06:00:00,28.97
2016-06-20 07:00:00,34.42
2016-06-20 08:00:00,34.94
2016-06-20 09:00:00,34.79
2016-06-20 10:00:00,33.0
2016-06-20 11:00:00,35.59
2016-06-20 12:00:00,33.39
2016-06-20 13:00:00,32.97
2016-06-20 14:00:00,31.5
2016-06-20 15:00:00,39.47
2016-06-20 16:00:00,39.7
2016-06-20 17:00:00,35.4
2016-06-20 18:00:00,32.97
2016-06-20 19:00:00,34.96
2016-06-20 20:00:00,33.57
2016-06-20 21:00:00,31.76
2016-06-20 22:00:00,38.0
2016-06-20 23:00:00,44.5
2016-06-21 00:00:00,27.16
2016-06-21 01:00:00,24.12
2016-06-21 02:00:00,23.62
2016-06-21 03:00:00,21.23
2016-06-21 04:00:00,21.89
2016-06-21 05:00:00,23.93
2016-06-21 06:00:00,29.54
2016-06-21 07:00:00,38.73
2016-06-21 08:00:00,40.78
2016-06-21 09:00:00,43.62
2016-06-21 10:00:00,41.79
2016-06-21 11:00:00,43.73
2016-06-21 12:00:00,39.59
2016-06-21 13:00:00,37.64
2016-06-21 14:00:00,35.84
2016-06-21 15:00:00,34.16
2016-06-21 16:00:00,32.45
2016-06-21 17:00:00,33.05
2016-06-21 18:00:00,34.94
2016-06-21 19:00:00,35.91
2016-06-21 20:00:00,37.44
2016-06-21 21:00:00,34.98
2016-06-21 22:00:00,34.96
2016-06-21 23:00:00,32.95
2016-06-22 00:00:00,28.06
2016-06-22 01:00:00,24.95
2016-06-22 02:00:00,24.71
2016-06-22 03:00:00,23.14
2016-06-22 04:00:00,22.97
2016-06-22 05:00:00,24.06
2016-06-22 06:00:00,29.98
2016-06-22 07:00:00,40.0
2016-06-22 08:00:00,42.0
2016-06-22 09:00:00,40.0
2016-06-22 10:00:00,37.27
2016-06-22 11:00:00,36.72
2016-06-22 12:00:00,41.37
2016-06-22 13:00:00,40.48
2016-06-22 14:00:00,38.64
2016-06-22 15:00:00,38.12
2016-06-22 16:00:00,38.56
2016-06-22 17:00:00,37.73
2016-06-22 18:00:00,38.12
2016-06-22 19:00:00,39.8
2016-06-22 20:00:00,38.3
2016-06-22 21:00:00,37.39
2016-06-22 22:00:00,39.54
2016-06-22 23:00:00,38.93
2016-06-23 00:00:00,28.09
2016-06-23 01:00:00,25.64
2016-06-23 02:00:00,24.38
2016-06-23 03:00:00,22.8
2016-06-23 04:00:00,22.76
2016-06-23 05:00:00,24.14
2016-06-23 06:00:00,28.16
2016-06-23 07:00:00,35.91
2016-06-23 08:00:00,35.91
2016-06-23 09:00:00,34.97
2016-06-23 10:00:00,39.77
2016-06-23 11:00:00,42.71
2016-06-23 12:00:00,45.42
2016-06-23 13:00:00,46.56
2016-06-23 14:00:00,46.58
2016-06-23 15:00:00,44.83
2016-06-23 16:00:00,48.95
2016-06-23 17:00:00,54.27
2016-06-23 18:00:00,47.99
2016-06-23 19:00:00,43.33
2016-06-23 20:00:00,39.68
2016-06-23 21:00:00,32.72
2016-06-23 22:00:00,42.26
2016-06-23 23:00:00,37.65
2016-06-24 00:00:00,39.03
2016-06-24 01:00:00,25.45
2016-06-24 02:00:00,25.57
2016-06-24 03:00:00,24.06
2016-06-24 04:00:00,24.43
2016-06-24 05:00:00,26.43
2016-06-24 06:00:00,31.86
2016-06-24 07:00:00,37.03
2016-06-24 08:00:00,44.24
2016-06-24 09:00:00,55.12
2016-06-24 10:00:00,59.18
2016-06-24 11:00:00,60.0
2016-06-24 12:00:00,57.01
2016-06-24 13:00:00,53.51
2016-06-24 14:00:00,45.92
2016-06-24 15:00:00,37.98
2016-06-24 16:00:00,37.06
2016-06-24 17:00:00,34.51
2016-06-24 18:00:00,34.98
2016-06-24 19:00:00,35.53
2016-06-24 20:00:00,34.95
2016-06-24 21:00:00,33.28
2016-06-24 22:00:00,34.12
2016-06-24 23:00:00,39.25
2016-06-25 00:00:00,30.14
2016-06-25 01:00:00,26.12
2016-06-25 02:00:00,26.31
2016-06-25 03:00:00,23.96
2016-06-25 04:00:00,21.39
2016-06-25 05:00:00,20.81
2016-06-25 06:00:00,21.35
2016-06-25 07:00:00,23.42
2016-06-25 08:00:00,29.61
2016-06-25 09:00:00,30.46
2016-06-25 10:00:00,24.92
2016-06-25 11:00:00,27.26
2016-06-25 12:00:00,30.06
2016-06-25 13:00:00,26.71
2016-06-25 14:00:00,23.76
2016-06-25 15:00:00,21.72
2016-06-25 16:00:00,21.36
2016-06-25 17:00:00,21.66
2016-06-25 18:00:00,22.7
2016-06-25 19:00:00,27.26
2016-06-25 20:00:00,25.7
2016-06-25 21:00:00,25.57
2016-06-25 22:00:00,29.61
2016-06-25 23:00:00,30.58
2016-06-26 00:00:00,17.29
2016-06-26 01:00:00,12.78
2016-06-26 02:00:00,9.15
2016-06-26 03:00:00,9.34
2016-06-26 04:00:00,7.42
2016-06-26 05:00:00,7.97
2016-06-26 06:00:00,5.79
2016-06-26 07:00:00,8.09
2016-06-26 08:00:00,7.68
2016-06-26 09:00:00,8.17
2016-06-26 10:00:00,9.79
2016-06-26 11:00:00,12.86
2016-06-26 12:00:00,14.64
2016-06-26 13:00:00,11.8
2016-06-26 14:00:00,11.25
2016-06-26 15:00:00,8.52
2016-06-26 16:00:00,7.6
2016-06-26 17:00:00,9.77
2016-06-26 18:00:00,19.55
2016-06-26 19:00:00,23.78
2016-06-26 20:00:00,24.36
2016-06-26 21:00:00,22.51
2016-06-26 22:00:00,31.91
2016-06-26 23:00:00,28.12
2016-06-27 00:00:00,24.1
2016-06-27 01:00:00,20.99
2016-06-27 02:00:00,19.04
2016-06-27 03:00:00,11.45
2016-06-27 04:00:00,12.51
2016-06-27 05:00:00,19.02
2016-06-27 06:00:00,27.75
2016-06-27 07:00:00,33.07
2016-06-27 08:00:00,34.26
2016-06-27 09:00:00,32.48
2016-06-27 10:00:00,37.6
2016-06-27 11:00:00,38.08
2016-06-27 12:00:00,34.58
2016-06-27 13:00:00,40.0
2016-06-27 14:00:00,38.59
2016-06-27 15:00:00,36.52
2016-06-27 16:00:00,33.1
2016-06-27 17:00:00,37.76
2016-06-27 18:00:00,37.1
2016-06-27 19:00:00,39.05
2016-06-27 20:00:00,38.31
2016-06-27 21:00:00,36.52
2016-06-27 22:00:00,43.1
2016-06-27 23:00:00,43.27
2016-06-28 00:00:00,26.84
2016-06-28 01:00:00,24.4
2016-06-28 02:00:00,24.09
2016-06-28 03:00:00,23.13
2016-06-28 04:00:00,22.76
2016-06-28 05:00:00,24.19
2016-06-28 06:00:00,29.61
2016-06-28 07:00:00,40.08
2016-06-28 08:00:00,41.91
2016-06-28 09:00:00,41.98
2016-06-28 10:00:00,38.94
2016-06-28 11:00:00,37.88
2016-06-28 12:00:00,35.36
2016-06-28 13:00:00,34.56
2016-06-28 14:00:00,37.16
2016-06-28 15:00:00,33.59
2016-06-28 16:00:00,31.0
2016-06-28 17:00:00,36.04
2016-06-28 18:00:00,39.85
2016-06-28 19:00:00,41.74
2016-06-28 20:00:00,38.99
2016-06-28 21:00:00,34.56
2016-06-28 22:00:00,33.84
2016-06-28 23:00:00,28.34
2016-06-29 00:00:00,24.03
2016-06-29 01:00:00,22.14
2016-06-29 02:00:00,20.64
2016-06-29 03:00:00,16.53
2016-06-29 04:00:00,14.75
2016-06-29 05:00:00,19.16
2016-06-29 06:00:00,24.58
2016-06-29 07:00:00,32.91
2016-06-29 08:00:00,34.94
2016-06-29 09:00:00,31.82
2016-06-29 10:00:00,38.48
2016-06-29 11:00:00,39.97
2016-06-29 12:00:00,37.93
2016-06-29 13:00:00,38.3
2016-06-29 14:00:00,36.87
2016-06-29 15:00:00,28.85
2016-06-29 16:00:00,26.0
2016-06-29 17:00:00,26.54
2016-06-29 18:00:00,33.46
2016-06-29 19:00:00,38.99
2016-06-29 20:00:00,37.49
2016-06-29 21:00:00,34.98
2016-06-29 22:00:00,34.94
2016-06-29 23:00:00,29.96
2016-06-30 00:00:00,25.16
2016-06-30 01:00:00,23.34
2016-06-30 02:00:00,22.08
2016-06-30 03:00:00,20.11
2016-06-30 04:00:00,19.82
2016-06-30 05:00:00,21.58
2016-06-30 06:00:00,26.61
2016-06-30 07:00:00,34.94
2016-06-30 08:00:00,39.86
2016-06-30 09:00:00,39.96
2016-06-30 10:00:00,38.49
2016-06-30 11:00:00,38.86
2016-06-30 12:00:00,39.31
2016-06-30 13:00:00,36.87
2016-06-30 14:00:00,33.15
2016-06-30 15:00:00,32.44
2016-06-30 16:00:00,33.01
2016-06-30 17:00:00,31.96
2016-06-30 18:00:00,34.23
2016-06-30 19:00:00,38.28
2016-06-30 20:00:00,34.91
2016-06-30 21:00:00,31.11
2016-06-30 22:00:00,32.38
2016-06-30 23:00:00,27.72
2016-07-01 00:00:00,29.36
2016-07-01 01:00:00,24.69
2016-07-01 02:00:00,23.42
2016-07-01 03:00:00,21.91
2016-07-01 04:00:00,20.19
2016-07-01 05:00:00,22.44
2016-07-01 06:00:00,26.84
2016-07-01 07:00:00,33.58
2016-07-01 08:00:00,35.78
2016-07-01 09:00:00,36.11
2016-07-01 10:00:00,39.35
2016-07-01 11:00:00,39.96
2016-07-01 12:00:00,39.29
2016-07-01 13:00:00,39.38
2016-07-01 14:00:00,32.01
2016-07-01 15:00:00,27.32
2016-07-01 16:00:00,27.7
2016-07-01 17:00:00,28.75
2016-07-01 18:00:00,32.43
2016-07-01 19:00:00,33.95
2016-07-01 20:00:00,32.67
2016-07-01 21:00:00,30.07
2016-07-01 22:00:00,31.91
2016-07-01 23:00:00,34.88
2016-07-02 00:00:00,22.03
2016-07-02 01:00:00,20.38
2016-07-02 02:00:00,19.4
2016-07-02 03:00:00,17.09
2016-07-02 04:00:00,16.79
2016-07-02 05:00:00,16.58
2016-07-02 06:00:00,17.99
2016-07-02 07:00:00,20.05
2016-07-02 08:00:00,21.41
2016-07-02 09:00:00,24.11
2016-07-02 10:00:00,23.1
2016-07-02 11:00:00,22.57
2016-07-02 12:00:00,22.4
2016-07-02 13:00:00,21.29
2016-07-02 14:00:00,20.0
2016-07-02 15:00:00,18.52
2016-07-02 16:00:00,17.95
2016-07-02 17:00:00,19.96
2016-07-02 18:00:00,23.11
2016-07-02 19:00:00,25.33
2016-07-02 20:00:00,25.48
2016-07-02 21:00:00,25.03
2016-07-02 22:00:00,32.7
2016-07-02 23:00:00,33.45
2016-07-03 00:00:00,18.07
2016-07-03 01:00:00,13.39
2016-07-03 02:00:00,13.58
2016-07-03 03:00:00,12.33
2016-07-03 04:00:00,10.09
2016-07-03 05:00:00,9.36
2016-07-03 06:00:00,10.41
2016-07-03 07:00:00,12.02
2016-07-03 08:00:00,12.5
2016-07-03 09:00:00,14.89
2016-07-03 10:00:00,14.27
2016-07-03 11:00:00,15.07
2016-07-03 12:00:00,17.49
2016-07-03 13:00:00,14.6
2016-07-03 14:00:00,11.68
2016-07-03 15:00:00,11.7
2016-07-03 16:00:00,12.26
2016-07-03 17:00:00,15.84
2016-07-03 18:00:00,20.43
2016-07-03 19:00:00,26.76
2016-07-03 20:00:00,27.97
2016-07-03 21:00:00,24.32
2016-07-03 22:00:00,32.35
2016-07-03 23:00:00,33.99
2016-07-04 00:00:00,39.63
2016-07-04 01:00:00,24.22
2016-07-04 02:00:00,22.26
2016-07-04 03:00:00,21.65
2016-07-04 04:00:00,21.69
2016-07-04 05:00:00,23.37
2016-07-04 06:00:00,31.93
2016-07-04 07:00:00,35.19
2016-07-04 08:00:00,40.33
2016-07-04 09:00:00,46.19
2016-07-04 10:00:00,48.55
2016-07-04 11:00:00,52.05
2016-07-04 12:00:00,52.14
2016-07-04 13:00:00,50.22
2016-07-04 14:00:00,44.5
2016-07-04 15:00:00,44.32
2016-07-04 16:00:00,43.19
2016-07-04 17:00:00,47.6
2016-07-04 18:00:00,38.69
2016-07-04 19:00:00,40.98
2016-07-04 20:00:00,38.65
2016-07-04 21:00:00,35.56
2016-07-04 22:00:00,40.34
2016-07-04 23:00:00,37.61
2016-07-05 00:00:00,29.93
2016-07-05 01:00:00,27.0
2016-07-05 02:00:00,25.46
2016-07-05 03:00:00,23.88
2016-07-05 04:00:00,23.43
2016-07-05 05:00:00,25.31
2016-07-05 06:00:00,30.28
2016-07-05 07:00:00,34.94
2016-07-05 08:00:00,36.46
2016-07-05 09:00:00,35.05
2016-07-05 10:00:00,38.09
2016-07-05 11:00:00,37.85
2016-07-05 12:00:00,35.0
2016-07-05 13:00:00,32.63
2016-07-05 14:00:00,30.99
2016-07-05 15:00:00,28.31
2016-07-05 16:00:00,25.14
2016-07-05 17:00:00,29.33
2016-07-05 18:00:00,35.03
2016-07-05 19:00:00,37.33
2016-07-05 20:00:00,35.48
2016-07-05 21:00:00,27.92
2016-07-05 22:00:00,36.98
2016-07-05 23:00:00,36.09
2016-07-06 00:00:00,25.09
2016-07-06 01:00:00,17.86
2016-07-06 02:00:00,13.67
2016-07-06 03:00:00,11.32
2016-07-06 04:00:00,11.17
2016-07-06 05:00:00,12.82
2016-07-06 06:00:00,20.47
2016-07-06 07:00:00,25.27
2016-07-06 08:00:00,31.5
2016-07-06 09:00:00,35.59
2016-07-06 10:00:00,38.45
2016-07-06 11:00:00,38.53
2016-07-06 12:00:00,38.98
2016-07-06 13:00:00,32.0
2016-07-06 14:00:00,34.87
2016-07-06 15:00:00,28.92
2016-07-06 16:00:00,27.08
2016-07-06 17:00:00,30.07
2016-07-06 18:00:00,30.82
2016-07-06 19:00:00,33.82
2016-07-06 20:00:00,33.9
2016-07-06 21:00:00,29.6
2016-07-06 22:00:00,35.0
2016-07-06 23:00:00,31.55
2016-07-07 00:00:00,29.09
2016-07-07 01:00:00,26.87
2016-07-07 02:00:00,25.57
2016-07-07 03:00:00,22.11
2016-07-07 04:00:00,22.98
2016-07-07 05:00:00,23.74
2016-07-07 06:00:00,30.6
2016-07-07 07:00:00,34.28
2016-07-07 08:00:00,36.21
2016-07-07 09:00:00,35.93
2016-07-07 10:00:00,36.15
2016-07-07 11:00:00,39.13
2016-07-07 12:00:00,38.41
2016-07-07 13:00:00,38.89
2016-07-07 14:00:00,31.56
2016-07-07 15:00:00,30.29
2016-07-07 16:00:00,31.46
2016-07-07 17:00:00,34.03
2016-07-07 18:00:00,38.08
2016-07-07 19:00:00,38.85
2016-07-07 20:00:00,37.91
2016-07-07 21:00:00,32.49
2016-07-07 22:00:00,36.53
2016-07-07 23:00:00,35.8
2016-07-08 00:00:00,28.62
2016-07-08 01:00:00,26.83
2016-07-08 02:00:00,25.04
2016-07-08 03:00:00,23.46
2016-07-08 04:00:00,23.18
2016-07-08 05:00:00,25.02
2016-07-08 06:00:00,30.0
2016-07-08 07:00:00,34.99
2016-07-08 08:00:00,39.26
2016-07-08 09:00:00,40.69
2016-07-08 10:00:00,42.81
2016-07-08 11:00:00,43.38
2016-07-08 12:00:00,39.32
2016-07-08 13:00:00,36.92
2016-07-08 14:00:00,34.09
2016-07-08 15:00:00,30.62
2016-07-08 16:00:00,26.94
2016-07-08 17:00:00,27.38
2016-07-08 18:00:00,28.54
2016-07-08 19:00:00,29.79
2016-07-08 20:00:00,28.1
2016-07-08 21:00:00,26.91
2016-07-08 22:00:00,32.91
2016-07-08 23:00:00,37.19
2016-07-09 00:00:00,25.27
2016-07-09 01:00:00,24.47
2016-07-09 02:00:00,23.97
2016-07-09 03:00:00,22.31
2016-07-09 04:00:00,17.48
2016-07-09 05:00:00,18.9
2016-07-09 06:00:00,20.8
2016-07-09 07:00:00,22.52
2016-07-09 08:00:00,24.29
2016-07-09 09:00:00,28.31
2016-07-09 10:00:00,35.01
2016-07-09 11:00:00,34.03
2016-07-09 12:00:00,37.0
2016-07-09 13:00:00,33.22
2016-07-09 14:00:00,24.39
2016-07-09 15:00:00,25.71
2016-07-09 16:00:00,22.03
2016-07-09 17:00:00,22.0
2016-07-09 18:00:00,27.92
2016-07-09 19:00:00,30.63
2016-07-09 20:00:00,28.61
2016-07-09 21:00:00,29.86
2016-07-09 22:00:00,30.61
2016-07-09 23:00:00,30.85
2016-07-10 00:00:00,31.32
2016-07-10 01:00:00,23.94
2016-07-10 02:00:00,21.98
2016-07-10 03:00:00,18.79
2016-07-10 04:00:00,15.58
2016-07-10 05:00:00,14.11
2016-07-10 06:00:00,14.2
2016-07-10 07:00:00,15.35
2016-07-10 08:00:00,15.04
2016-07-10 09:00:00,16.28
2016-07-10 10:00:00,20.01
2016-07-10 11:00:00,23.35
2016-07-10 12:00:00,27.46
2016-07-10 13:00:00,25.95
2016-07-10 14:00:00,21.49
2016-07-10 15:00:00,18.03
2016-07-10 16:00:00,14.07
2016-07-10 17:00:00,11.09
2016-07-10 18:00:00,15.32
2016-07-10 19:00:00,26.75
2016-07-10 20:00:00,27.41
2016-07-10 21:00:00,27.91
2016-07-10 22:00:00,31.49
2016-07-10 23:00:00,33.1
2016-07-11 00:00:00,30.32
2016-07-11 01:00:00,23.97
2016-07-11 02:00:00,22.79
2016-07-11 03:00:00,19.96
2016-07-11 04:00:00,19.77
2016-07-11 05:00:00,22.1
2016-07-11 06:00:00,27.67
2016-07-11 07:00:00,32.03
2016-07-11 08:00:00,32.94
2016-07-11 09:00:00,33.89
2016-07-11 10:00:00,33.5
2016-07-11 11:00:00,40.68
2016-07-11 12:00:00,38.41
2016-07-11 13:00:00,36.7
2016-07-11 14:00:00,33.97
2016-07-11 15:00:00,31.82
2016-07-11 16:00:00,30.0
2016-07-11 17:00:00,27.07
2016-07-11 18:00:00,33.62
2016-07-11 19:00:00,36.03
2016-07-11 20:00:00,31.48
2016-07-11 21:00:00,30.02
2016-07-11 22:00:00,38.94
2016-07-11 23:00:00,35.81
2016-07-12 00:00:00,32.87
2016-07-12 01:00:00,25.85
2016-07-12 02:00:00,25.16
2016-07-12 03:00:00,22.59
2016-07-12 04:00:00,22.58
2016-07-12 05:00:00,24.51
2016-07-12 06:00:00,28.53
2016-07-12 07:00:00,36.22
2016-07-12 08:00:00,35.41
2016-07-12 09:00:00,44.57
2016-07-12 10:00:00,44.11
2016-07-12 11:00:00,49.86
2016-07-12 12:00:00,44.5
2016-07-12 13:00:00,44.98
2016-07-12 14:00:00,40.24
2016-07-12 15:00:00,33.87
2016-07-12 16:00:00,34.55
2016-07-12 17:00:00,36.02
2016-07-12 18:00:00,41.36
2016-07-12 19:00:00,41.85
2016-07-12 20:00:00,33.06
2016-07-12 21:00:00,33.67
2016-07-12 22:00:00,37.87
2016-07-12 23:00:00,39.98
2016-07-13 00:00:00,27.95
2016-07-13 01:00:00,27.16
2016-07-13 02:00:00,26.05
2016-07-13 03:00:00,25.0
2016-07-13 04:00:00,25.1
2016-07-13 05:00:00,26.18
2016-07-13 06:00:00,31.85
2016-07-13 07:00:00,34.94
2016-07-13 08:00:00,40.42
2016-07-13 09:00:00,49.74
2016-07-13 10:00:00,48.54
2016-07-13 11:00:00,47.39
2016-07-13 12:00:00,44.2
2016-07-13 13:00:00,41.17
2016-07-13 14:00:00,38.23
2016-07-13 15:00:00,34.04
2016-07-13 16:00:00,31.94
2016-07-13 17:00:00,32.94
2016-07-13 18:00:00,34.22
2016-07-13 19:00:00,35.06
2016-07-13 20:00:00,33.01
2016-07-13 21:00:00,30.81
2016-07-13 22:00:00,38.79
2016-07-13 23:00:00,33.25
2016-07-14 00:00:00,35.74
2016-07-14 01:00:00,32.59
2016-07-14 02:00:00,28.51
2016-07-14 03:00:00,22.27
2016-07-14 04:00:00,21.64
2016-07-14 05:00:00,22.34
2016-07-14 06:00:00,24.06
2016-07-14 07:00:00,29.42
2016-07-14 08:00:00,32.05
2016-07-14 09:00:00,34.97
2016-07-14 10:00:00,34.5
2016-07-14 11:00:00,33.57
2016-07-14 12:00:00,32.27
2016-07-14 13:00:00,25.48
2016-07-14 14:00:00,23.91
2016-07-14 15:00:00,22.91
2016-07-14 16:00:00,22.92
2016-07-14 17:00:00,24.31
2016-07-14 18:00:00,26.22
2016-07-14 19:00:00,28.95
2016-07-14 20:00:00,31.29
2016-07-14 21:00:00,29.22
2016-07-14 22:00:00,35.57
2016-07-14 23:00:00,35.35
2016-07-15 00:00:00,25.44
2016-07-15 01:00:00,21.4
2016-07-15 02:00:00,19.22
2016-07-15 03:00:00,15.55
2016-07-15 04:00:00,16.74
2016-07-15 05:00:00,20.23
2016-07-15 06:00:00,23.44
2016-07-15 07:00:00,29.08
2016-07-15 08:00:00,30.08
2016-07-15 09:00:00,32.72
2016-07-15 10:00:00,34.68
2016-07-15 11:00:00,35.64
2016-07-15 12:00:00,35.23
2016-07-15 13:00:00,34.5
2016-07-15 14:00:00,34.19
2016-07-15 15:00:00,33.89
2016-07-15 16:00:00,24.09
2016-07-15 17:00:00,27.71
2016-07-15 18:00:00,31.92
2016-07-15 19:00:00,34.67
2016-07-15 20:00:00,32.73
2016-07-15 21:00:00,32.25
2016-07-15 22:00:00,34.94
2016-07-15 23:00:00,36.18
2016-07-16 00:00:00,27.53
2016-07-16 01:00:00,23.82
2016-07-16 02:00:00,23.0
2016-07-16 03:00:00,22.0
2016-07-16 04:00:00,21.91
2016-07-16 05:00:00,21.79
2016-07-16 06:00:00,22.01
2016-07-16 07:00:00,22.47
2016-07-16 08:00:00,23.68
2016-07-16 09:00:00,30.0
2016-07-16 10:00:00,30.61
2016-07-16 11:00:00,30.0
2016-07-16 12:00:00,27.44
2016-07-16 13:00:00,23.98
2016-07-16 14:00:00,23.73
2016-07-16 15:00:00,23.01
2016-07-16 16:00:00,23.78
2016-07-16 17:00:00,25.38
2016-07-16 18:00:00,30.3
2016-07-16 19:00:00,33.97
2016-07-16 20:00:00,30.61
2016-07-16 21:00:00,30.99
2016-07-16 22:00:00,32.16
2016-07-16 23:00:00,36.82
2016-07-17 00:00:00,30.0
2016-07-17 01:00:00,24.3
2016-07-17 02:00:00,22.14
2016-07-17 03:00:00,20.17
2016-07-17 04:00:00,20.03
2016-07-17 05:00:00,19.4
2016-07-17 06:00:00,19.01
2016-07-17 07:00:00,20.96
2016-07-17 08:00:00,21.13
2016-07-17 09:00:00,22.3
2016-07-17 10:00:00,23.54
2016-07-17 11:00:00,24.26
2016-07-17 12:00:00,24.26
2016-07-17 13:00:00,21.46
2016-07-17 14:00:00,22.1
2016-07-17 15:00:00,21.19
2016-07-17 16:00:00,22.05
2016-07-17 17:00:00,24.3
2016-07-17 18:00:00,24.97
2016-07-17 19:00:00,31.97
2016-07-17 20:00:00,37.73
2016-07-17 21:00:00,34.99
2016-07-17 22:00:00,48.51
2016-07-17 23:00:00,37.03
2016-07-18 00:00:00,40.0
2016-07-18 01:00:00,32.93
2016-07-18 02:00:00,24.88
2016-07-18 03:00:00,22.66
2016-07-18 04:00:00,23.02
2016-07-18 05:00:00,24.67
2016-07-18 06:00:00,28.82
2016-07-18 07:00:00,33.09
2016-07-18 08:00:00,35.39
2016-07-18 09:00:00,39.39
2016-07-18 10:00:00,46.67
2016-07-18 11:00:00,36.13
2016-07-18 12:00:00,43.92
2016-07-18 13:00:00,39.39
2016-07-18 14:00:00,35.0
2016-07-18 15:00:00,43.83
2016-07-18 16:00:00,44.03
2016-07-18 17:00:00,46.89
2016-07-18 18:00:00,47.03
2016-07-18 19:00:00,39.39
2016-07-18 20:00:00,40.0
2016-07-18 21:00:00,38.61
2016-07-18 22:00:00,42.13
2016-07-18 23:00:00,40.21
2016-07-19 00:00:00,30.94
2016-07-19 01:00:00,27.09
2016-07-19 02:00:00,26.41
2016-07-19 03:00:00,25.89
2016-07-19 04:00:00,25.61
2016-07-19 05:00:00,26.14
2016-07-19 06:00:00,31.0
2016-07-19 07:00:00,36.99
2016-07-19 08:00:00,40.01
2016-07-19 09:00:00,40.25
2016-07-19 10:00:00,47.19
2016-07-19 11:00:00,43.9
2016-07-19 12:00:00,38.45
2016-07-19 13:00:00,38.58
2016-07-19 14:00:00,38.45
2016-07-19 15:00:00,41.7
2016-07-19 16:00:00,50.8
2016-07-19 17:00:00,50.82
2016-07-19 18:00:00,45.22
2016-07-19 19:00:00,44.0
2016-07-19 20:00:00,43.6
2016-07-19 21:00:00,41.75
2016-07-19 22:00:00,44.0
2016-07-19 23:00:00,36.17
2016-07-20 00:00:00,28.01
2016-07-20 01:00:00,26.32
2016-07-20 02:00:00,25.1
2016-07-20 03:00:00,24.79
2016-07-20 04:00:00,24.83
2016-07-20 05:00:00,25.85
2016-07-20 06:00:00,29.35
2016-07-20 07:00:00,33.52
2016-07-20 08:00:00,38.24
2016-07-20 09:00:00,44.73
2016-07-20 10:00:00,47.58
2016-07-20 11:00:00,44.44
2016-07-20 12:00:00,40.62
2016-07-20 13:00:00,34.72
2016-07-20 14:00:00,34.55
2016-07-20 15:00:00,34.68
2016-07-20 16:00:00,37.39
2016-07-20 17:00:00,46.68
2016-07-20 18:00:00,45.0
2016-07-20 19:00:00,43.53
2016-07-20 20:00:00,38.42
2016-07-20 21:00:00,31.96
2016-07-20 22:00:00,42.56
2016-07-20 23:00:00,42.43
2016-07-21 00:00:00,39.0
2016-07-21 01:00:00,26.46
2016-07-21 02:00:00,25.9
2016-07-21 03:00:00,25.52
2016-07-21 04:00:00,25.55
2016-07-21 05:00:00,27.49
2016-07-21 06:00:00,32.84
2016-07-21 07:00:00,36.61
2016-07-21 08:00:00,36.23
2016-07-21 09:00:00,45.12
2016-07-21 10:00:00,46.09
2016-07-21 11:00:00,50.0
2016-07-21 12:00:00,42.72
2016-07-21 13:00:00,40.98
2016-07-21 14:00:00,39.25
2016-07-21 15:00:00,39.51
2016-07-21 16:00:00,42.83
2016-07-21 17:00:00,48.65
2016-07-21 18:00:00,49.38
2016-07-21 19:00:00,42.3
2016-07-21 20:00:00,38.25
2016-07-21 21:00:00,39.66
2016-07-21 22:00:00,43.42
2016-07-21 23:00:00,40.73
2016-07-22 00:00:00,29.97
2016-07-22 01:00:00,31.64
2016-07-22 02:00:00,30.14
2016-07-22 03:00:00,26.56
2016-07-22 04:00:00,26.5
2016-07-22 05:00:00,28.06
2016-07-22 06:00:00,32.36
2016-07-22 07:00:00,35.99
2016-07-22 08:00:00,41.73
2016-07-22 09:00:00,50.66
2016-07-22 10:00:00,51.9
2016-07-22 11:00:00,53.1
2016-07-22 12:00:00,52.1
2016-07-22 13:00:00,50.58
2016-07-22 14:00:00,48.17
2016-07-22 15:00:00,39.83
2016-07-22 16:00:00,39.94
2016-07-22 17:00:00,40.03
2016-07-22 18:00:00,41.83
2016-07-22 19:00:00,39.18
2016-07-22 20:00:00,33.26
2016-07-22 21:00:00,31.97
2016-07-22 22:00:00,35.46
2016-07-22 23:00:00,35.09
2016-07-23 00:00:00,31.8
2016-07-23 01:00:00,30.83
2016-07-23 02:00:00,29.1
2016-07-23 03:00:00,27.02
2016-07-23 04:00:00,25.77
2016-07-23 05:00:00,25.65
2016-07-23 06:00:00,26.22
2016-07-23 07:00:00,30.32
2016-07-23 08:00:00,35.12
2016-07-23 09:00:00,46.18
2016-07-23 10:00:00,53.02
2016-07-23 11:00:00,54.12
2016-07-23 12:00:00,51.88
2016-07-23 13:00:00,44.53
2016-07-23 14:00:00,36.74
2016-07-23 15:00:00,34.74
2016-07-23 16:00:00,27.72
2016-07-23 17:00:00,30.57
2016-07-23 18:00:00,48.36
2016-07-23 19:00:00,33.62
2016-07-23 20:00:00,32.9
2016-07-23 21:00:00,32.38
2016-07-23 22:00:00,50.18
2016-07-23 23:00:00,49.93
2016-07-24 00:00:00,30.11
2016-07-24 01:00:00,28.11
2016-07-24 02:00:00,25.99
2016-07-24 03:00:00,24.93
2016-07-24 04:00:00,24.25
2016-07-24 05:00:00,23.06
2016-07-24 06:00:00,22.85
2016-07-24 07:00:00,22.72
2016-07-24 08:00:00,24.04
2016-07-24 09:00:00,25.36
2016-07-24 10:00:00,24.19
2016-07-24 11:00:00,25.28
2016-07-24 12:00:00,26.4
2016-07-24 13:00:00,23.82
2016-07-24 14:00:00,23.3
2016-07-24 15:00:00,22.11
2016-07-24 16:00:00,24.01
2016-07-24 17:00:00,26.1
2016-07-24 18:00:00,29.91
2016-07-24 19:00:00,31.94
2016-07-24 20:00:00,32.95
2016-07-24 21:00:00,34.75
2016-07-24 22:00:00,40.7
2016-07-24 23:00:00,35.4
2016-07-25 00:00:00,37.14
2016-07-25 01:00:00,27.32
2016-07-25 02:00:00,26.32
2016-07-25 03:00:00,25.93
2016-07-25 04:00:00,25.92
2016-07-25 05:00:00,27.8
2016-07-25 06:00:00,35.0
2016-07-25 07:00:00,38.08
2016-07-25 08:00:00,39.52
2016-07-25 09:00:00,43.39
2016-07-25 10:00:00,46.12
2016-07-25 11:00:00,47.68
2016-07-25 12:00:00,46.49
2016-07-25 13:00:00,45.7
2016-07-25 14:00:00,43.75
2016-07-25 15:00:00,37.5
2016-07-25 16:00:00,33.32
2016-07-25 17:00:00,35.18
2016-07-25 18:00:00,35.99
2016-07-25 19:00:00,36.77
2016-07-25 20:00:00,36.47
2016-07-25 21:00:00,36.08
2016-07-25 22:00:00,35.47
2016-07-25 23:00:00,31.61
2016-07-26 00:00:00,27.98
2016-07-26 01:00:00,27.5
2016-07-26 02:00:00,26.38
2016-07-26 03:00:00,25.88
2016-07-26 04:00:00,25.91
2016-07-26 05:00:00,26.53
2016-07-26 06:00:00,30.97
2016-07-26 07:00:00,35.9
2016-07-26 08:00:00,39.16
2016-07-26 09:00:00,44.43
2016-07-26 10:00:00,42.06
2016-07-26 11:00:00,43.74
2016-07-26 12:00:00,44.22
2016-07-26 13:00:00,42.89
2016-07-26 14:00:00,42.45
2016-07-26 15:00:00,37.51
2016-07-26 16:00:00,37.13
2016-07-26 17:00:00,39.22
2016-07-26 18:00:00,40.23
2016-07-26 19:00:00,39.77
2016-07-26 20:00:00,37.28
2016-07-26 21:00:00,36.54
2016-07-26 22:00:00,35.81
2016-07-26 23:00:00,33.65
2016-07-27 00:00:00,34.46
2016-07-27 01:00:00,27.61
2016-07-27 02:00:00,26.53
2016-07-27 03:00:00,25.87
2016-07-27 04:00:00,26.0
2016-07-27 05:00:00,26.63
2016-07-27 06:00:00,31.53
2016-07-27 07:00:00,36.43
2016-07-27 08:00:00,39.11
2016-07-27 09:00:00,40.67
2016-07-27 10:00:00,40.92
2016-07-27 11:00:00,41.25
2016-07-27 12:00:00,39.28
2016-07-27 13:00:00,36.53
2016-07-27 14:00:00,39.88
2016-07-27 15:00:00,38.36
2016-07-27 16:00:00,32.7
2016-07-27 17:00:00,33.15
2016-07-27 18:00:00,35.97
2016-07-27 19:00:00,36.61
2016-07-27 20:00:00,36.37
2016-07-27 21:00:00,35.56
2016-07-27 22:00:00,38.71
2016-07-27 23:00:00,30.49
2016-07-28 00:00:00,26.9
2016-07-28 01:00:00,26.39
2016-07-28 02:00:00,25.8
2016-07-28 03:00:00,25.29
2016-07-28 04:00:00,25.26
2016-07-28 05:00:00,26.39
2016-07-28 06:00:00,29.92
2016-07-28 07:00:00,34.91
2016-07-28 08:00:00,36.94
2016-07-28 09:00:00,40.36
2016-07-28 10:00:00,51.37
2016-07-28 11:00:00,53.41
2016-07-28 12:00:00,48.98
2016-07-28 13:00:00,43.25
2016-07-28 14:00:00,36.4
2016-07-28 15:00:00,31.43
2016-07-28 16:00:00,31.43
2016-07-28 17:00:00,32.98
2016-07-28 18:00:00,34.97
2016-07-28 19:00:00,36.72
2016-07-28 20:00:00,35.5
2016-07-28 21:00:00,34.04
2016-07-28 22:00:00,33.93
2016-07-28 23:00:00,29.96
2016-07-29 00:00:00,28.21
2016-07-29 01:00:00,27.04
2016-07-29 02:00:00,26.03
2016-07-29 03:00:00,24.58
2016-07-29 04:00:00,24.84
2016-07-29 05:00:00,25.95
2016-07-29 06:00:00,29.68
2016-07-29 07:00:00,33.99
2016-07-29 08:00:00,36.13
2016-07-29 09:00:00,36.09
2016-07-29 10:00:00,34.55
2016-07-29 11:00:00,37.28
2016-07-29 12:00:00,32.39
2016-07-29 13:00:00,29.97
2016-07-29 14:00:00,27.94
2016-07-29 15:00:00,29.78
2016-07-29 16:00:00,29.0
2016-07-29 17:00:00,29.11
2016-07-29 18:00:00,31.5
2016-07-29 19:00:00,34.13
2016-07-29 20:00:00,32.98
2016-07-29 21:00:00,30.94
2016-07-29 22:00:00,39.91
2016-07-29 23:00:00,37.93
2016-07-30 00:00:00,31.07
2016-07-30 01:00:00,26.51
2016-07-30 02:00:00,25.59
2016-07-30 03:00:00,24.56
2016-07-30 04:00:00,24.17
2016-07-30 05:00:00,24.39
2016-07-30 06:00:00,24.72
2016-07-30 07:00:00,25.46
2016-07-30 08:00:00,26.74
2016-07-30 09:00:00,28.97
2016-07-30 10:00:00,28.38
2016-07-30 11:00:00,27.93
2016-07-30 12:00:00,29.57
2016-07-30 13:00:00,25.21
2016-07-30 14:00:00,28.0
2016-07-30 15:00:00,25.0
2016-07-30 16:00:00,25.14
2016-07-30 17:00:00,26.1
2016-07-30 18:00:00,30.51
2016-07-30 19:00:00,31.92
2016-07-30 20:00:00,32.55
2016-07-30 21:00:00,32.09
2016-07-30 22:00:00,36.02
2016-07-30 23:00:00,33.65
2016-07-31 00:00:00,28.08
2016-07-31 01:00:00,25.36
2016-07-31 02:00:00,23.8
2016-07-31 03:00:00,22.56
2016-07-31 04:00:00,22.14
2016-07-31 05:00:00,21.65
2016-07-31 06:00:00,20.98
2016-07-31 07:00:00,21.99
2016-07-31 08:00:00,23.8
2016-07-31 09:00:00,25.12
2016-07-31 10:00:00,25.28
2016-07-31 11:00:00,26.77
2016-07-31 12:00:00,26.34
2016-07-31 13:00:00,25.56
2016-07-31 14:00:00,24.35
2016-07-31 15:00:00,23.32
2016-07-31 16:00:00,22.78
2016-07-31 17:00:00,25.25
2016-07-31 18:00:00,25.09
2016-07-31 19:00:00,28.23
2016-07-31 20:00:00,28.92
2016-07-31 21:00:00,30.19
2016-07-31 22:00:00,35.31
2016-07-31 23:00:00,35.69
2016-08-01 00:00:00,25.36
2016-08-01 01:00:00,24.28
2016-08-01 02:00:00,23.14
2016-08-01 03:00:00,22.14
2016-08-01 04:00:00,22.42
2016-08-01 05:00:00,23.93
2016-08-01 06:00:00,29.06
2016-08-01 07:00:00,32.17
2016-08-01 08:00:00,35.0
2016-08-01 09:00:00,33.21
2016-08-01 10:00:00,30.13
2016-08-01 11:00:00,29.8
2016-08-01 12:00:00,30.54
2016-08-01 13:00:00,30.32
2016-08-01 14:00:00,29.59
2016-08-01 15:00:00,27.26
2016-08-01 16:00:00,28.48
2016-08-01 17:00:00,32.05
2016-08-01 18:00:00,35.97
2016-08-01 19:00:00,37.15
2016-08-01 20:00:00,38.33
2016-08-01 21:00:00,36.95
2016-08-01 22:00:00,35.99
2016-08-01 23:00:00,31.95
2016-08-02 00:00:00,27.56
2016-08-02 01:00:00,25.79
2016-08-02 02:00:00,25.35
2016-08-02 03:00:00,24.7
2016-08-02 04:00:00,24.27
2016-08-02 05:00:00,25.9
2016-08-02 06:00:00,30.43
2016-08-02 07:00:00,34.87
2016-08-02 08:00:00,36.87
2016-08-02 09:00:00,36.92
2016-08-02 10:00:00,36.97
2016-08-02 11:00:00,38.09
2016-08-02 12:00:00,37.83
2016-08-02 13:00:00,36.85
2016-08-02 14:00:00,35.98
2016-08-02 15:00:00,35.73
2016-08-02 16:00:00,34.92
2016-08-02 17:00:00,35.94
2016-08-02 18:00:00,35.92
2016-08-02 19:00:00,34.95
2016-08-02 20:00:00,32.83
2016-08-02 21:00:00,32.4
2016-08-02 22:00:00,31.19
2016-08-02 23:00:00,28.98
2016-08-03 00:00:00,26.03
2016-08-03 01:00:00,24.53
2016-08-03 02:00:00,23.74
2016-08-03 03:00:00,22.69
2016-08-03 04:00:00,22.48
2016-08-03 05:00:00,23.66
2016-08-03 06:00:00,27.06
2016-08-03 07:00:00,31.82
2016-08-03 08:00:00,33.95
2016-08-03 09:00:00,34.97
2016-08-03 10:00:00,35.02
2016-08-03 11:00:00,34.95
2016-08-03 12:00:00,33.57
2016-08-03 13:00:00,34.62
2016-08-03 14:00:00,31.81
2016-08-03 15:00:00,29.1
2016-08-03 16:00:00,28.45
2016-08-03 17:00:00,29.95
2016-08-03 18:00:00,32.52
2016-08-03 19:00:00,33.0
2016-08-03 20:00:00,31.25
2016-08-03 21:00:00,30.33
2016-08-03 22:00:00,32.45
2016-08-03 23:00:00,28.43
2016-08-04 00:00:00,24.4
2016-08-04 01:00:00,22.43
2016-08-04 02:00:00,20.05
2016-08-04 03:00:00,19.42
2016-08-04 04:00:00,19.83
2016-08-04 05:00:00,22.42
2016-08-04 06:00:00,25.49
2016-08-04 07:00:00,30.01
2016-08-04 08:00:00,33.05
2016-08-04 09:00:00,32.03
2016-08-04 10:00:00,32.77
2016-08-04 11:00:00,34.72
2016-08-04 12:00:00,27.2
2016-08-04 13:00:00,30.0
2016-08-04 14:00:00,27.81
2016-08-04 15:00:00,30.57
2016-08-04 16:00:00,29.29
2016-08-04 17:00:00,32.98
2016-08-04 18:00:00,34.58
2016-08-04 19:00:00,34.9
2016-08-04 20:00:00,34.58
2016-08-04 21:00:00,34.46
2016-08-04 22:00:00,33.91
2016-08-04 23:00:00,29.37
2016-08-05 00:00:00,28.13
2016-08-05 01:00:00,26.83
2016-08-05 02:00:00,25.12
2016-08-05 03:00:00,23.95
2016-08-05 04:00:00,24.07
2016-08-05 05:00:00,26.24
2016-08-05 06:00:00,30.45
2016-08-05 07:00:00,34.01
2016-08-05 08:00:00,37.19
2016-08-05 09:00:00,38.69
2016-08-05 10:00:00,38.54
2016-08-05 11:00:00,38.0
2016-08-05 12:00:00,36.0
2016-08-05 13:00:00,33.96
2016-08-05 14:00:00,31.39
2016-08-05 15:00:00,28.23
2016-08-05 16:00:00,28.46
2016-08-05 17:00:00,31.29
2016-08-05 18:00:00,33.89
2016-08-05 19:00:00,34.4
2016-08-05 20:00:00,34.15
2016-08-05 21:00:00,33.02
2016-08-05 22:00:00,34.08
2016-08-05 23:00:00,34.2
2016-08-06 00:00:00,29.58
2016-08-06 01:00:00,26.68
2016-08-06 02:00:00,25.34
2016-08-06 03:00:00,23.77
2016-08-06 04:00:00,22.4
2016-08-06 05:00:00,22.01
2016-08-06 06:00:00,22.97
2016-08-06 07:00:00,25.02
2016-08-06 08:00:00,26.36
2016-08-06 09:00:00,26.47
2016-08-06 10:00:00,24.94
2016-08-06 11:00:00,23.98
2016-08-06 12:00:00,22.68
2016-08-06 13:00:00,21.01
2016-08-06 14:00:00,20.08
2016-08-06 15:00:00,19.56
2016-08-06 16:00:00,19.15
2016-08-06 17:00:00,23.67
2016-08-06 18:00:00,26.32
2016-08-06 19:00:00,32.44
2016-08-06 20:00:00,34.09
2016-08-06 21:00:00,34.45
2016-08-06 22:00:00,35.68
2016-08-06 23:00:00,31.71
2016-08-07 00:00:00,24.6
2016-08-07 01:00:00,20.05
2016-08-07 02:00:00,17.99
2016-08-07 03:00:00,12.86
2016-08-07 04:00:00,12.38
2016-08-07 05:00:00,12.35
2016-08-07 06:00:00,12.51
2016-08-07 07:00:00,11.93
2016-08-07 08:00:00,12.25
2016-08-07 09:00:00,12.79
2016-08-07 10:00:00,14.27
2016-08-07 11:00:00,13.18
2016-08-07 12:00:00,11.84
2016-08-07 13:00:00,7.45
2016-08-07 14:00:00,7.59
2016-08-07 15:00:00,8.17
2016-08-07 16:00:00,10.34
2016-08-07 17:00:00,15.9
2016-08-07 18:00:00,24.7
2016-08-07 19:00:00,27.77
2016-08-07 20:00:00,30.48
2016-08-07 21:00:00,32.37
2016-08-07 22:00:00,32.65
2016-08-07 23:00:00,26.33
2016-08-08 00:00:00,20.62
2016-08-08 01:00:00,16.44
2016-08-08 02:00:00,12.91
2016-08-08 03:00:00,8.16
2016-08-08 04:00:00,8.12
2016-08-08 05:00:00,8.94
2016-08-08 06:00:00,17.85
2016-08-08 07:00:00,23.71
2016-08-08 08:00:00,26.29
2016-08-08 09:00:00,24.45
2016-08-08 10:00:00,27.65
2016-08-08 11:00:00,29.94
2016-08-08 12:00:00,31.17
2016-08-08 13:00:00,34.46
2016-08-08 14:00:00,32.5
2016-08-08 15:00:00,28.77
2016-08-08 16:00:00,27.79
2016-08-08 17:00:00,27.82
2016-08-08 18:00:00,31.29
2016-08-08 19:00:00,34.39
2016-08-08 20:00:00,33.23
2016-08-08 21:00:00,34.0
2016-08-08 22:00:00,33.93
2016-08-08 23:00:00,31.75
2016-08-09 00:00:00,23.88
2016-08-09 01:00:00,23.06
2016-08-09 02:00:00,22.6
2016-08-09 03:00:00,20.32
2016-08-09 04:00:00,19.94
2016-08-09 05:00:00,22.97
2016-08-09 06:00:00,28.33
2016-08-09 07:00:00,32.86
2016-08-09 08:00:00,34.83
2016-08-09 09:00:00,35.03
2016-08-09 10:00:00,34.6
2016-08-09 11:00:00,34.26
2016-08-09 12:00:00,33.6
2016-08-09 13:00:00,32.78
2016-08-09 14:00:00,30.22
2016-08-09 15:00:00,27.84
2016-08-09 16:00:00,25.97
2016-08-09 17:00:00,28.12
2016-08-09 18:00:00,30.35
2016-08-09 19:00:00,32.02
2016-08-09 20:00:00,30.91
2016-08-09 21:00:00,30.47
2016-08-09 22:00:00,29.1
2016-08-09 23:00:00,26.45
2016-08-10 00:00:00,23.35
2016-08-10 01:00:00,23.11
2016-08-10 02:00:00,22.0
2016-08-10 03:00:00,19.99
2016-08-10 04:00:00,20.19
2016-08-10 05:00:00,23.18
2016-08-10 06:00:00,24.53
2016-08-10 07:00:00,32.21
2016-08-10 08:00:00,33.95
2016-08-10 09:00:00,33.5
2016-08-10 10:00:00,32.01
2016-08-10 11:00:00,31.87
2016-08-10 12:00:00,29.66
2016-08-10 13:00:00,26.91
2016-08-10 14:00:00,25.43
2016-08-10 15:00:00,24.51
2016-08-10 16:00:00,24.31
2016-08-10 17:00:00,27.33
2016-08-10 18:00:00,31.48
2016-08-10 19:00:00,33.68
2016-08-10 20:00:00,33.72
2016-08-10 21:00:00,33.93
2016-08-10 22:00:00,32.93
2016-08-10 23:00:00,28.65
2016-08-11 00:00:00,24.23
2016-08-11 01:00:00,23.01
2016-08-11 02:00:00,22.72
2016-08-11 03:00:00,20.49
2016-08-11 04:00:00,18.83
2016-08-11 05:00:00,22.77
2016-08-11 06:00:00,25.44
2016-08-11 07:00:00,28.31
2016-08-11 08:00:00,33.7
2016-08-11 09:00:00,33.07
2016-08-11 10:00:00,30.86
2016-08-11 11:00:00,30.48
2016-08-11 12:00:00,28.57
2016-08-11 13:00:00,27.17
2016-08-11 14:00:00,24.99
2016-08-11 15:00:00,25.62
2016-08-11 16:00:00,25.69
2016-08-11 17:00:00,31.4
2016-08-11 18:00:00,34.37
2016-08-11 19:00:00,34.95
2016-08-11 20:00:00,35.11
2016-08-11 21:00:00,34.82
2016-08-11 22:00:00,33.87
2016-08-11 23:00:00,28.82
2016-08-12 00:00:00,24.07
2016-08-12 01:00:00,22.97
2016-08-12 02:00:00,21.05
2016-08-12 03:00:00,19.9
2016-08-12 04:00:00,20.05
2016-08-12 05:00:00,22.98
2016-08-12 06:00:00,27.93
2016-08-12 07:00:00,32.55
2016-08-12 08:00:00,33.8
2016-08-12 09:00:00,34.04
2016-08-12 10:00:00,34.91
2016-08-12 11:00:00,35.25
2016-08-12 12:00:00,34.95
2016-08-12 13:00:00,32.1
2016-08-12 14:00:00,29.5
2016-08-12 15:00:00,27.12
2016-08-12 16:00:00,24.2
2016-08-12 17:00:00,26.9
2016-08-12 18:00:00,28.09
2016-08-12 19:00:00,29.06
2016-08-12 20:00:00,29.13
2016-08-12 21:00:00,28.99
2016-08-12 22:00:00,28.34
2016-08-12 23:00:00,24.7
2016-08-13 00:00:00,21.7
2016-08-13 01:00:00,19.97
2016-08-13 02:00:00,18.09
2016-08-13 03:00:00,16.89
2016-08-13 04:00:00,16.1
2016-08-13 05:00:00,14.46
2016-08-13 06:00:00,16.08
2016-08-13 07:00:00,18.05
2016-08-13 08:00:00,20.06
2016-08-13 09:00:00,20.13
2016-08-13 10:00:00,19.25
2016-08-13 11:00:00,20.18
2016-08-13 12:00:00,17.08
2016-08-13 13:00:00,13.53
2016-08-13 14:00:00,14.21
2016-08-13 15:00:00,14.93
2016-08-13 16:00:00,16.38
2016-08-13 17:00:00,21.13
2016-08-13 18:00:00,24.72
2016-08-13 19:00:00,26.88
2016-08-13 20:00:00,27.7
2016-08-13 21:00:00,29.08
2016-08-13 22:00:00,28.31
2016-08-13 23:00:00,25.73
2016-08-14 00:00:00,23.44
2016-08-14 01:00:00,21.18
2016-08-14 02:00:00,19.77
2016-08-14 03:00:00,19.03
2016-08-14 04:00:00,18.05
2016-08-14 05:00:00,18.08
2016-08-14 06:00:00,18.06
2016-08-14 07:00:00,19.33
2016-08-14 08:00:00,20.1
2016-08-14 09:00:00,19.13
2016-08-14 10:00:00,19.74
2016-08-14 11:00:00,20.51
2016-08-14 12:00:00,19.87
2016-08-14 13:00:00,17.14
2016-08-14 14:00:00,15.75
2016-08-14 15:00:00,16.57
2016-08-14 16:00:00,15.29
2016-08-14 17:00:00,19.82
2016-08-14 18:00:00,26.75
2016-08-14 19:00:00,29.57
2016-08-14 20:00:00,31.56
2016-08-14 21:00:00,32.3
2016-08-14 22:00:00,31.56
2016-08-14 23:00:00,30.9
2016-08-15 00:00:00,25.15
2016-08-15 01:00:00,22.94
2016-08-15 02:00:00,21.61
2016-08-15 03:00:00,21.01
2016-08-15 04:00:00,21.5
2016-08-15 05:00:00,23.29
2016-08-15 06:00:00,27.21
2016-08-15 07:00:00,29.66
2016-08-15 08:00:00,31.49
2016-08-15 09:00:00,30.59
2016-08-15 10:00:00,28.65
2016-08-15 11:00:00,28.32
2016-08-15 12:00:00,27.02
2016-08-15 13:00:00,25.0
2016-08-15 14:00:00,23.9
2016-08-15 15:00:00,24.1
2016-08-15 16:00:00,25.54
2016-08-15 17:00:00,30.62
2016-08-15 18:00:00,33.98
2016-08-15 19:00:00,35.88
2016-08-15 20:00:00,34.32
2016-08-15 21:00:00,34.47
2016-08-15 22:00:00,33.22
2016-08-15 23:00:00,30.42
2016-08-16 00:00:00,26.26
2016-08-16 01:00:00,23.99
2016-08-16 02:00:00,22.94
2016-08-16 03:00:00,22.03
2016-08-16 04:00:00,22.1
2016-08-16 05:00:00,24.1
2016-08-16 06:00:00,28.71
2016-08-16 07:00:00,33.63
2016-08-16 08:00:00,34.14
2016-08-16 09:00:00,33.9
2016-08-16 10:00:00,31.73
2016-08-16 11:00:00,30.13
2016-08-16 12:00:00,29.09
2016-08-16 13:00:00,28.93
2016-08-16 14:00:00,28.94
2016-08-16 15:00:00,29.29
2016-08-16 16:00:00,30.58
2016-08-16 17:00:00,33.12
2016-08-16 18:00:00,34.33
2016-08-16 19:00:00,35.79
2016-08-16 20:00:00,34.81
2016-08-16 21:00:00,34.36
2016-08-16 22:00:00,31.94
2016-08-16 23:00:00,27.23
2016-08-17 00:00:00,23.45
2016-08-17 01:00:00,24.01
2016-08-17 02:00:00,23.51
2016-08-17 03:00:00,21.9
2016-08-17 04:00:00,22.56
2016-08-17 05:00:00,25.05
2016-08-17 06:00:00,29.74
2016-08-17 07:00:00,34.75
2016-08-17 08:00:00,36.1
2016-08-17 09:00:00,33.46
2016-08-17 10:00:00,30.18
2016-08-17 11:00:00,27.09
2016-08-17 12:00:00,23.4
2016-08-17 13:00:00,24.4
2016-08-17 14:00:00,24.38
2016-08-17 15:00:00,26.24
2016-08-17 16:00:00,29.2
2016-08-17 17:00:00,35.06
2016-08-17 18:00:00,35.74
2016-08-17 19:00:00,37.06
2016-08-17 20:00:00,36.45
2016-08-17 21:00:00,35.54
2016-08-17 22:00:00,34.02
2016-08-17 23:00:00,26.14
2016-08-18 00:00:00,24.64
2016-08-18 01:00:00,24.12
2016-08-18 02:00:00,24.09
2016-08-18 03:00:00,21.83
2016-08-18 04:00:00,22.49
2016-08-18 05:00:00,25.05
2016-08-18 06:00:00,30.26
2016-08-18 07:00:00,33.79
2016-08-18 08:00:00,35.67
2016-08-18 09:00:00,35.33
2016-08-18 10:00:00,34.84
2016-08-18 11:00:00,35.56
2016-08-18 12:00:00,33.64
2016-08-18 13:00:00,31.25
2016-08-18 14:00:00,32.7
2016-08-18 15:00:00,33.6
2016-08-18 16:00:00,33.87
2016-08-18 17:00:00,35.01
2016-08-18 18:00:00,36.05
2016-08-18 19:00:00,37.34
2016-08-18 20:00:00,36.85
2016-08-18 21:00:00,36.01
2016-08-18 22:00:00,35.93
2016-08-18 23:00:00,28.62
2016-08-19 00:00:00,26.14
2016-08-19 01:00:00,26.62
2016-08-19 02:00:00,25.0
2016-08-19 03:00:00,23.91
2016-08-19 04:00:00,24.96
2016-08-19 05:00:00,26.08
2016-08-19 06:00:00,32.25
2016-08-19 07:00:00,36.25
2016-08-19 08:00:00,37.27
2016-08-19 09:00:00,39.98
2016-08-19 10:00:00,37.74
2016-08-19 11:00:00,37.27
2016-08-19 12:00:00,35.3
2016-08-19 13:00:00,33.83
2016-08-19 14:00:00,32.56
2016-08-19 15:00:00,30.83
2016-08-19 16:00:00,31.76
2016-08-19 17:00:00,34.09
2016-08-19 18:00:00,36.09
2016-08-19 19:00:00,36.46
2016-08-19 20:00:00,34.99
2016-08-19 21:00:00,34.57
2016-08-19 22:00:00,31.71
2016-08-19 23:00:00,25.45
2016-08-20 00:00:00,26.54
2016-08-20 01:00:00,25.04
2016-08-20 02:00:00,23.31
2016-08-20 03:00:00,22.81
2016-08-20 04:00:00,22.32
2016-08-20 05:00:00,22.02
2016-08-20 06:00:00,22.44
2016-08-20 07:00:00,23.08
2016-08-20 08:00:00,26.94
2016-08-20 09:00:00,29.03
2016-08-20 10:00:00,25.79
2016-08-20 11:00:00,24.22
2016-08-20 12:00:00,23.12
2016-08-20 13:00:00,22.09
2016-08-20 14:00:00,21.71
2016-08-20 15:00:00,22.0
2016-08-20 16:00:00,20.95
2016-08-20 17:00:00,22.73
2016-08-20 18:00:00,26.99
2016-08-20 19:00:00,29.34
2016-08-20 20:00:00,30.0
2016-08-20 21:00:00,30.38
2016-08-20 22:00:00,29.11
2016-08-20 23:00:00,25.15
2016-08-21 00:00:00,18.51
2016-08-21 01:00:00,15.01
2016-08-21 02:00:00,12.13
2016-08-21 03:00:00,9.72
2016-08-21 04:00:00,9.83
2016-08-21 05:00:00,9.74
2016-08-21 06:00:00,9.62
2016-08-21 07:00:00,9.13
2016-08-21 08:00:00,11.34
2016-08-21 09:00:00,11.55
2016-08-21 10:00:00,11.59
2016-08-21 11:00:00,14.05
2016-08-21 12:00:00,14.09
2016-08-21 13:00:00,12.42
2016-08-21 14:00:00,11.05
2016-08-21 15:00:00,10.92
2016-08-21 16:00:00,7.39
2016-08-21 17:00:00,10.86
2016-08-21 18:00:00,22.04
2016-08-21 19:00:00,28.13
2016-08-21 20:00:00,30.74
2016-08-21 21:00:00,31.9
2016-08-21 22:00:00,30.59
2016-08-21 23:00:00,29.76
2016-08-22 00:00:00,20.68
2016-08-22 01:00:00,19.04
2016-08-22 02:00:00,18.78
2016-08-22 03:00:00,17.5
2016-08-22 04:00:00,18.07
2016-08-22 05:00:00,20.81
2016-08-22 06:00:00,26.82
2016-08-22 07:00:00,31.42
2016-08-22 08:00:00,34.41
2016-08-22 09:00:00,34.99
2016-08-22 10:00:00,30.9
2016-08-22 11:00:00,32.28
2016-08-22 12:00:00,28.51
2016-08-22 13:00:00,22.0
2016-08-22 14:00:00,23.79
2016-08-22 15:00:00,25.61
2016-08-22 16:00:00,28.14
2016-08-22 17:00:00,32.9
2016-08-22 18:00:00,36.59
2016-08-22 19:00:00,37.71
2016-08-22 20:00:00,37.68
2016-08-22 21:00:00,35.11
2016-08-22 22:00:00,30.73
2016-08-22 23:00:00,28.3
2016-08-23 00:00:00,23.63
2016-08-23 01:00:00,22.35
2016-08-23 02:00:00,21.62
2016-08-23 03:00:00,20.29
2016-08-23 04:00:00,22.01
2016-08-23 05:00:00,23.52
2016-08-23 06:00:00,30.56
2016-08-23 07:00:00,35.24
2016-08-23 08:00:00,37.31
2016-08-23 09:00:00,37.95
2016-08-23 10:00:00,36.37
2016-08-23 11:00:00,36.6
2016-08-23 12:00:00,34.66
2016-08-23 13:00:00,34.03
2016-08-23 14:00:00,33.85
2016-08-23 15:00:00,32.91
2016-08-23 16:00:00,34.63
2016-08-23 17:00:00,38.0
2016-08-23 18:00:00,40.2
2016-08-23 19:00:00,41.6
2016-08-23 20:00:00,42.0
2016-08-23 21:00:00,38.92
2016-08-23 22:00:00,36.9
2016-08-23 23:00:00,32.64
2016-08-24 00:00:00,29.1
2016-08-24 01:00:00,23.9
2016-08-24 02:00:00,22.82
2016-08-24 03:00:00,22.24
2016-08-24 04:00:00,22.25
2016-08-24 05:00:00,24.23
2016-08-24 06:00:00,30.85
2016-08-24 07:00:00,34.9
2016-08-24 08:00:00,36.02
2016-08-24 09:00:00,36.78
2016-08-24 10:00:00,36.6
2016-08-24 11:00:00,37.0
2016-08-24 12:00:00,32.7
2016-08-24 13:00:00,29.87
2016-08-24 14:00:00,29.37
2016-08-24 15:00:00,35.3
2016-08-24 16:00:00,38.56
2016-08-24 17:00:00,39.41
2016-08-24 18:00:00,41.63
2016-08-24 19:00:00,42.0
2016-08-24 20:00:00,43.01
2016-08-24 21:00:00,41.35
2016-08-24 22:00:00,39.01
2016-08-24 23:00:00,35.11
2016-08-25 00:00:00,30.33
2016-08-25 01:00:00,27.5
2016-08-25 02:00:00,23.25
2016-08-25 03:00:00,21.16
2016-08-25 04:00:00,21.45
2016-08-25 05:00:00,23.3
2016-08-25 06:00:00,30.33
2016-08-25 07:00:00,34.2
2016-08-25 08:00:00,35.77
2016-08-25 09:00:00,41.28
2016-08-25 10:00:00,44.46
2016-08-25 11:00:00,45.65
2016-08-25 12:00:00,45.41
2016-08-25 13:00:00,45.22
2016-08-25 14:00:00,44.17
2016-08-25 15:00:00,41.21
2016-08-25 16:00:00,43.14
2016-08-25 17:00:00,44.73
2016-08-25 18:00:00,44.01
2016-08-25 19:00:00,41.01
2016-08-25 20:00:00,41.5
2016-08-25 21:00:00,42.68
2016-08-25 22:00:00,38.19
2016-08-25 23:00:00,35.96
2016-08-26 00:00:00,35.4
2016-08-26 01:00:00,29.58
2016-08-26 02:00:00,26.88
2016-08-26 03:00:00,22.45
2016-08-26 04:00:00,21.25
2016-08-26 05:00:00,23.24
2016-08-26 06:00:00,29.63
2016-08-26 07:00:00,34.86
2016-08-26 08:00:00,39.27
2016-08-26 09:00:00,45.28
2016-08-26 10:00:00,46.2
2016-08-26 11:00:00,43.86
2016-08-26 12:00:00,41.0
2016-08-26 13:00:00,43.14
2016-08-26 14:00:00,39.02
2016-08-26 15:00:00,40.43
2016-08-26 16:00:00,37.47
2016-08-26 17:00:00,39.02
2016-08-26 18:00:00,42.01
2016-08-26 19:00:00,44.01
2016-08-26 20:00:00,43.89
2016-08-26 21:00:00,41.49
2016-08-26 22:00:00,41.07
2016-08-26 23:00:00,39.15
2016-08-27 00:00:00,25.18
2016-08-27 01:00:00,23.85
2016-08-27 02:00:00,23.0
2016-08-27 03:00:00,23.07
2016-08-27 04:00:00,23.28
2016-08-27 05:00:00,23.18
2016-08-27 06:00:00,25.28
2016-08-27 07:00:00,26.84
2016-08-27 08:00:00,29.5
2016-08-27 09:00:00,30.56
2016-08-27 10:00:00,32.31
2016-08-27 11:00:00,34.41
2016-08-27 12:00:00,34.89
2016-08-27 13:00:00,32.64
2016-08-27 14:00:00,30.49
2016-08-27 15:00:00,31.61
2016-08-27 16:00:00,23.9
2016-08-27 17:00:00,28.41
2016-08-27 18:00:00,34.94
2016-08-27 19:00:00,35.36
2016-08-27 20:00:00,34.95
2016-08-27 21:00:00,33.61
2016-08-27 22:00:00,29.1
2016-08-27 23:00:00,23.79
2016-08-28 00:00:00,23.14
2016-08-28 01:00:00,20.98
2016-08-28 02:00:00,21.01
2016-08-28 03:00:00,21.29
2016-08-28 04:00:00,20.51
2016-08-28 05:00:00,19.83
2016-08-28 06:00:00,20.48
2016-08-28 07:00:00,20.18
2016-08-28 08:00:00,22.07
2016-08-28 09:00:00,23.19
2016-08-28 10:00:00,22.38
2016-08-28 11:00:00,21.67
2016-08-28 12:00:00,24.91
2016-08-28 13:00:00,21.72
2016-08-28 14:00:00,21.5
2016-08-28 15:00:00,20.32
2016-08-28 16:00:00,18.15
2016-08-28 17:00:00,22.26
2016-08-28 18:00:00,29.01
2016-08-28 19:00:00,32.95
2016-08-28 20:00:00,33.92
2016-08-28 21:00:00,33.25
2016-08-28 22:00:00,29.97
2016-08-28 23:00:00,23.3
2016-08-29 00:00:00,22.16
2016-08-29 01:00:00,21.49
2016-08-29 02:00:00,21.38
2016-08-29 03:00:00,22.4
2016-08-29 04:00:00,22.61
2016-08-29 05:00:00,29.65
2016-08-29 06:00:00,36.45
2016-08-29 07:00:00,40.26
2016-08-29 08:00:00,42.07
2016-08-29 09:00:00,44.23
2016-08-29 10:00:00,48.4
2016-08-29 11:00:00,47.92
2016-08-29 12:00:00,44.94
2016-08-29 13:00:00,44.48
2016-08-29 14:00:00,43.64
2016-08-29 15:00:00,43.05
2016-08-29 16:00:00,42.8
2016-08-29 17:00:00,43.38
2016-08-29 18:00:00,44.45
2016-08-29 19:00:00,47.32
2016-08-29 20:00:00,47.01
2016-08-29 21:00:00,44.9
2016-08-29 22:00:00,42.33
2016-08-29 23:00:00,38.32
2016-08-30 00:00:00,26.12
2016-08-30 01:00:00,22.0
2016-08-30 02:00:00,22.55
2016-08-30 03:00:00,23.17
2016-08-30 04:00:00,22.74
2016-08-30 05:00:00,23.73
2016-08-30 06:00:00,32.09
2016-08-30 07:00:00,40.59
2016-08-30 08:00:00,43.82
2016-08-30 09:00:00,46.96
2016-08-30 10:00:00,45.81
2016-08-30 11:00:00,47.47
2016-08-30 12:00:00,22.0
2016-08-30 13:00:00,21.35
2016-08-30 14:00:00,21.64
2016-08-30 15:00:00,27.5
2016-08-30 16:00:00,33.33
2016-08-30 17:00:00,44.09
2016-08-30 18:00:00,46.26
2016-08-30 19:00:00,47.21
2016-08-30 20:00:00,46.12
2016-08-30 21:00:00,45.98
2016-08-30 22:00:00,41.78
2016-08-30 23:00:00,37.15
2016-08-31 00:00:00,23.77
2016-08-31 01:00:00,23.14
2016-08-31 02:00:00,22.56
2016-08-31 03:00:00,22.77
2016-08-31 04:00:00,22.79
2016-08-31 05:00:00,24.08
2016-08-31 06:00:00,27.69
2016-08-31 07:00:00,40.75
2016-08-31 08:00:00,44.0
2016-08-31 09:00:00,46.69
2016-08-31 10:00:00,44.0
2016-08-31 11:00:00,43.61
2016-08-31 12:00:00,27.87
2016-08-31 13:00:00,23.0
2016-08-31 14:00:00,20.96
2016-08-31 15:00:00,21.68
2016-08-31 16:00:00,36.68
2016-08-31 17:00:00,38.66
2016-08-31 18:00:00,43.88
2016-08-31 19:00:00,45.25
2016-08-31 20:00:00,45.12
2016-08-31 21:00:00,44.96
2016-08-31 22:00:00,43.0
2016-08-31 23:00:00,36.72
2016-09-01 00:00:00,28.0
2016-09-01 01:00:00,23.46
2016-09-01 02:00:00,25.59
2016-09-01 03:00:00,22.98
2016-09-01 04:00:00,23.59
2016-09-01 05:00:00,28.12
2016-09-01 06:00:00,34.08
2016-09-01 07:00:00,44.36
2016-09-01 08:00:00,44.89
2016-09-01 09:00:00,46.65
2016-09-01 10:00:00,46.64
2016-09-01 11:00:00,45.63
2016-09-01 12:00:00,45.09
2016-09-01 13:00:00,39.7
2016-09-01 14:00:00,40.66
2016-09-01 15:00:00,40.94
2016-09-01 16:00:00,41.03
2016-09-01 17:00:00,43.88
2016-09-01 18:00:00,44.67
2016-09-01 19:00:00,44.98
2016-09-01 20:00:00,46.01
2016-09-01 21:00:00,46.16
2016-09-01 22:00:00,41.59
2016-09-01 23:00:00,36.55
2016-09-02 00:00:00,28.09
2016-09-02 01:00:00,26.4
2016-09-02 02:00:00,24.51
2016-09-02 03:00:00,22.16
2016-09-02 04:00:00,22.29
2016-09-02 05:00:00,23.53
2016-09-02 06:00:00,27.39
2016-09-02 07:00:00,39.59
2016-09-02 08:00:00,40.5
2016-09-02 09:00:00,42.53
2016-09-02 10:00:00,46.35
2016-09-02 11:00:00,42.75
2016-09-02 12:00:00,38.56
2016-09-02 13:00:00,27.86
2016-09-02 14:00:00,25.0
2016-09-02 15:00:00,21.53
2016-09-02 16:00:00,24.7
2016-09-02 17:00:00,34.26
2016-09-02 18:00:00,37.54
2016-09-02 19:00:00,37.57
2016-09-02 20:00:00,38.84
2016-09-02 21:00:00,39.04
2016-09-02 22:00:00,35.69
2016-09-02 23:00:00,21.73
2016-09-03 00:00:00,25.37
2016-09-03 01:00:00,24.86
2016-09-03 02:00:00,24.34
2016-09-03 03:00:00,24.31
2016-09-03 04:00:00,23.91
2016-09-03 05:00:00,24.81
2016-09-03 06:00:00,25.05
2016-09-03 07:00:00,29.22
2016-09-03 08:00:00,30.71
2016-09-03 09:00:00,31.28
2016-09-03 10:00:00,27.0
2016-09-03 11:00:00,26.09
2016-09-03 12:00:00,23.97
2016-09-03 13:00:00,23.13
2016-09-03 14:00:00,22.65
2016-09-03 15:00:00,23.66
2016-09-03 16:00:00,26.74
2016-09-03 17:00:00,30.4
2016-09-03 18:00:00,34.2
2016-09-03 19:00:00,37.51
2016-09-03 20:00:00,38.56
2016-09-03 21:00:00,37.6
2016-09-03 22:00:00,32.91
2016-09-03 23:00:00,28.63
2016-09-04 00:00:00,25.0
2016-09-04 01:00:00,24.93
2016-09-04 02:00:00,23.09
2016-09-04 03:00:00,22.04
2016-09-04 04:00:00,20.81
2016-09-04 05:00:00,20.09
2016-09-04 06:00:00,20.03
2016-09-04 07:00:00,22.02
2016-09-04 08:00:00,22.38
2016-09-04 09:00:00,23.5
2016-09-04 10:00:00,23.58
2016-09-04 11:00:00,24.99
2016-09-04 12:00:00,23.66
2016-09-04 13:00:00,23.49
2016-09-04 14:00:00,20.79
2016-09-04 15:00:00,20.52
2016-09-04 16:00:00,21.26
2016-09-04 17:00:00,22.94
2016-09-04 18:00:00,26.94
2016-09-04 19:00:00,30.31
2016-09-04 20:00:00,33.83
2016-09-04 21:00:00,31.79
2016-09-04 22:00:00,28.14
2016-09-04 23:00:00,16.72
2016-09-05 00:00:00,23.18
2016-09-05 01:00:00,22.3
2016-09-05 02:00:00,22.3
2016-09-05 03:00:00,21.73
2016-09-05 04:00:00,22.96
2016-09-05 05:00:00,24.3
2016-09-05 06:00:00,33.6
2016-09-05 07:00:00,43.41
2016-09-05 08:00:00,51.56
2016-09-05 09:00:00,51.03
2016-09-05 10:00:00,50.86
2016-09-05 11:00:00,50.85
2016-09-05 12:00:00,50.0
2016-09-05 13:00:00,48.81
2016-09-05 14:00:00,47.5
2016-09-05 15:00:00,45.5
2016-09-05 16:00:00,48.22
2016-09-05 17:00:00,46.8
2016-09-05 18:00:00,48.5
2016-09-05 19:00:00,53.71
2016-09-05 20:00:00,50.12
2016-09-05 21:00:00,48.84
2016-09-05 22:00:00,44.12
2016-09-05 23:00:00,28.07
2016-09-06 00:00:00,27.61
2016-09-06 01:00:00,25.04
2016-09-06 02:00:00,24.84
2016-09-06 03:00:00,23.64
2016-09-06 04:00:00,23.8
2016-09-06 05:00:00,26.31
2016-09-06 06:00:00,34.37
2016-09-06 07:00:00,42.97
2016-09-06 08:00:00,44.63
2016-09-06 09:00:00,50.49
2016-09-06 10:00:00,57.17
2016-09-06 11:00:00,59.93
2016-09-06 12:00:00,46.81
2016-09-06 13:00:00,45.01
2016-09-06 14:00:00,53.0
2016-09-06 15:00:00,53.0
2016-09-06 16:00:00,50.0
2016-09-06 17:00:00,49.94
2016-09-06 18:00:00,52.83
2016-09-06 19:00:00,53.11
2016-09-06 20:00:00,55.93
2016-09-06 21:00:00,48.47
2016-09-06 22:00:00,42.17
2016-09-06 23:00:00,37.33
2016-09-07 00:00:00,27.64
2016-09-07 01:00:00,22.95
2016-09-07 02:00:00,22.0
2016-09-07 03:00:00,22.73
2016-09-07 04:00:00,23.18
2016-09-07 05:00:00,24.14
2016-09-07 06:00:00,33.85
2016-09-07 07:00:00,37.97
2016-09-07 08:00:00,42.87
2016-09-07 09:00:00,50.5
2016-09-07 10:00:00,41.91
2016-09-07 11:00:00,42.15
2016-09-07 12:00:00,35.0
2016-09-07 13:00:00,38.69
2016-09-07 14:00:00,38.5
2016-09-07 15:00:00,44.59
2016-09-07 16:00:00,47.64
2016-09-07 17:00:00,50.5
2016-09-07 18:00:00,50.16
2016-09-07 19:00:00,45.13
2016-09-07 20:00:00,49.59
2016-09-07 21:00:00,46.76
2016-09-07 22:00:00,36.99
2016-09-07 23:00:00,32.99
2016-09-08 00:00:00,24.94
2016-09-08 01:00:00,24.07
2016-09-08 02:00:00,23.5
2016-09-08 03:00:00,23.08
2016-09-08 04:00:00,23.1
2016-09-08 05:00:00,24.24
2016-09-08 06:00:00,31.91
2016-09-08 07:00:00,38.71
2016-09-08 08:00:00,39.62
2016-09-08 09:00:00,39.76
2016-09-08 10:00:00,38.43
2016-09-08 11:00:00,36.86
2016-09-08 12:00:00,33.44
2016-09-08 13:00:00,30.0
2016-09-08 14:00:00,28.58
2016-09-08 15:00:00,30.34
2016-09-08 16:00:00,30.13
2016-09-08 17:00:00,35.92
2016-09-08 18:00:00,40.41
2016-09-08 19:00:00,43.27
2016-09-08 20:00:00,42.6
2016-09-08 21:00:00,43.64
2016-09-08 22:00:00,38.22
2016-09-08 23:00:00,33.09
2016-09-09 00:00:00,30.85
2016-09-09 01:00:00,26.92
2016-09-09 02:00:00,22.68
2016-09-09 03:00:00,22.97
2016-09-09 04:00:00,23.26
2016-09-09 05:00:00,24.82
2016-09-09 06:00:00,33.77
2016-09-09 07:00:00,42.42
2016-09-09 08:00:00,47.0
2016-09-09 09:00:00,47.2
2016-09-09 10:00:00,45.57
2016-09-09 11:00:00,45.03
2016-09-09 12:00:00,44.04
2016-09-09 13:00:00,39.74
2016-09-09 14:00:00,34.08
2016-09-09 15:00:00,29.49
2016-09-09 16:00:00,30.88
2016-09-09 17:00:00,35.89
2016-09-09 18:00:00,40.73
2016-09-09 19:00:00,42.06
2016-09-09 20:00:00,45.79
2016-09-09 21:00:00,38.42
2016-09-09 22:00:00,40.07
2016-09-09 23:00:00,35.65
2016-09-10 00:00:00,34.5
2016-09-10 01:00:00,30.64
2016-09-10 02:00:00,27.42
2016-09-10 03:00:00,24.25
2016-09-10 04:00:00,23.75
2016-09-10 05:00:00,24.2
2016-09-10 06:00:00,25.51
2016-09-10 07:00:00,29.04
2016-09-10 08:00:00,29.75
2016-09-10 09:00:00,29.94
2016-09-10 10:00:00,26.95
2016-09-10 11:00:00,26.11
2016-09-10 12:00:00,25.37
2016-09-10 13:00:00,23.06
2016-09-10 14:00:00,23.06
2016-09-10 15:00:00,25.61
2016-09-10 16:00:00,28.65
2016-09-10 17:00:00,31.99
2016-09-10 18:00:00,34.05
2016-09-10 19:00:00,38.7
2016-09-10 20:00:00,38.98
2016-09-10 21:00:00,34.08
2016-09-10 22:00:00,41.12
2016-09-10 23:00:00,41.76
2016-09-11 00:00:00,19.47
2016-09-11 01:00:00,22.87
2016-09-11 02:00:00,22.51
2016-09-11 03:00:00,21.73
2016-09-11 04:00:00,21.1
2016-09-11 05:00:00,22.09
2016-09-11 06:00:00,22.94
2016-09-11 07:00:00,22.93
2016-09-11 08:00:00,24.07
2016-09-11 09:00:00,25.11
2016-09-11 10:00:00,24.96
2016-09-11 11:00:00,25.48
2016-09-11 12:00:00,25.16
2016-09-11 13:00:00,24.54
2016-09-11 14:00:00,23.48
2016-09-11 15:00:00,23.42
2016-09-11 16:00:00,24.01
2016-09-11 17:00:00,28.73
2016-09-11 18:00:00,36.36
2016-09-11 19:00:00,39.85
2016-09-11 20:00:00,42.57
2016-09-11 21:00:00,38.93
2016-09-11 22:00:00,36.14
2016-09-11 23:00:00,32.41
2016-09-12 00:00:00,34.12
2016-09-12 01:00:00,30.55
2016-09-12 02:00:00,25.65
2016-09-12 03:00:00,22.15
2016-09-12 04:00:00,22.75
2016-09-12 05:00:00,25.1
2016-09-12 06:00:00,36.69
2016-09-12 07:00:00,43.0
2016-09-12 08:00:00,51.59
2016-09-12 09:00:00,56.25
2016-09-12 10:00:00,57.48
2016-09-12 11:00:00,60.71
2016-09-12 12:00:00,65.4
2016-09-12 13:00:00,65.45
2016-09-12 14:00:00,60.89
2016-09-12 15:00:00,53.71
2016-09-12 16:00:00,54.49
2016-09-12 17:00:00,53.16
2016-09-12 18:00:00,60.02
2016-09-12 19:00:00,70.42
2016-09-12 20:00:00,71.78
2016-09-12 21:00:00,79.44
2016-09-12 22:00:00,48.05
2016-09-12 23:00:00,39.4
2016-09-13 00:00:00,30.73
2016-09-13 01:00:00,27.07
2016-09-13 02:00:00,24.15
2016-09-13 03:00:00,23.52
2016-09-13 04:00:00,23.55
2016-09-13 05:00:00,26.39
2016-09-13 06:00:00,37.48
2016-09-13 07:00:00,44.44
2016-09-13 08:00:00,51.33
2016-09-13 09:00:00,64.46
2016-09-13 10:00:00,74.3
2016-09-13 11:00:00,74.41
2016-09-13 12:00:00,65.29
2016-09-13 13:00:00,68.58
2016-09-13 14:00:00,70.14
2016-09-13 15:00:00,68.39
2016-09-13 16:00:00,100.0
2016-09-13 17:00:00,70.49
2016-09-13 18:00:00,67.8
2016-09-13 19:00:00,58.3
2016-09-13 20:00:00,67.8
2016-09-13 21:00:00,64.87
2016-09-13 22:00:00,44.9
2016-09-13 23:00:00,34.21
2016-09-14 00:00:00,31.04
2016-09-14 01:00:00,27.42
2016-09-14 02:00:00,26.67
2016-09-14 03:00:00,24.55
2016-09-14 04:00:00,22.9
2016-09-14 05:00:00,27.06
2016-09-14 06:00:00,34.97
2016-09-14 07:00:00,54.6
2016-09-14 08:00:00,48.88
2016-09-14 09:00:00,63.7
2016-09-14 10:00:00,60.75
2016-09-14 11:00:00,60.39
2016-09-14 12:00:00,58.0
2016-09-14 13:00:00,59.01
2016-09-14 14:00:00,52.13
2016-09-14 15:00:00,50.64
2016-09-14 16:00:00,50.41
2016-09-14 17:00:00,57.08
2016-09-14 18:00:00,55.27
2016-09-14 19:00:00,48.83
2016-09-14 20:00:00,48.94
2016-09-14 21:00:00,44.2
2016-09-14 22:00:00,43.2
2016-09-14 23:00:00,35.18
2016-09-15 00:00:00,32.83
2016-09-15 01:00:00,28.37
2016-09-15 02:00:00,26.51
2016-09-15 03:00:00,21.27
2016-09-15 04:00:00,21.35
2016-09-15 05:00:00,24.65
2016-09-15 06:00:00,30.86
2016-09-15 07:00:00,44.06
2016-09-15 08:00:00,49.32
2016-09-15 09:00:00,49.69
2016-09-15 10:00:00,48.38
2016-09-15 11:00:00,48.17
2016-09-15 12:00:00,47.12
2016-09-15 13:00:00,46.81
2016-09-15 14:00:00,49.21
2016-09-15 15:00:00,47.57
2016-09-15 16:00:00,47.34
2016-09-15 17:00:00,55.0
2016-09-15 18:00:00,52.34
2016-09-15 19:00:00,47.45
2016-09-15 20:00:00,48.91
2016-09-15 21:00:00,44.0
2016-09-15 22:00:00,41.74
2016-09-15 23:00:00,38.33
2016-09-16 00:00:00,35.0
2016-09-16 01:00:00,28.04
2016-09-16 02:00:00,26.57
2016-09-16 03:00:00,21.65
2016-09-16 04:00:00,20.35
2016-09-16 05:00:00,22.59
2016-09-16 06:00:00,32.49
2016-09-16 07:00:00,40.94
2016-09-16 08:00:00,46.46
2016-09-16 09:00:00,47.66
2016-09-16 10:00:00,45.56
2016-09-16 11:00:00,45.47
2016-09-16 12:00:00,42.49
2016-09-16 13:00:00,39.84
2016-09-16 14:00:00,37.86
2016-09-16 15:00:00,35.31
2016-09-16 16:00:00,35.61
2016-09-16 17:00:00,38.28
2016-09-16 18:00:00,40.1
2016-09-16 19:00:00,41.75
2016-09-16 20:00:00,40.99
2016-09-16 21:00:00,36.5
2016-09-16 22:00:00,31.9
2016-09-16 23:00:00,29.99
2016-09-17 00:00:00,32.87
2016-09-17 01:00:00,26.32
2016-09-17 02:00:00,24.08
2016-09-17 03:00:00,22.81
2016-09-17 04:00:00,22.25
2016-09-17 05:00:00,22.91
2016-09-17 06:00:00,24.91
2016-09-17 07:00:00,27.92
2016-09-17 08:00:00,31.41
2016-09-17 09:00:00,36.93
2016-09-17 10:00:00,36.91
2016-09-17 11:00:00,36.08
2016-09-17 12:00:00,36.29
2016-09-17 13:00:00,31.28
2016-09-17 14:00:00,30.0
2016-09-17 15:00:00,29.04
2016-09-17 16:00:00,24.93
2016-09-17 17:00:00,27.85
2016-09-17 18:00:00,35.32
2016-09-17 19:00:00,32.52
2016-09-17 20:00:00,40.0
2016-09-17 21:00:00,36.2
2016-09-17 22:00:00,32.52
2016-09-17 23:00:00,26.9
2016-09-18 00:00:00,41.51
2016-09-18 01:00:00,28.0
2016-09-18 02:00:00,21.94
2016-09-18 03:00:00,20.97
2016-09-18 04:00:00,18.59
2016-09-18 05:00:00,19.53
2016-09-18 06:00:00,20.92
2016-09-18 07:00:00,20.73
2016-09-18 08:00:00,22.77
2016-09-18 09:00:00,24.78
2016-09-18 10:00:00,24.56
2016-09-18 11:00:00,30.43
2016-09-18 12:00:00,33.5
2016-09-18 13:00:00,25.38
2016-09-18 14:00:00,23.67
2016-09-18 15:00:00,22.93
2016-09-18 16:00:00,23.2
2016-09-18 17:00:00,27.16
2016-09-18 18:00:00,32.54
2016-09-18 19:00:00,40.56
2016-09-18 20:00:00,51.8
2016-09-18 21:00:00,47.81
2016-09-18 22:00:00,41.0
2016-09-18 23:00:00,32.77
2016-09-19 00:00:00,31.26
2016-09-19 01:00:00,26.35
2016-09-19 02:00:00,23.78
2016-09-19 03:00:00,22.44
2016-09-19 04:00:00,22.05
2016-09-19 05:00:00,23.91
2016-09-19 06:00:00,36.06
2016-09-19 07:00:00,42.31
2016-09-19 08:00:00,44.6
2016-09-19 09:00:00,43.91
2016-09-19 10:00:00,43.95
2016-09-19 11:00:00,43.97
2016-09-19 12:00:00,43.66
2016-09-19 13:00:00,41.34
2016-09-19 14:00:00,42.03
2016-09-19 15:00:00,43.0
2016-09-19 16:00:00,42.63
2016-09-19 17:00:00,44.0
2016-09-19 18:00:00,45.19
2016-09-19 19:00:00,46.59
2016-09-19 20:00:00,46.18
2016-09-19 21:00:00,44.0
2016-09-19 22:00:00,41.09
2016-09-19 23:00:00,40.5
2016-09-20 00:00:00,34.25
2016-09-20 01:00:00,26.4
2016-09-20 02:00:00,27.27
2016-09-20 03:00:00,23.06
2016-09-20 04:00:00,23.44
2016-09-20 05:00:00,26.13
2016-09-20 06:00:00,40.69
2016-09-20 07:00:00,46.0
2016-09-20 08:00:00,52.31
2016-09-20 09:00:00,58.95
2016-09-20 10:00:00,46.79
2016-09-20 11:00:00,50.0
2016-09-20 12:00:00,47.25
2016-09-20 13:00:00,46.41
2016-09-20 14:00:00,46.5
2016-09-20 15:00:00,52.06
2016-09-20 16:00:00,58.08
2016-09-20 17:00:00,56.75
2016-09-20 18:00:00,52.19
2016-09-20 19:00:00,50.06
2016-09-20 20:00:00,60.17
2016-09-20 21:00:00,46.32
2016-09-20 22:00:00,45.0
2016-09-20 23:00:00,41.02
2016-09-21 00:00:00,38.45
2016-09-21 01:00:00,32.59
2016-09-21 02:00:00,27.83
2016-09-21 03:00:00,24.13
2016-09-21 04:00:00,24.09
2016-09-21 05:00:00,27.2
2016-09-21 06:00:00,36.97
2016-09-21 07:00:00,48.19
2016-09-21 08:00:00,49.71
2016-09-21 09:00:00,49.69
2016-09-21 10:00:00,49.04
2016-09-21 11:00:00,48.36
2016-09-21 12:00:00,44.96
2016-09-21 13:00:00,43.5
2016-09-21 14:00:00,43.52
2016-09-21 15:00:00,43.07
2016-09-21 16:00:00,42.14
2016-09-21 17:00:00,42.94
2016-09-21 18:00:00,45.0
2016-09-21 19:00:00,48.75
2016-09-21 20:00:00,48.69
2016-09-21 21:00:00,46.22
2016-09-21 22:00:00,44.0
2016-09-21 23:00:00,41.0
2016-09-22 00:00:00,38.82
2016-09-22 01:00:00,33.65
2016-09-22 02:00:00,27.55
2016-09-22 03:00:00,24.26
2016-09-22 04:00:00,24.24
2016-09-22 05:00:00,27.16
2016-09-22 06:00:00,40.04
2016-09-22 07:00:00,46.01
2016-09-22 08:00:00,49.21
2016-09-22 09:00:00,49.41
2016-09-22 10:00:00,43.89
2016-09-22 11:00:00,45.15
2016-09-22 12:00:00,42.93
2016-09-22 13:00:00,43.87
2016-09-22 14:00:00,46.87
2016-09-22 15:00:00,43.6
2016-09-22 16:00:00,43.0
2016-09-22 17:00:00,43.3
2016-09-22 18:00:00,45.15
2016-09-22 19:00:00,49.06
2016-09-22 20:00:00,49.09
2016-09-22 21:00:00,43.25
2016-09-22 22:00:00,40.3
2016-09-22 23:00:00,38.58
2016-09-23 00:00:00,40.73
2016-09-23 01:00:00,32.45
2016-09-23 02:00:00,31.13
2016-09-23 03:00:00,25.96
2016-09-23 04:00:00,25.62
2016-09-23 05:00:00,31.35
2016-09-23 06:00:00,42.27
2016-09-23 07:00:00,49.0
2016-09-23 08:00:00,50.44
2016-09-23 09:00:00,49.77
2016-09-23 10:00:00,50.45
2016-09-23 11:00:00,48.25
2016-09-23 12:00:00,43.05
2016-09-23 13:00:00,42.09
2016-09-23 14:00:00,41.8
2016-09-23 15:00:00,40.69
2016-09-23 16:00:00,40.79
2016-09-23 17:00:00,41.44
2016-09-23 18:00:00,44.3
2016-09-23 19:00:00,47.06
2016-09-23 20:00:00,49.22
2016-09-23 21:00:00,43.54
2016-09-23 22:00:00,44.0
2016-09-23 23:00:00,42.41
2016-09-24 00:00:00,41.47
2016-09-24 01:00:00,34.58
2016-09-24 02:00:00,35.66
2016-09-24 03:00:00,27.88
2016-09-24 04:00:00,24.65
2016-09-24 05:00:00,24.59
2016-09-24 06:00:00,27.87
2016-09-24 07:00:00,31.15
2016-09-24 08:00:00,34.78
2016-09-24 09:00:00,36.89
2016-09-24 10:00:00,37.45
2016-09-24 11:00:00,36.07
2016-09-24 12:00:00,34.48
2016-09-24 13:00:00,26.43
2016-09-24 14:00:00,24.4
2016-09-24 15:00:00,24.93
2016-09-24 16:00:00,28.01
2016-09-24 17:00:00,34.58
2016-09-24 18:00:00,38.08
2016-09-24 19:00:00,42.63
2016-09-24 20:00:00,40.99
2016-09-24 21:00:00,34.53
2016-09-24 22:00:00,31.15
2016-09-24 23:00:00,27.77
2016-09-25 00:00:00,24.58
2016-09-25 01:00:00,22.51
2016-09-25 02:00:00,20.55
2016-09-25 03:00:00,17.84
2016-09-25 04:00:00,17.7
2016-09-25 05:00:00,19.68
2016-09-25 06:00:00,20.09
2016-09-25 07:00:00,21.47
2016-09-25 08:00:00,22.45
2016-09-25 09:00:00,22.95
2016-09-25 10:00:00,21.76
2016-09-25 11:00:00,23.73
2016-09-25 12:00:00,23.77
2016-09-25 13:00:00,23.72
2016-09-25 14:00:00,15.48
2016-09-25 15:00:00,15.02
2016-09-25 16:00:00,19.76
2016-09-25 17:00:00,26.55
2016-09-25 18:00:00,35.09
2016-09-25 19:00:00,40.95
2016-09-25 20:00:00,48.2
2016-09-25 21:00:00,40.72
2016-09-25 22:00:00,43.0
2016-09-25 23:00:00,39.89
2016-09-26 00:00:00,37.77
2016-09-26 01:00:00,33.9
2016-09-26 02:00:00,30.63
2016-09-26 03:00:00,26.05
2016-09-26 04:00:00,28.34
2016-09-26 05:00:00,31.38
2016-09-26 06:00:00,41.3
2016-09-26 07:00:00,46.53
2016-09-26 08:00:00,49.0
2016-09-26 09:00:00,46.84
2016-09-26 10:00:00,46.69
2016-09-26 11:00:00,51.08
2016-09-26 12:00:00,49.55
2016-09-26 13:00:00,50.0
2016-09-26 14:00:00,46.93
2016-09-26 15:00:00,44.87
2016-09-26 16:00:00,46.15
2016-09-26 17:00:00,44.83
2016-09-26 18:00:00,49.55
2016-09-26 19:00:00,54.12
2016-09-26 20:00:00,51.23
2016-09-26 21:00:00,45.08
2016-09-26 22:00:00,44.4
2016-09-26 23:00:00,42.01
2016-09-27 00:00:00,34.03
2016-09-27 01:00:00,30.74
2016-09-27 02:00:00,29.75
2016-09-27 03:00:00,28.73
2016-09-27 04:00:00,27.84
2016-09-27 05:00:00,29.41
2016-09-27 06:00:00,42.7
2016-09-27 07:00:00,49.0
2016-09-27 08:00:00,50.0
2016-09-27 09:00:00,47.69
2016-09-27 10:00:00,46.59
2016-09-27 11:00:00,46.33
2016-09-27 12:00:00,42.2
2016-09-27 13:00:00,42.79
2016-09-27 14:00:00,42.37
2016-09-27 15:00:00,42.39
2016-09-27 16:00:00,43.52
2016-09-27 17:00:00,43.91
2016-09-27 18:00:00,45.67
2016-09-27 19:00:00,49.08
2016-09-27 20:00:00,47.7
2016-09-27 21:00:00,45.73
2016-09-27 22:00:00,41.24
2016-09-27 23:00:00,38.72
2016-09-28 00:00:00,38.54
2016-09-28 01:00:00,30.0
2016-09-28 02:00:00,32.61
2016-09-28 03:00:00,29.08
2016-09-28 04:00:00,26.0
2016-09-28 05:00:00,32.07
2016-09-28 06:00:00,39.9
2016-09-28 07:00:00,46.43
2016-09-28 08:00:00,48.26
2016-09-28 09:00:00,49.72
2016-09-28 10:00:00,48.69
2016-09-28 11:00:00,48.0
2016-09-28 12:00:00,46.88
2016-09-28 13:00:00,46.23
2016-09-28 14:00:00,45.0
2016-09-28 15:00:00,44.06
2016-09-28 16:00:00,44.26
2016-09-28 17:00:00,47.16
2016-09-28 18:00:00,47.76
2016-09-28 19:00:00,51.53
2016-09-28 20:00:00,50.74
2016-09-28 21:00:00,48.52
2016-09-28 22:00:00,45.35
2016-09-28 23:00:00,40.19
2016-09-29 00:00:00,39.32
2016-09-29 01:00:00,35.35
2016-09-29 02:00:00,26.2
2016-09-29 03:00:00,14.57
2016-09-29 04:00:00,14.15
2016-09-29 05:00:00,22.17
2016-09-29 06:00:00,37.16
2016-09-29 07:00:00,47.11
2016-09-29 08:00:00,49.19
2016-09-29 09:00:00,49.95
2016-09-29 10:00:00,55.27
2016-09-29 11:00:00,44.3
2016-09-29 12:00:00,35.65
2016-09-29 13:00:00,37.44
2016-09-29 14:00:00,41.71
2016-09-29 15:00:00,44.0
2016-09-29 16:00:00,43.86
2016-09-29 17:00:00,45.18
2016-09-29 18:00:00,48.24
2016-09-29 19:00:00,55.23
2016-09-29 20:00:00,52.74
2016-09-29 21:00:00,48.97
2016-09-29 22:00:00,49.78
2016-09-29 23:00:00,44.81
2016-09-30 00:00:00,28.0
2016-09-30 01:00:00,25.7
2016-09-30 02:00:00,24.71
2016-09-30 03:00:00,23.09
2016-09-30 04:00:00,24.02
2016-09-30 05:00:00,30.72
2016-09-30 06:00:00,42.7
2016-09-30 07:00:00,49.66
2016-09-30 08:00:00,50.09
2016-09-30 09:00:00,54.53
2016-09-30 10:00:00,48.54
2016-09-30 11:00:00,47.62
2016-09-30 12:00:00,48.14
2016-09-30 13:00:00,44.2
2016-09-30 14:00:00,46.17
2016-09-30 15:00:00,44.12
2016-09-30 16:00:00,45.8
2016-09-30 17:00:00,48.0
2016-09-30 18:00:00,48.41
2016-09-30 19:00:00,52.85
2016-09-30 20:00:00,49.33
2016-09-30 21:00:00,48.16
2016-09-30 22:00:00,47.2
2016-09-30 23:00:00,42.52
2016-10-01 00:00:00,43.2
2016-10-01 01:00:00,34.09
2016-10-01 02:00:00,34.47
2016-10-01 03:00:00,26.0
2016-10-01 04:00:00,29.82
2016-10-01 05:00:00,26.46
2016-10-01 06:00:00,28.63
2016-10-01 07:00:00,39.53
2016-10-01 08:00:00,38.59
2016-10-01 09:00:00,47.29
2016-10-01 10:00:00,42.74
2016-10-01 11:00:00,38.6
2016-10-01 12:00:00,32.81
2016-10-01 13:00:00,29.4
2016-10-01 14:00:00,29.15
2016-10-01 15:00:00,29.18
2016-10-01 16:00:00,29.44
2016-10-01 17:00:00,34.63
2016-10-01 18:00:00,39.93
2016-10-01 19:00:00,45.03
2016-10-01 20:00:00,45.61
2016-10-01 21:00:00,43.88
2016-10-01 22:00:00,44.35
2016-10-01 23:00:00,27.67
2016-10-02 00:00:00,32.68
2016-10-02 01:00:00,31.23
2016-10-02 02:00:00,26.28
2016-10-02 03:00:00,25.13
2016-10-02 04:00:00,24.9
2016-10-02 05:00:00,25.03
2016-10-02 06:00:00,25.43
2016-10-02 07:00:00,26.09
2016-10-02 08:00:00,29.7
2016-10-02 09:00:00,30.99
2016-10-02 10:00:00,29.88
2016-10-02 11:00:00,32.38
2016-10-02 12:00:00,33.2
2016-10-02 13:00:00,26.64
2016-10-02 14:00:00,25.01
2016-10-02 15:00:00,24.65
2016-10-02 16:00:00,25.06
2016-10-02 17:00:00,31.65
2016-10-02 18:00:00,41.22
2016-10-02 19:00:00,49.35
2016-10-02 20:00:00,48.4
2016-10-02 21:00:00,40.13
2016-10-02 22:00:00,40.27
2016-10-02 23:00:00,37.59
2016-10-03 00:00:00,30.81
2016-10-03 01:00:00,26.11
2016-10-03 02:00:00,25.09
2016-10-03 03:00:00,24.54
2016-10-03 04:00:00,24.59
2016-10-03 05:00:00,25.78
2016-10-03 06:00:00,36.12
2016-10-03 07:00:00,52.23
2016-10-03 08:00:00,53.49
2016-10-03 09:00:00,53.39
2016-10-03 10:00:00,52.75
2016-10-03 11:00:00,51.16
2016-10-03 12:00:00,50.94
2016-10-03 13:00:00,50.07
2016-10-03 14:00:00,49.89
2016-10-03 15:00:00,50.79
2016-10-03 16:00:00,44.95
2016-10-03 17:00:00,48.0
2016-10-03 18:00:00,51.66
2016-10-03 19:00:00,73.0
2016-10-03 20:00:00,56.65
2016-10-03 21:00:00,49.17
2016-10-03 22:00:00,47.44
2016-10-03 23:00:00,45.0
2016-10-04 00:00:00,28.58
2016-10-04 01:00:00,26.11
2016-10-04 02:00:00,24.36
2016-10-04 03:00:00,22.29
2016-10-04 04:00:00,23.25
2016-10-04 05:00:00,25.54
2016-10-04 06:00:00,44.48
2016-10-04 07:00:00,55.17
2016-10-04 08:00:00,53.52
2016-10-04 09:00:00,52.2
2016-10-04 10:00:00,51.52
2016-10-04 11:00:00,51.08
2016-10-04 12:00:00,47.04
2016-10-04 13:00:00,39.5
2016-10-04 14:00:00,31.99
2016-10-04 15:00:00,37.41
2016-10-04 16:00:00,39.28
2016-10-04 17:00:00,44.16
2016-10-04 18:00:00,51.28
2016-10-04 19:00:00,53.04
2016-10-04 20:00:00,49.95
2016-10-04 21:00:00,46.66
2016-10-04 22:00:00,41.79
2016-10-04 23:00:00,33.43
2016-10-05 00:00:00,25.06
2016-10-05 01:00:00,23.67
2016-10-05 02:00:00,22.45
2016-10-05 03:00:00,22.23
2016-10-05 04:00:00,22.71
2016-10-05 05:00:00,24.3
2016-10-05 06:00:00,31.17
2016-10-05 07:00:00,48.53
2016-10-05 08:00:00,61.15
2016-10-05 09:00:00,57.65
2016-10-05 10:00:00,54.68
2016-10-05 11:00:00,27.51
2016-10-05 12:00:00,30.79
2016-10-05 13:00:00,30.35
2016-10-05 14:00:00,28.8
2016-10-05 15:00:00,28.18
2016-10-05 16:00:00,29.99
2016-10-05 17:00:00,35.0
2016-10-05 18:00:00,47.91
2016-10-05 19:00:00,55.32
2016-10-05 20:00:00,52.84
2016-10-05 21:00:00,47.56
2016-10-05 22:00:00,40.42
2016-10-05 23:00:00,34.27
2016-10-06 00:00:00,34.75
2016-10-06 01:00:00,31.6
2016-10-06 02:00:00,26.72
2016-10-06 03:00:00,28.42
2016-10-06 04:00:00,21.49
2016-10-06 05:00:00,28.0
2016-10-06 06:00:00,46.95
2016-10-06 07:00:00,59.33
2016-10-06 08:00:00,57.26
2016-10-06 09:00:00,58.21
2016-10-06 10:00:00,56.14
2016-10-06 11:00:00,53.21
2016-10-06 12:00:00,51.95
2016-10-06 13:00:00,51.59
2016-10-06 14:00:00,51.0
2016-10-06 15:00:00,49.58
2016-10-06 16:00:00,49.83
2016-10-06 17:00:00,44.0
2016-10-06 18:00:00,46.6
2016-10-06 19:00:00,61.19
2016-10-06 20:00:00,58.71
2016-10-06 21:00:00,40.84
2016-10-06 22:00:00,38.89
2016-10-06 23:00:00,35.06
2016-10-07 00:00:00,56.09
2016-10-07 01:00:00,33.09
2016-10-07 02:00:00,31.18
2016-10-07 03:00:00,27.94
2016-10-07 04:00:00,27.96
2016-10-07 05:00:00,36.14
2016-10-07 06:00:00,64.92
2016-10-07 07:00:00,77.04
2016-10-07 08:00:00,76.53
2016-10-07 09:00:00,74.51
2016-10-07 10:00:00,77.36
2016-10-07 11:00:00,77.36
2016-10-07 12:00:00,71.52
2016-10-07 13:00:00,68.35
2016-10-07 14:00:00,68.72
2016-10-07 15:00:00,63.16
2016-10-07 16:00:00,52.33
2016-10-07 17:00:00,56.17
2016-10-07 18:00:00,63.96
2016-10-07 19:00:00,67.54
2016-10-07 20:00:00,59.15
2016-10-07 21:00:00,54.83
2016-10-07 22:00:00,53.33
2016-10-07 23:00:00,53.93
2016-10-08 00:00:00,50.19
2016-10-08 01:00:00,42.02
2016-10-08 02:00:00,38.12
2016-10-08 03:00:00,36.0
2016-10-08 04:00:00,29.99
2016-10-08 05:00:00,36.25
2016-10-08 06:00:00,39.25
2016-10-08 07:00:00,43.26
2016-10-08 08:00:00,44.15
2016-10-08 09:00:00,47.7
2016-10-08 10:00:00,46.46
2016-10-08 11:00:00,44.13
2016-10-08 12:00:00,40.42
2016-10-08 13:00:00,37.06
2016-10-08 14:00:00,34.42
2016-10-08 15:00:00,36.47
2016-10-08 16:00:00,37.25
2016-10-08 17:00:00,42.69
2016-10-08 18:00:00,46.0
2016-10-08 19:00:00,52.75
2016-10-08 20:00:00,51.5
2016-10-08 21:00:00,45.89
2016-10-08 22:00:00,45.36
2016-10-08 23:00:00,41.89
2016-10-09 00:00:00,36.0
2016-10-09 01:00:00,34.31
2016-10-09 02:00:00,32.58
2016-10-09 03:00:00,29.27
2016-10-09 04:00:00,28.72
2016-10-09 05:00:00,28.09
2016-10-09 06:00:00,29.27
2016-10-09 07:00:00,38.6
2016-10-09 08:00:00,33.22
2016-10-09 09:00:00,38.6
2016-10-09 10:00:00,38.07
2016-10-09 11:00:00,35.11
2016-10-09 12:00:00,32.77
2016-10-09 13:00:00,29.54
2016-10-09 14:00:00,28.23
2016-10-09 15:00:00,28.21
2016-10-09 16:00:00,28.8
2016-10-09 17:00:00,32.95
2016-10-09 18:00:00,41.29
2016-10-09 19:00:00,56.74
2016-10-09 20:00:00,60.1
2016-10-09 21:00:00,49.0
2016-10-09 22:00:00,46.27
2016-10-09 23:00:00,39.29
2016-10-10 00:00:00,43.32
2016-10-10 01:00:00,39.6
2016-10-10 02:00:00,35.6
2016-10-10 03:00:00,31.59
2016-10-10 04:00:00,31.51
2016-10-10 05:00:00,37.81
2016-10-10 06:00:00,56.69
2016-10-10 07:00:00,77.83
2016-10-10 08:00:00,76.02
2016-10-10 09:00:00,70.16
2016-10-10 10:00:00,67.62
2016-10-10 11:00:00,64.49
2016-10-10 12:00:00,64.77
2016-10-10 13:00:00,63.21
2016-10-10 14:00:00,61.1
2016-10-10 15:00:00,56.74
2016-10-10 16:00:00,55.0
2016-10-10 17:00:00,57.24
2016-10-10 18:00:00,69.94
2016-10-10 19:00:00,81.93
2016-10-10 20:00:00,71.28
2016-10-10 21:00:00,61.25
2016-10-10 22:00:00,57.29
2016-10-10 23:00:00,53.63
2016-10-11 00:00:00,57.83
2016-10-11 01:00:00,48.14
2016-10-11 02:00:00,48.87
2016-10-11 03:00:00,40.0
2016-10-11 04:00:00,35.09
2016-10-11 05:00:00,50.0
2016-10-11 06:00:00,69.87
2016-10-11 07:00:00,81.33
2016-10-11 08:00:00,87.4
2016-10-11 09:00:00,81.17
2016-10-11 10:00:00,84.03
2016-10-11 11:00:00,83.97
2016-10-11 12:00:00,82.34
2016-10-11 13:00:00,73.83
2016-10-11 14:00:00,76.01
2016-10-11 15:00:00,73.0
2016-10-11 16:00:00,65.71
2016-10-11 17:00:00,67.46
2016-10-11 18:00:00,72.91
2016-10-11 19:00:00,105.07
2016-10-11 20:00:00,84.94
2016-10-11 21:00:00,73.06
2016-10-11 22:00:00,70.12
2016-10-11 23:00:00,67.61
2016-10-12 00:00:00,50.51
2016-10-12 01:00:00,46.26
2016-10-12 02:00:00,44.1
2016-10-12 03:00:00,33.47
2016-10-12 04:00:00,33.13
2016-10-12 05:00:00,44.11
2016-10-12 06:00:00,62.73
2016-10-12 07:00:00,75.98
2016-10-12 08:00:00,78.44
2016-10-12 09:00:00,79.66
2016-10-12 10:00:00,79.57
2016-10-12 11:00:00,77.52
2016-10-12 12:00:00,71.99
2016-10-12 13:00:00,66.5
2016-10-12 14:00:00,65.9
2016-10-12 15:00:00,63.19
2016-10-12 16:00:00,56.4
2016-10-12 17:00:00,60.82
2016-10-12 18:00:00,66.3
2016-10-12 19:00:00,76.15
2016-10-12 20:00:00,71.8
2016-10-12 21:00:00,60.97
2016-10-12 22:00:00,58.6
2016-10-12 23:00:00,54.07
2016-10-13 00:00:00,38.23
2016-10-13 01:00:00,36.1
2016-10-13 02:00:00,34.35
2016-10-13 03:00:00,32.71
2016-10-13 04:00:00,32.85
2016-10-13 05:00:00,34.55
2016-10-13 06:00:00,48.1
2016-10-13 07:00:00,75.55
2016-10-13 08:00:00,77.44
2016-10-13 09:00:00,76.53
2016-10-13 10:00:00,75.43
2016-10-13 11:00:00,65.34
2016-10-13 12:00:00,47.32
2016-10-13 13:00:00,46.34
2016-10-13 14:00:00,45.64
2016-10-13 15:00:00,44.4
2016-10-13 16:00:00,43.87
2016-10-13 17:00:00,62.67
2016-10-13 18:00:00,74.52
2016-10-13 19:00:00,84.91
2016-10-13 20:00:00,73.72
2016-10-13 21:00:00,62.95
2016-10-13 22:00:00,60.02
2016-10-13 23:00:00,42.79
2016-10-14 00:00:00,56.34
2016-10-14 01:00:00,31.23
2016-10-14 02:00:00,27.19
2016-10-14 03:00:00,30.0
2016-10-14 04:00:00,40.3
2016-10-14 05:00:00,43.61
2016-10-14 06:00:00,59.79
2016-10-14 07:00:00,76.0
2016-10-14 08:00:00,85.0
2016-10-14 09:00:00,79.03
2016-10-14 10:00:00,78.12
2016-10-14 11:00:00,78.04
2016-10-14 12:00:00,75.0
2016-10-14 13:00:00,71.48
2016-10-14 14:00:00,53.4
2016-10-14 15:00:00,57.0
2016-10-14 16:00:00,59.57
2016-10-14 17:00:00,80.0
2016-10-14 18:00:00,112.39
2016-10-14 19:00:00,194.25
2016-10-14 20:00:00,123.02
2016-10-14 21:00:00,95.39
2016-10-14 22:00:00,77.36
2016-10-14 23:00:00,77.13
2016-10-15 00:00:00,56.41
2016-10-15 01:00:00,32.3
2016-10-15 02:00:00,30.55
2016-10-15 03:00:00,29.92
2016-10-15 04:00:00,33.9
2016-10-15 05:00:00,30.29
2016-10-15 06:00:00,29.57
2016-10-15 07:00:00,43.89
2016-10-15 08:00:00,51.2
2016-10-15 09:00:00,47.72
2016-10-15 10:00:00,48.39
2016-10-15 11:00:00,44.72
2016-10-15 12:00:00,43.32
2016-10-15 13:00:00,45.41
2016-10-15 14:00:00,43.71
2016-10-15 15:00:00,39.38
2016-10-15 16:00:00,38.22
2016-10-15 17:00:00,42.86
2016-10-15 18:00:00,49.92
2016-10-15 19:00:00,57.05
2016-10-15 20:00:00,58.39
2016-10-15 21:00:00,45.76
2016-10-15 22:00:00,46.55
2016-10-15 23:00:00,49.7
2016-10-16 00:00:00,48.86
2016-10-16 01:00:00,44.91
2016-10-16 02:00:00,35.69
2016-10-16 03:00:00,30.59
2016-10-16 04:00:00,30.66
2016-10-16 05:00:00,30.61
2016-10-16 06:00:00,30.91
2016-10-16 07:00:00,31.79
2016-10-16 08:00:00,36.63
2016-10-16 09:00:00,38.66
2016-10-16 10:00:00,42.58
2016-10-16 11:00:00,41.94
2016-10-16 12:00:00,43.42
2016-10-16 13:00:00,31.91
2016-10-16 14:00:00,30.08
2016-10-16 15:00:00,30.44
2016-10-16 16:00:00,31.05
2016-10-16 17:00:00,41.68
2016-10-16 18:00:00,51.26
2016-10-16 19:00:00,59.6
2016-10-16 20:00:00,61.46
2016-10-16 21:00:00,51.55
2016-10-16 22:00:00,49.08
2016-10-16 23:00:00,51.68
2016-10-17 00:00:00,42.57
2016-10-17 01:00:00,30.2
2016-10-17 02:00:00,29.32
2016-10-17 03:00:00,28.44
2016-10-17 04:00:00,28.53
2016-10-17 05:00:00,30.46
2016-10-17 06:00:00,50.11
2016-10-17 07:00:00,85.12
2016-10-17 08:00:00,90.69
2016-10-17 09:00:00,73.01
2016-10-17 10:00:00,67.21
2016-10-17 11:00:00,68.15
2016-10-17 12:00:00,66.29
2016-10-17 13:00:00,66.17
2016-10-17 14:00:00,67.35
2016-10-17 15:00:00,65.28
2016-10-17 16:00:00,63.01
2016-10-17 17:00:00,59.94
2016-10-17 18:00:00,67.16
2016-10-17 19:00:00,81.93
2016-10-17 20:00:00,70.32
2016-10-17 21:00:00,60.52
2016-10-17 22:00:00,66.12
2016-10-17 23:00:00,60.0
2016-10-18 00:00:00,54.35
2016-10-18 01:00:00,49.67
2016-10-18 02:00:00,44.05
2016-10-18 03:00:00,41.78
2016-10-18 04:00:00,41.74
2016-10-18 05:00:00,47.04
2016-10-18 06:00:00,65.03
2016-10-18 07:00:00,89.97
2016-10-18 08:00:00,82.41
2016-10-18 09:00:00,83.54
2016-10-18 10:00:00,83.84
2016-10-18 11:00:00,81.99
2016-10-18 12:00:00,71.37
2016-10-18 13:00:00,67.4
2016-10-18 14:00:00,61.18
2016-10-18 15:00:00,62.2
2016-10-18 16:00:00,61.29
2016-10-18 17:00:00,64.88
2016-10-18 18:00:00,72.61
2016-10-18 19:00:00,89.57
2016-10-18 20:00:00,81.64
2016-10-18 21:00:00,62.89
2016-10-18 22:00:00,59.27
2016-10-18 23:00:00,56.39
2016-10-19 00:00:00,52.97
2016-10-19 01:00:00,49.05
2016-10-19 02:00:00,43.89
2016-10-19 03:00:00,41.77
2016-10-19 04:00:00,38.14
2016-10-19 05:00:00,45.68
2016-10-19 06:00:00,61.21
2016-10-19 07:00:00,72.45
2016-10-19 08:00:00,75.31
2016-10-19 09:00:00,82.23
2016-10-19 10:00:00,79.12
2016-10-19 11:00:00,77.53
2016-10-19 12:00:00,70.67
2016-10-19 13:00:00,67.19
2016-10-19 14:00:00,65.42
2016-10-19 15:00:00,65.18
2016-10-19 16:00:00,70.0
2016-10-19 17:00:00,70.04
2016-10-19 18:00:00,81.55
2016-10-19 19:00:00,91.37
2016-10-19 20:00:00,77.72
2016-10-19 21:00:00,64.6
2016-10-19 22:00:00,66.98
2016-10-19 23:00:00,66.01
2016-10-20 00:00:00,63.06
2016-10-20 01:00:00,54.1
2016-10-20 02:00:00,50.36
2016-10-20 03:00:00,44.94
2016-10-20 04:00:00,44.52
2016-10-20 05:00:00,53.01
2016-10-20 06:00:00,74.9
2016-10-20 07:00:00,97.0
2016-10-20 08:00:00,97.48
2016-10-20 09:00:00,101.17
2016-10-20 10:00:00,90.88
2016-10-20 11:00:00,89.68
2016-10-20 12:00:00,89.98
2016-10-20 13:00:00,82.53
2016-10-20 14:00:00,78.48
2016-10-20 15:00:00,77.87
2016-10-20 16:00:00,75.21
2016-10-20 17:00:00,74.64
2016-10-20 18:00:00,82.42
2016-10-20 19:00:00,100.27
2016-10-20 20:00:00,98.25
2016-10-20 21:00:00,74.34
2016-10-20 22:00:00,71.82
2016-10-20 23:00:00,74.0
2016-10-21 00:00:00,66.14
2016-10-21 01:00:00,52.75
2016-10-21 02:00:00,45.98
2016-10-21 03:00:00,43.49
2016-10-21 04:00:00,42.25
2016-10-21 05:00:00,50.5
2016-10-21 06:00:00,71.2
2016-10-21 07:00:00,141.42
2016-10-21 08:00:00,149.32
2016-10-21 09:00:00,145.83
2016-10-21 10:00:00,142.97
2016-10-21 11:00:00,100.01
2016-10-21 12:00:00,113.81
2016-10-21 13:00:00,75.75
2016-10-21 14:00:00,75.07
2016-10-21 15:00:00,72.8
2016-10-21 16:00:00,73.77
2016-10-21 17:00:00,76.98
2016-10-21 18:00:00,85.17
2016-10-21 19:00:00,167.53
2016-10-21 20:00:00,115.04
2016-10-21 21:00:00,75.74
2016-10-21 22:00:00,74.7
2016-10-21 23:00:00,71.95
2016-10-22 00:00:00,70.0
2016-10-22 01:00:00,37.1
2016-10-22 02:00:00,37.1
2016-10-22 03:00:00,44.75
2016-10-22 04:00:00,37.1
2016-10-22 05:00:00,35.61
2016-10-22 06:00:00,34.55
2016-10-22 07:00:00,50.49
2016-10-22 08:00:00,61.55
2016-10-22 09:00:00,58.82
2016-10-22 10:00:00,63.05
2016-10-22 11:00:00,61.69
2016-10-22 12:00:00,56.3
2016-10-22 13:00:00,53.9
2016-10-22 14:00:00,46.24
2016-10-22 15:00:00,45.91
2016-10-22 16:00:00,46.01
2016-10-22 17:00:00,51.31
2016-10-22 18:00:00,66.19
2016-10-22 19:00:00,81.03
2016-10-22 20:00:00,71.92
2016-10-22 21:00:00,58.1
2016-10-22 22:00:00,53.14
2016-10-22 23:00:00,54.11
2016-10-23 00:00:00,50.9
2016-10-23 01:00:00,44.14
2016-10-23 02:00:00,40.71
2016-10-23 03:00:00,34.42
2016-10-23 04:00:00,32.03
2016-10-23 05:00:00,32.14
2016-10-23 06:00:00,33.24
2016-10-23 07:00:00,41.62
2016-10-23 08:00:00,38.09
2016-10-23 09:00:00,40.34
2016-10-23 10:00:00,41.87
2016-10-23 11:00:00,48.37
2016-10-23 12:00:00,45.75
2016-10-23 13:00:00,40.35
2016-10-23 14:00:00,34.97
2016-10-23 15:00:00,32.66
2016-10-23 16:00:00,34.44
2016-10-23 17:00:00,41.27
2016-10-23 18:00:00,56.24
2016-10-23 19:00:00,72.98
2016-10-23 20:00:00,63.56
2016-10-23 21:00:00,54.7
2016-10-23 22:00:00,53.27
2016-10-23 23:00:00,48.57
2016-10-24 00:00:00,44.6
2016-10-24 01:00:00,40.92
2016-10-24 02:00:00,37.39
2016-10-24 03:00:00,36.4
2016-10-24 04:00:00,33.01
2016-10-24 05:00:00,37.89
2016-10-24 06:00:00,52.01
2016-10-24 07:00:00,97.14
2016-10-24 08:00:00,92.12
2016-10-24 09:00:00,82.0
2016-10-24 10:00:00,125.09
2016-10-24 11:00:00,100.01
2016-10-24 12:00:00,127.0
2016-10-24 13:00:00,115.37
2016-10-24 14:00:00,92.7
2016-10-24 15:00:00,85.84
2016-10-24 16:00:00,86.62
2016-10-24 17:00:00,87.0
2016-10-24 18:00:00,140.06
2016-10-24 19:00:00,176.16
2016-10-24 20:00:00,152.26
2016-10-24 21:00:00,74.29
2016-10-24 22:00:00,68.5
2016-10-24 23:00:00,60.15
2016-10-25 00:00:00,76.74
2016-10-25 01:00:00,60.09
2016-10-25 02:00:00,53.12
2016-10-25 03:00:00,47.65
2016-10-25 04:00:00,41.4
2016-10-25 05:00:00,46.12
2016-10-25 06:00:00,71.04
2016-10-25 07:00:00,173.69
2016-10-25 08:00:00,227.76
2016-10-25 09:00:00,219.67
2016-10-25 10:00:00,235.54
2016-10-25 11:00:00,213.11
2016-10-25 12:00:00,169.77
2016-10-25 13:00:00,200.0
2016-10-25 14:00:00,299.0
2016-10-25 15:00:00,85.56
2016-10-25 16:00:00,87.21
2016-10-25 17:00:00,91.32
2016-10-25 18:00:00,141.07
2016-10-25 19:00:00,196.15
2016-10-25 20:00:00,179.55
2016-10-25 21:00:00,86.04
2016-10-25 22:00:00,73.74
2016-10-25 23:00:00,61.7
2016-10-26 00:00:00,60.0
2016-10-26 01:00:00,51.57
2016-10-26 02:00:00,43.92
2016-10-26 03:00:00,42.2
2016-10-26 04:00:00,42.36
2016-10-26 05:00:00,47.8
2016-10-26 06:00:00,61.46
2016-10-26 07:00:00,88.36
2016-10-26 08:00:00,89.19
2016-10-26 09:00:00,90.03
2016-10-26 10:00:00,87.88
2016-10-26 11:00:00,85.95
2016-10-26 12:00:00,78.05
2016-10-26 13:00:00,76.7
2016-10-26 14:00:00,77.16
2016-10-26 15:00:00,81.78
2016-10-26 16:00:00,73.82
2016-10-26 17:00:00,72.9
2016-10-26 18:00:00,106.42
2016-10-26 19:00:00,145.06
2016-10-26 20:00:00,92.23
2016-10-26 21:00:00,72.39
2016-10-26 22:00:00,62.58
2016-10-26 23:00:00,57.05
2016-10-27 00:00:00,52.58
2016-10-27 01:00:00,44.86
2016-10-27 02:00:00,42.31
2016-10-27 03:00:00,39.66
2016-10-27 04:00:00,38.98
2016-10-27 05:00:00,42.31
2016-10-27 06:00:00,51.57
2016-10-27 07:00:00,75.69
2016-10-27 08:00:00,80.03
2016-10-27 09:00:00,77.0
2016-10-27 10:00:00,74.78
2016-10-27 11:00:00,73.4
2016-10-27 12:00:00,63.24
2016-10-27 13:00:00,60.91
2016-10-27 14:00:00,59.98
2016-10-27 15:00:00,59.9
2016-10-27 16:00:00,60.56
2016-10-27 17:00:00,61.86
2016-10-27 18:00:00,77.0
2016-10-27 19:00:00,85.87
2016-10-27 20:00:00,73.27
2016-10-27 21:00:00,58.23
2016-10-27 22:00:00,55.69
2016-10-27 23:00:00,53.64
2016-10-28 00:00:00,48.03
2016-10-28 01:00:00,40.74
2016-10-28 02:00:00,38.42
2016-10-28 03:00:00,35.68
2016-10-28 04:00:00,35.75
2016-10-28 05:00:00,38.63
2016-10-28 06:00:00,57.33
2016-10-28 07:00:00,71.42
2016-10-28 08:00:00,76.0
2016-10-28 09:00:00,74.56
2016-10-28 10:00:00,72.0
2016-10-28 11:00:00,68.78
2016-10-28 12:00:00,62.15
2016-10-28 13:00:00,60.0
2016-10-28 14:00:00,57.98
2016-10-28 15:00:00,56.28
2016-10-28 16:00:00,56.3
2016-10-28 17:00:00,61.45
2016-10-28 18:00:00,72.5
2016-10-28 19:00:00,81.24
2016-10-28 20:00:00,68.59
2016-10-28 21:00:00,60.0
2016-10-28 22:00:00,72.45
2016-10-28 23:00:00,71.95
2016-10-29 00:00:00,53.03
2016-10-29 01:00:00,47.68
2016-10-29 02:00:00,46.0
2016-10-29 03:00:00,42.8
2016-10-29 04:00:00,39.43
2016-10-29 05:00:00,39.99
2016-10-29 06:00:00,44.34
2016-10-29 07:00:00,51.06
2016-10-29 08:00:00,52.78
2016-10-29 09:00:00,57.16
2016-10-29 10:00:00,67.22
2016-10-29 11:00:00,59.16
2016-10-29 12:00:00,53.02
2016-10-29 13:00:00,51.47
2016-10-29 14:00:00,42.78
2016-10-29 15:00:00,42.2
2016-10-29 16:00:00,44.5
2016-10-29 17:00:00,51.16
2016-10-29 18:00:00,58.89
2016-10-29 19:00:00,65.68
2016-10-29 20:00:00,64.45
2016-10-29 21:00:00,61.11
2016-10-29 22:00:00,55.18
2016-10-29 23:00:00,46.17
2016-10-30 00:00:00,40.0
2016-10-30 01:00:00,42.87
2016-10-30 02:00:00,38.62
2016-10-30 03:00:00,38.05
2016-10-30 04:00:00,31.4
2016-10-30 05:00:00,31.45
2016-10-30 06:00:00,32.03
2016-10-30 07:00:00,32.55
2016-10-30 08:00:00,33.35
2016-10-30 09:00:00,35.02
2016-10-30 10:00:00,36.49
2016-10-30 11:00:00,36.99
2016-10-30 12:00:00,38.33
2016-10-30 13:00:00,37.2
2016-10-30 14:00:00,33.9
2016-10-30 15:00:00,32.48
2016-10-30 16:00:00,33.09
2016-10-30 17:00:00,34.64
2016-10-30 18:00:00,49.2
2016-10-30 19:00:00,57.56
2016-10-30 20:00:00,56.65
2016-10-30 21:00:00,50.51
2016-10-30 22:00:00,39.0
2016-10-30 23:00:00,39.0
2016-10-31 00:00:00,35.36
2016-10-31 01:00:00,34.94
2016-10-31 02:00:00,34.66
2016-10-31 03:00:00,33.92
2016-10-31 04:00:00,34.39
2016-10-31 05:00:00,40.59
2016-10-31 06:00:00,47.43
2016-10-31 07:00:00,51.68
2016-10-31 08:00:00,50.47
2016-10-31 09:00:00,47.38
2016-10-31 10:00:00,45.1
2016-10-31 11:00:00,44.0
2016-10-31 12:00:00,39.0
2016-10-31 13:00:00,44.98
2016-10-31 14:00:00,44.05
2016-10-31 15:00:00,46.48
2016-10-31 16:00:00,49.73
2016-10-31 17:00:00,59.69
2016-10-31 18:00:00,63.5
2016-10-31 19:00:00,65.83
2016-10-31 20:00:00,56.11
2016-10-31 21:00:00,40.26
2016-10-31 22:00:00,38.62
2016-10-31 23:00:00,38.65
2016-11-01 00:00:00,33.31
2016-11-01 01:00:00,33.68
2016-11-01 02:00:00,33.31
2016-11-01 03:00:00,32.52
2016-11-01 04:00:00,32.99
2016-11-01 05:00:00,33.31
2016-11-01 06:00:00,36.98
2016-11-01 07:00:00,41.93
2016-11-01 08:00:00,41.09
2016-11-01 09:00:00,40.0
2016-11-01 10:00:00,39.94
2016-11-01 11:00:00,42.3
2016-11-01 12:00:00,40.01
2016-11-01 13:00:00,38.9
2016-11-01 14:00:00,32.91
2016-11-01 15:00:00,34.0
2016-11-01 16:00:00,39.34
2016-11-01 17:00:00,54.02
2016-11-01 18:00:00,49.99
2016-11-01 19:00:00,67.15
2016-11-01 20:00:00,47.4
2016-11-01 21:00:00,46.14
2016-11-01 22:00:00,45.68
2016-11-01 23:00:00,39.93
2016-11-02 00:00:00,43.46
2016-11-02 01:00:00,37.15
2016-11-02 02:00:00,34.6
2016-11-02 03:00:00,34.49
2016-11-02 04:00:00,34.6
2016-11-02 05:00:00,38.7
2016-11-02 06:00:00,56.74
2016-11-02 07:00:00,62.02
2016-11-02 08:00:00,60.54
2016-11-02 09:00:00,59.7
2016-11-02 10:00:00,59.57
2016-11-02 11:00:00,53.22
2016-11-02 12:00:00,51.39
2016-11-02 13:00:00,50.35
2016-11-02 14:00:00,49.78
2016-11-02 15:00:00,48.92
2016-11-02 16:00:00,74.2
2016-11-02 17:00:00,58.14
2016-11-02 18:00:00,108.79
2016-11-02 19:00:00,104.94
2016-11-02 20:00:00,73.8
2016-11-02 21:00:00,54.8
2016-11-02 22:00:00,59.85
2016-11-02 23:00:00,47.8
2016-11-03 00:00:00,39.9
2016-11-03 01:00:00,35.07
2016-11-03 02:00:00,34.74
2016-11-03 03:00:00,35.87
2016-11-03 04:00:00,36.74
2016-11-03 05:00:00,39.78
2016-11-03 06:00:00,59.0
2016-11-03 07:00:00,68.88
2016-11-03 08:00:00,56.06
2016-11-03 09:00:00,65.49
2016-11-03 10:00:00,60.0
2016-11-03 11:00:00,68.75
2016-11-03 12:00:00,82.79
2016-11-03 13:00:00,63.17
2016-11-03 14:00:00,63.39
2016-11-03 15:00:00,64.66
2016-11-03 16:00:00,68.7
2016-11-03 17:00:00,87.85
2016-11-03 18:00:00,155.83
2016-11-03 19:00:00,108.86
2016-11-03 20:00:00,79.35
2016-11-03 21:00:00,65.66
2016-11-03 22:00:00,63.19
2016-11-03 23:00:00,58.51
2016-11-04 00:00:00,54.95
2016-11-04 01:00:00,50.18
2016-11-04 02:00:00,45.88
2016-11-04 03:00:00,45.26
2016-11-04 04:00:00,45.4
2016-11-04 05:00:00,49.72
2016-11-04 06:00:00,70.02
2016-11-04 07:00:00,92.81
2016-11-04 08:00:00,93.1
2016-11-04 09:00:00,85.0
2016-11-04 10:00:00,82.58
2016-11-04 11:00:00,76.6
2016-11-04 12:00:00,72.29
2016-11-04 13:00:00,70.0
2016-11-04 14:00:00,71.78
2016-11-04 15:00:00,64.7
2016-11-04 16:00:00,72.69
2016-11-04 17:00:00,86.98
2016-11-04 18:00:00,134.87
2016-11-04 19:00:00,107.46
2016-11-04 20:00:00,70.0
2016-11-04 21:00:00,58.61
2016-11-04 22:00:00,54.71
2016-11-04 23:00:00,53.29
2016-11-05 00:00:00,37.05
2016-11-05 01:00:00,37.07
2016-11-05 02:00:00,37.99
2016-11-05 03:00:00,35.97
2016-11-05 04:00:00,35.54
2016-11-05 05:00:00,35.93
2016-11-05 06:00:00,38.4
2016-11-05 07:00:00,37.02
2016-11-05 08:00:00,38.96
2016-11-05 09:00:00,39.89
2016-11-05 10:00:00,44.72
2016-11-05 11:00:00,44.79
2016-11-05 12:00:00,46.54
2016-11-05 13:00:00,41.14
2016-11-05 14:00:00,44.94
2016-11-05 15:00:00,38.88
2016-11-05 16:00:00,42.65
2016-11-05 17:00:00,48.1
2016-11-05 18:00:00,44.78
2016-11-05 19:00:00,40.91
2016-11-05 20:00:00,37.07
2016-11-05 21:00:00,35.9
2016-11-05 22:00:00,40.0
2016-11-05 23:00:00,45.86
2016-11-06 00:00:00,39.66
2016-11-06 01:00:00,35.3
2016-11-06 02:00:00,35.49
2016-11-06 03:00:00,33.16
2016-11-06 04:00:00,30.1
2016-11-06 05:00:00,29.82
2016-11-06 06:00:00,30.89
2016-11-06 07:00:00,30.89
2016-11-06 08:00:00,33.81
2016-11-06 09:00:00,37.88
2016-11-06 10:00:00,40.66
2016-11-06 11:00:00,41.68
2016-11-06 12:00:00,42.55
2016-11-06 13:00:00,41.86
2016-11-06 14:00:00,37.33
2016-11-06 15:00:00,37.0
2016-11-06 16:00:00,39.5
2016-11-06 17:00:00,49.7
2016-11-06 18:00:00,63.25
2016-11-06 19:00:00,55.0
2016-11-06 20:00:00,46.81
2016-11-06 21:00:00,44.61
2016-11-06 22:00:00,43.47
2016-11-06 23:00:00,41.04
2016-11-07 00:00:00,42.14
2016-11-07 01:00:00,41.36
2016-11-07 02:00:00,38.16
2016-11-07 03:00:00,37.2
2016-11-07 04:00:00,36.0
2016-11-07 05:00:00,38.96
2016-11-07 06:00:00,56.93
2016-11-07 07:00:00,74.35
2016-11-07 08:00:00,77.77
2016-11-07 09:00:00,90.0
2016-11-07 10:00:00,72.7
2016-11-07 11:00:00,74.46
2016-11-07 12:00:00,73.11
2016-11-07 13:00:00,86.69
2016-11-07 14:00:00,92.33
2016-11-07 15:00:00,99.56
2016-11-07 16:00:00,110.4
2016-11-07 17:00:00,122.46
2016-11-07 18:00:00,678.31
2016-11-07 19:00:00,336.77
2016-11-07 20:00:00,98.65
2016-11-07 21:00:00,86.33
2016-11-07 22:00:00,68.56
2016-11-07 23:00:00,82.46
2016-11-08 00:00:00,45.6
2016-11-08 01:00:00,44.2
2016-11-08 02:00:00,37.0
2016-11-08 03:00:00,36.17
2016-11-08 04:00:00,37.13
2016-11-08 05:00:00,45.95
2016-11-08 06:00:00,81.38
2016-11-08 07:00:00,106.16
2016-11-08 08:00:00,116.34
2016-11-08 09:00:00,125.16
2016-11-08 10:00:00,127.92
2016-11-08 11:00:00,127.5
2016-11-08 12:00:00,105.81
2016-11-08 13:00:00,97.5
2016-11-08 14:00:00,77.66
2016-11-08 15:00:00,74.32
2016-11-08 16:00:00,85.37
2016-11-08 17:00:00,145.58
2016-11-08 18:00:00,579.53
2016-11-08 19:00:00,239.73
2016-11-08 20:00:00,122.11
2016-11-08 21:00:00,78.4
2016-11-08 22:00:00,70.54
2016-11-08 23:00:00,66.18
2016-11-09 00:00:00,55.3
2016-11-09 01:00:00,41.78
2016-11-09 02:00:00,38.37
2016-11-09 03:00:00,35.64
2016-11-09 04:00:00,34.59
2016-11-09 05:00:00,39.0
2016-11-09 06:00:00,67.68
2016-11-09 07:00:00,74.7
2016-11-09 08:00:00,85.55
2016-11-09 09:00:00,94.72
2016-11-09 10:00:00,114.5
2016-11-09 11:00:00,99.95
2016-11-09 12:00:00,103.0
2016-11-09 13:00:00,109.61
2016-11-09 14:00:00,103.0
2016-11-09 15:00:00,100.08
2016-11-09 16:00:00,96.81
2016-11-09 17:00:00,109.18
2016-11-09 18:00:00,186.32
2016-11-09 19:00:00,114.18
2016-11-09 20:00:00,110.6
2016-11-09 21:00:00,55.55
2016-11-09 22:00:00,58.67
2016-11-09 23:00:00,60.0
2016-11-10 00:00:00,53.11
2016-11-10 01:00:00,51.1
2016-11-10 02:00:00,45.41
2016-11-10 03:00:00,42.51
2016-11-10 04:00:00,43.44
2016-11-10 05:00:00,48.62
2016-11-10 06:00:00,59.32
2016-11-10 07:00:00,79.52
2016-11-10 08:00:00,88.74
2016-11-10 09:00:00,81.33
2016-11-10 10:00:00,81.04
2016-11-10 11:00:00,80.14
2016-11-10 12:00:00,72.03
2016-11-10 13:00:00,72.5
2016-11-10 14:00:00,75.06
2016-11-10 15:00:00,77.53
2016-11-10 16:00:00,78.99
2016-11-10 17:00:00,98.85
2016-11-10 18:00:00,131.74
2016-11-10 19:00:00,107.44
2016-11-10 20:00:00,77.03
2016-11-10 21:00:00,62.32
2016-11-10 22:00:00,56.46
2016-11-10 23:00:00,56.15
2016-11-11 00:00:00,43.9
2016-11-11 01:00:00,45.61
2016-11-11 02:00:00,44.85
2016-11-11 03:00:00,43.6
2016-11-11 04:00:00,39.32
2016-11-11 05:00:00,44.55
2016-11-11 06:00:00,49.45
2016-11-11 07:00:00,59.06
2016-11-11 08:00:00,65.96
2016-11-11 09:00:00,65.65
2016-11-11 10:00:00,65.77
2016-11-11 11:00:00,65.06
2016-11-11 12:00:00,62.39
2016-11-11 13:00:00,59.87
2016-11-11 14:00:00,61.49
2016-11-11 15:00:00,61.27
2016-11-11 16:00:00,63.34
2016-11-11 17:00:00,76.87
2016-11-11 18:00:00,77.99
2016-11-11 19:00:00,73.1
2016-11-11 20:00:00,63.48
2016-11-11 21:00:00,63.01
2016-11-11 22:00:00,58.87
2016-11-11 23:00:00,58.72
2016-11-12 00:00:00,59.09
2016-11-12 01:00:00,56.26
2016-11-12 02:00:00,49.7
2016-11-12 03:00:00,46.47
2016-11-12 04:00:00,43.8
2016-11-12 05:00:00,44.75
2016-11-12 06:00:00,49.03
2016-11-12 07:00:00,50.77
2016-11-12 08:00:00,55.25
2016-11-12 09:00:00,58.21
2016-11-12 10:00:00,57.95
2016-11-12 11:00:00,58.68
2016-11-12 12:00:00,61.91
2016-11-12 13:00:00,59.9
2016-11-12 14:00:00,60.48
2016-11-12 15:00:00,58.44
2016-11-12 16:00:00,59.93
2016-11-12 17:00:00,69.27
2016-11-12 18:00:00,94.57
2016-11-12 19:00:00,75.6
2016-11-12 20:00:00,65.27
2016-11-12 21:00:00,64.76
2016-11-12 22:00:00,60.52
2016-11-12 23:00:00,55.81
2016-11-13 00:00:00,44.0
2016-11-13 01:00:00,37.9
2016-11-13 02:00:00,42.26
2016-11-13 03:00:00,41.7
2016-11-13 04:00:00,38.06
2016-11-13 05:00:00,37.52
2016-11-13 06:00:00,40.52
2016-11-13 07:00:00,45.01
2016-11-13 08:00:00,44.0
2016-11-13 09:00:00,45.94
2016-11-13 10:00:00,53.68
2016-11-13 11:00:00,56.26
2016-11-13 12:00:00,68.11
2016-11-13 13:00:00,60.0
2016-11-13 14:00:00,47.38
2016-11-13 15:00:00,45.95
2016-11-13 16:00:00,45.27
2016-11-13 17:00:00,70.84
2016-11-13 18:00:00,82.41
2016-11-13 19:00:00,68.28
2016-11-13 20:00:00,65.75
2016-11-13 21:00:00,51.38
2016-11-13 22:00:00,51.47
2016-11-13 23:00:00,46.7
2016-11-14 00:00:00,44.2
2016-11-14 01:00:00,45.94
2016-11-14 02:00:00,40.66
2016-11-14 03:00:00,38.7
2016-11-14 04:00:00,38.7
2016-11-14 05:00:00,40.8
2016-11-14 06:00:00,71.68
2016-11-14 07:00:00,112.84
2016-11-14 08:00:00,106.3
2016-11-14 09:00:00,114.96
2016-11-14 10:00:00,127.92
2016-11-14 11:00:00,132.04
2016-11-14 12:00:00,169.62
2016-11-14 13:00:00,122.94
2016-11-14 14:00:00,111.89
2016-11-14 15:00:00,105.09
2016-11-14 16:00:00,98.0
2016-11-14 17:00:00,138.0
2016-11-14 18:00:00,696.02
2016-11-14 19:00:00,148.6
2016-11-14 20:00:00,101.0
2016-11-14 21:00:00,74.59
2016-11-14 22:00:00,86.72
2016-11-14 23:00:00,57.62
2016-11-15 00:00:00,47.53
2016-11-15 01:00:00,44.33
2016-11-15 02:00:00,38.43
2016-11-15 03:00:00,36.09
2016-11-15 04:00:00,37.26
2016-11-15 05:00:00,40.05
2016-11-15 06:00:00,71.93
2016-11-15 07:00:00,99.0
2016-11-15 08:00:00,100.91
2016-11-15 09:00:00,104.7
2016-11-15 10:00:00,99.0
2016-11-15 11:00:00,99.0
2016-11-15 12:00:00,89.98
2016-11-15 13:00:00,88.91
2016-11-15 14:00:00,87.06
2016-11-15 15:00:00,87.96
2016-11-15 16:00:00,96.41
2016-11-15 17:00:00,132.72
2016-11-15 18:00:00,243.24
2016-11-15 19:00:00,112.71
2016-11-15 20:00:00,85.01
2016-11-15 21:00:00,67.07
2016-11-15 22:00:00,60.96
2016-11-15 23:00:00,49.81
2016-11-16 00:00:00,48.27
2016-11-16 01:00:00,36.7
2016-11-16 02:00:00,33.4
2016-11-16 03:00:00,33.45
2016-11-16 04:00:00,33.05
2016-11-16 05:00:00,40.61
2016-11-16 06:00:00,62.35
2016-11-16 07:00:00,74.01
2016-11-16 08:00:00,74.8
2016-11-16 09:00:00,69.32
2016-11-16 10:00:00,66.4
2016-11-16 11:00:00,65.07
2016-11-16 12:00:00,62.6
2016-11-16 13:00:00,63.1
2016-11-16 14:00:00,62.45
2016-11-16 15:00:00,65.55
2016-11-16 16:00:00,72.56
2016-11-16 17:00:00,82.55
2016-11-16 18:00:00,93.82
2016-11-16 19:00:00,77.78
2016-11-16 20:00:00,66.85
2016-11-16 21:00:00,63.43
2016-11-16 22:00:00,57.06
2016-11-16 23:00:00,43.27
2016-11-17 00:00:00,52.69
2016-11-17 01:00:00,46.96
2016-11-17 02:00:00,45.91
2016-11-17 03:00:00,33.34
2016-11-17 04:00:00,32.43
2016-11-17 05:00:00,41.67
2016-11-17 06:00:00,59.5
2016-11-17 07:00:00,67.04
2016-11-17 08:00:00,67.91
2016-11-17 09:00:00,66.22
2016-11-17 10:00:00,65.56
2016-11-17 11:00:00,66.32
2016-11-17 12:00:00,61.77
2016-11-17 13:00:00,61.86
2016-11-17 14:00:00,60.97
2016-11-17 15:00:00,59.05
2016-11-17 16:00:00,59.79
2016-11-17 17:00:00,73.47
2016-11-17 18:00:00,75.35
2016-11-17 19:00:00,56.43
2016-11-17 20:00:00,64.01
2016-11-17 21:00:00,43.62
2016-11-17 22:00:00,43.62
2016-11-17 23:00:00,40.34
2016-11-18 00:00:00,42.72
2016-11-18 01:00:00,32.46
2016-11-18 02:00:00,29.75
2016-11-18 03:00:00,30.35
2016-11-18 04:00:00,31.4
2016-11-18 05:00:00,31.5
2016-11-18 06:00:00,40.82
2016-11-18 07:00:00,51.48
2016-11-18 08:00:00,51.42
2016-11-18 09:00:00,53.77
2016-11-18 10:00:00,53.27
2016-11-18 11:00:00,50.59
2016-11-18 12:00:00,49.32
2016-11-18 13:00:00,50.48
2016-11-18 14:00:00,50.59
2016-11-18 15:00:00,55.43
2016-11-18 16:00:00,51.32
2016-11-18 17:00:00,60.34
2016-11-18 18:00:00,71.89
2016-11-18 19:00:00,64.34
2016-11-18 20:00:00,53.4
2016-11-18 21:00:00,45.63
2016-11-18 22:00:00,39.45
2016-11-18 23:00:00,46.92
2016-11-19 00:00:00,41.11
2016-11-19 01:00:00,37.64
2016-11-19 02:00:00,36.53
2016-11-19 03:00:00,35.5
2016-11-19 04:00:00,32.1
2016-11-19 05:00:00,33.23
2016-11-19 06:00:00,34.37
2016-11-19 07:00:00,46.53
2016-11-19 08:00:00,52.26
2016-11-19 09:00:00,49.72
2016-11-19 10:00:00,43.3
2016-11-19 11:00:00,53.91
2016-11-19 12:00:00,56.07
2016-11-19 13:00:00,49.98
2016-11-19 14:00:00,42.61
2016-11-19 15:00:00,46.28
2016-11-19 16:00:00,47.04
2016-11-19 17:00:00,63.27
2016-11-19 18:00:00,60.0
2016-11-19 19:00:00,43.3
2016-11-19 20:00:00,45.72
2016-11-19 21:00:00,40.73
2016-11-19 22:00:00,42.2
2016-11-19 23:00:00,39.48
2016-11-20 00:00:00,37.17
2016-11-20 01:00:00,35.1
2016-11-20 02:00:00,34.6
2016-11-20 03:00:00,31.34
2016-11-20 04:00:00,13.64
2016-11-20 05:00:00,16.51
2016-11-20 06:00:00,26.37
2016-11-20 07:00:00,25.9
2016-11-20 08:00:00,23.55
2016-11-20 09:00:00,32.31
2016-11-20 10:00:00,33.59
2016-11-20 11:00:00,33.55
2016-11-20 12:00:00,43.53
2016-11-20 13:00:00,44.09
2016-11-20 14:00:00,35.32
2016-11-20 15:00:00,32.7
2016-11-20 16:00:00,34.99
2016-11-20 17:00:00,44.09
2016-11-20 18:00:00,50.0
2016-11-20 19:00:00,55.0
2016-11-20 20:00:00,51.67
2016-11-20 21:00:00,51.0
2016-11-20 22:00:00,49.84
2016-11-20 23:00:00,44.9
2016-11-21 00:00:00,20.44
2016-11-21 01:00:00,15.84
2016-11-21 02:00:00,16.32
2016-11-21 03:00:00,16.99
2016-11-21 04:00:00,10.88
2016-11-21 05:00:00,20.0
2016-11-21 06:00:00,38.71
2016-11-21 07:00:00,49.86
2016-11-21 08:00:00,49.4
2016-11-21 09:00:00,48.04
2016-11-21 10:00:00,48.7
2016-11-21 11:00:00,48.7
2016-11-21 12:00:00,48.29
2016-11-21 13:00:00,48.5
2016-11-21 14:00:00,48.7
2016-11-21 15:00:00,48.1
2016-11-21 16:00:00,50.05
2016-11-21 17:00:00,59.94
2016-11-21 18:00:00,86.35
2016-11-21 19:00:00,56.21
2016-11-21 20:00:00,58.8
2016-11-21 21:00:00,35.1
2016-11-21 22:00:00,32.53
2016-11-21 23:00:00,35.04
2016-11-22 00:00:00,31.89
2016-11-22 01:00:00,31.21
2016-11-22 02:00:00,29.28
2016-11-22 03:00:00,22.94
2016-11-22 04:00:00,19.99
2016-11-22 05:00:00,29.38
2016-11-22 06:00:00,37.92
2016-11-22 07:00:00,53.04
2016-11-22 08:00:00,53.17
2016-11-22 09:00:00,51.42
2016-11-22 10:00:00,50.41
2016-11-22 11:00:00,50.75
2016-11-22 12:00:00,51.65
2016-11-22 13:00:00,50.43
2016-11-22 14:00:00,58.15
2016-11-22 15:00:00,64.46
2016-11-22 16:00:00,64.98
2016-11-22 17:00:00,67.39
2016-11-22 18:00:00,66.19
2016-11-22 19:00:00,65.49
2016-11-22 20:00:00,58.42
2016-11-22 21:00:00,55.0
2016-11-22 22:00:00,53.25
2016-11-22 23:00:00,41.99
2016-11-23 00:00:00,40.0
2016-11-23 01:00:00,34.94
2016-11-23 02:00:00,33.46
2016-11-23 03:00:00,32.08
2016-11-23 04:00:00,33.54
2016-11-23 05:00:00,35.38
2016-11-23 06:00:00,46.23
2016-11-23 07:00:00,62.05
2016-11-23 08:00:00,63.76
2016-11-23 09:00:00,64.36
2016-11-23 10:00:00,64.43
2016-11-23 11:00:00,65.46
2016-11-23 12:00:00,59.07
2016-11-23 13:00:00,58.98
2016-11-23 14:00:00,58.5
2016-11-23 15:00:00,58.93
2016-11-23 16:00:00,59.0
2016-11-23 17:00:00,64.38
2016-11-23 18:00:00,66.9
2016-11-23 19:00:00,63.91
2016-11-23 20:00:00,56.78
2016-11-23 21:00:00,50.08
2016-11-23 22:00:00,48.36
2016-11-23 23:00:00,45.0
2016-11-24 00:00:00,32.66
2016-11-24 01:00:00,31.61
2016-11-24 02:00:00,30.8
2016-11-24 03:00:00,29.58
2016-11-24 04:00:00,29.76
2016-11-24 05:00:00,32.44
2016-11-24 06:00:00,45.31
2016-11-24 07:00:00,55.03
2016-11-24 08:00:00,56.83
2016-11-24 09:00:00,56.54
2016-11-24 10:00:00,55.63
2016-11-24 11:00:00,55.96
2016-11-24 12:00:00,52.9
2016-11-24 13:00:00,53.6
2016-11-24 14:00:00,54.14
2016-11-24 15:00:00,55.17
2016-11-24 16:00:00,57.04
2016-11-24 17:00:00,60.79
2016-11-24 18:00:00,64.81
2016-11-24 19:00:00,62.65
2016-11-24 20:00:00,61.59
2016-11-24 21:00:00,52.87
2016-11-24 22:00:00,50.26
2016-11-24 23:00:00,47.32
2016-11-25 00:00:00,35.23
2016-11-25 01:00:00,32.99
2016-11-25 02:00:00,32.02
2016-11-25 03:00:00,31.05
2016-11-25 04:00:00,31.18
2016-11-25 05:00:00,34.85
2016-11-25 06:00:00,44.77
2016-11-25 07:00:00,57.96
2016-11-25 08:00:00,64.16
2016-11-25 09:00:00,62.76
2016-11-25 10:00:00,59.77
2016-11-25 11:00:00,59.18
2016-11-25 12:00:00,58.13
2016-11-25 13:00:00,56.45
2016-11-25 14:00:00,57.22
2016-11-25 15:00:00,57.36
2016-11-25 16:00:00,58.43
2016-11-25 17:00:00,63.02
2016-11-25 18:00:00,64.17
2016-11-25 19:00:00,62.58
2016-11-25 20:00:00,55.49
2016-11-25 21:00:00,51.8
2016-11-25 22:00:00,49.99
2016-11-25 23:00:00,46.68
2016-11-26 00:00:00,42.44
2016-11-26 01:00:00,32.79
2016-11-26 02:00:00,34.56
2016-11-26 03:00:00,34.7
2016-11-26 04:00:00,33.0
2016-11-26 05:00:00,33.25
2016-11-26 06:00:00,38.29
2016-11-26 07:00:00,42.22
2016-11-26 08:00:00,44.1
2016-11-26 09:00:00,46.76
2016-11-26 10:00:00,48.92
2016-11-26 11:00:00,48.56
2016-11-26 12:00:00,47.98
2016-11-26 13:00:00,43.97
2016-11-26 14:00:00,42.89
2016-11-26 15:00:00,40.44
2016-11-26 16:00:00,45.3
2016-11-26 17:00:00,53.69
2016-11-26 18:00:00,59.02
2016-11-26 19:00:00,70.04
2016-11-26 20:00:00,51.22
2016-11-26 21:00:00,42.9
2016-11-26 22:00:00,42.89
2016-11-26 23:00:00,42.7
2016-11-27 00:00:00,33.47
2016-11-27 01:00:00,35.0
2016-11-27 02:00:00,32.3
2016-11-27 03:00:00,29.59
2016-11-27 04:00:00,23.74
2016-11-27 05:00:00,27.82
2016-11-27 06:00:00,30.41
2016-11-27 07:00:00,32.99
2016-11-27 08:00:00,39.41
2016-11-27 09:00:00,37.48
2016-11-27 10:00:00,35.37
2016-11-27 11:00:00,38.13
2016-11-27 12:00:00,39.75
2016-11-27 13:00:00,40.77
2016-11-27 14:00:00,34.21
2016-11-27 15:00:00,34.2
2016-11-27 16:00:00,37.48
2016-11-27 17:00:00,49.93
2016-11-27 18:00:00,51.0
2016-11-27 19:00:00,51.3
2016-11-27 20:00:00,47.0
2016-11-27 21:00:00,42.77
2016-11-27 22:00:00,43.32
2016-11-27 23:00:00,34.0
2016-11-28 00:00:00,38.19
2016-11-28 01:00:00,30.42
2016-11-28 02:00:00,35.56
2016-11-28 03:00:00,25.95
2016-11-28 04:00:00,26.81
2016-11-28 05:00:00,31.96
2016-11-28 06:00:00,47.4
2016-11-28 07:00:00,67.85
2016-11-28 08:00:00,69.95
2016-11-28 09:00:00,64.35
2016-11-28 10:00:00,62.91
2016-11-28 11:00:00,60.54
2016-11-28 12:00:00,60.0
2016-11-28 13:00:00,57.31
2016-11-28 14:00:00,65.67
2016-11-28 15:00:00,64.99
2016-11-28 16:00:00,66.65
2016-11-28 17:00:00,70.78
2016-11-28 18:00:00,76.02
2016-11-28 19:00:00,73.17
2016-11-28 20:00:00,70.5
2016-11-28 21:00:00,52.68
2016-11-28 22:00:00,57.7
2016-11-28 23:00:00,48.29
2016-11-29 00:00:00,36.92
2016-11-29 01:00:00,42.2
2016-11-29 02:00:00,34.81
2016-11-29 03:00:00,34.43
2016-11-29 04:00:00,34.89
2016-11-29 05:00:00,37.7
2016-11-29 06:00:00,67.33
2016-11-29 07:00:00,74.64
2016-11-29 08:00:00,69.35
2016-11-29 09:00:00,67.9
2016-11-29 10:00:00,66.75
2016-11-29 11:00:00,66.54
2016-11-29 12:00:00,64.31
2016-11-29 13:00:00,64.33
2016-11-29 14:00:00,68.55
2016-11-29 15:00:00,70.06
2016-11-29 16:00:00,72.0
2016-11-29 17:00:00,87.2
2016-11-29 18:00:00,200.07
2016-11-29 19:00:00,122.56
2016-11-29 20:00:00,81.14
2016-11-29 21:00:00,52.31
2016-11-29 22:00:00,64.08
2016-11-29 23:00:00,53.18
2016-11-30 00:00:00,73.78
2016-11-30 01:00:00,65.3
2016-11-30 02:00:00,44.17
2016-11-30 03:00:00,42.44
2016-11-30 04:00:00,44.17
2016-11-30 05:00:00,65.87
2016-11-30 06:00:00,93.36
2016-11-30 07:00:00,180.0
2016-11-30 08:00:00,212.49
2016-11-30 09:00:00,205.76
2016-11-30 10:00:00,188.14
2016-11-30 11:00:00,139.56
2016-11-30 12:00:00,104.16
2016-11-30 13:00:00,94.16
2016-11-30 14:00:00,93.94
2016-11-30 15:00:00,96.63
2016-11-30 16:00:00,101.06
2016-11-30 17:00:00,125.6
2016-11-30 18:00:00,360.77
2016-11-30 19:00:00,114.93
2016-11-30 20:00:00,112.46
2016-11-30 21:00:00,89.15
2016-11-30 22:00:00,53.66
2016-11-30 23:00:00,54.92
2016-12-01 00:00:00,72.0
2016-12-01 01:00:00,65.8
2016-12-01 02:00:00,59.99
2016-12-01 03:00:00,50.69
2016-12-01 04:00:00,52.58
2016-12-01 05:00:00,65.05
2016-12-01 06:00:00,80.4
2016-12-01 07:00:00,200.0
2016-12-01 08:00:00,200.63
2016-12-01 09:00:00,155.47
2016-12-01 10:00:00,150.91
2016-12-01 11:00:00,154.31
2016-12-01 12:00:00,121.26
2016-12-01 13:00:00,114.68
2016-12-01 14:00:00,133.14
2016-12-01 15:00:00,137.63
2016-12-01 16:00:00,125.8
2016-12-01 17:00:00,145.0
2016-12-01 18:00:00,266.9
2016-12-01 19:00:00,124.41
2016-12-01 20:00:00,103.72
2016-12-01 21:00:00,72.9
2016-12-01 22:00:00,73.1
2016-12-01 23:00:00,73.0
2016-12-02 00:00:00,47.25
2016-12-02 01:00:00,45.27
2016-12-02 02:00:00,42.68
2016-12-02 03:00:00,39.4
2016-12-02 04:00:00,40.86
2016-12-02 05:00:00,45.65
2016-12-02 06:00:00,54.16
2016-12-02 07:00:00,68.77
2016-12-02 08:00:00,78.06
2016-12-02 09:00:00,110.35
2016-12-02 10:00:00,101.96
2016-12-02 11:00:00,78.06
2016-12-02 12:00:00,72.0
2016-12-02 13:00:00,68.31
2016-12-02 14:00:00,67.2
2016-12-02 15:00:00,64.64
2016-12-02 16:00:00,75.87
2016-12-02 17:00:00,111.8
2016-12-02 18:00:00,113.55
2016-12-02 19:00:00,89.95
2016-12-02 20:00:00,85.62
2016-12-02 21:00:00,47.91
2016-12-02 22:00:00,72.67
2016-12-02 23:00:00,61.35
2016-12-03 00:00:00,65.19
2016-12-03 01:00:00,55.89
2016-12-03 02:00:00,48.22
2016-12-03 03:00:00,46.59
2016-12-03 04:00:00,46.31
2016-12-03 05:00:00,46.54
2016-12-03 06:00:00,43.31
2016-12-03 07:00:00,50.63
2016-12-03 08:00:00,56.1
2016-12-03 09:00:00,60.01
2016-12-03 10:00:00,57.25
2016-12-03 11:00:00,53.3
2016-12-03 12:00:00,53.76
2016-12-03 13:00:00,47.86
2016-12-03 14:00:00,42.7
2016-12-03 15:00:00,52.28
2016-12-03 16:00:00,52.0
2016-12-03 17:00:00,64.6
2016-12-03 18:00:00,64.95
2016-12-03 19:00:00,61.2
2016-12-03 20:00:00,51.99
2016-12-03 21:00:00,46.7
2016-12-03 22:00:00,44.33
2016-12-03 23:00:00,41.57
2016-12-04 00:00:00,44.85
2016-12-04 01:00:00,38.86
2016-12-04 02:00:00,38.25
2016-12-04 03:00:00,36.35
2016-12-04 04:00:00,34.58
2016-12-04 05:00:00,35.38
2016-12-04 06:00:00,36.52
2016-12-04 07:00:00,38.77
2016-12-04 08:00:00,38.23
2016-12-04 09:00:00,41.67
2016-12-04 10:00:00,43.56
2016-12-04 11:00:00,44.0
2016-12-04 12:00:00,41.17
2016-12-04 13:00:00,35.14
2016-12-04 14:00:00,34.2
2016-12-04 15:00:00,35.68
2016-12-04 16:00:00,44.0
2016-12-04 17:00:00,50.1
2016-12-04 18:00:00,53.01
2016-12-04 19:00:00,51.22
2016-12-04 20:00:00,52.65
2016-12-04 21:00:00,44.0
2016-12-04 22:00:00,50.23
2016-12-04 23:00:00,39.53
2016-12-05 00:00:00,39.0
2016-12-05 01:00:00,38.01
2016-12-05 02:00:00,35.23
2016-12-05 03:00:00,39.0
2016-12-05 04:00:00,38.46
2016-12-05 05:00:00,39.0
2016-12-05 06:00:00,55.1
2016-12-05 07:00:00,66.02
2016-12-05 08:00:00,77.78
2016-12-05 09:00:00,80.0
2016-12-05 10:00:00,75.0
2016-12-05 11:00:00,64.19
2016-12-05 12:00:00,65.02
2016-12-05 13:00:00,71.37
2016-12-05 14:00:00,64.97
2016-12-05 15:00:00,66.0
2016-12-05 16:00:00,67.63
2016-12-05 17:00:00,81.97
2016-12-05 18:00:00,84.5
2016-12-05 19:00:00,81.08
2016-12-05 20:00:00,70.15
2016-12-05 21:00:00,62.51
2016-12-05 22:00:00,63.69
2016-12-05 23:00:00,62.1
2016-12-06 00:00:00,60.63
2016-12-06 01:00:00,50.74
2016-12-06 02:00:00,52.1
2016-12-06 03:00:00,49.73
2016-12-06 04:00:00,48.19
2016-12-06 05:00:00,54.14
2016-12-06 06:00:00,70.77
2016-12-06 07:00:00,80.0
2016-12-06 08:00:00,80.09
2016-12-06 09:00:00,76.0
2016-12-06 10:00:00,70.29
2016-12-06 11:00:00,69.0
2016-12-06 12:00:00,65.61
2016-12-06 13:00:00,65.42
2016-12-06 14:00:00,67.48
2016-12-06 15:00:00,67.53
2016-12-06 16:00:00,72.97
2016-12-06 17:00:00,89.25
2016-12-06 18:00:00,82.71
2016-12-06 19:00:00,75.84
2016-12-06 20:00:00,70.21
2016-12-06 21:00:00,66.0
2016-12-06 22:00:00,65.26
2016-12-06 23:00:00,62.1
2016-12-07 00:00:00,50.96
2016-12-07 01:00:00,49.99
2016-12-07 02:00:00,48.98
2016-12-07 03:00:00,46.08
2016-12-07 04:00:00,46.71
2016-12-07 05:00:00,49.38
2016-12-07 06:00:00,56.25
2016-12-07 07:00:00,69.94
2016-12-07 08:00:00,70.0
2016-12-07 09:00:00,69.08
2016-12-07 10:00:00,68.33
2016-12-07 11:00:00,66.05
2016-12-07 12:00:00,65.0
2016-12-07 13:00:00,64.99
2016-12-07 14:00:00,64.1
2016-12-07 15:00:00,58.34
2016-12-07 16:00:00,60.47
2016-12-07 17:00:00,69.46
2016-12-07 18:00:00,71.01
2016-12-07 19:00:00,63.15
2016-12-07 20:00:00,60.61
2016-12-07 21:00:00,45.05
2016-12-07 22:00:00,45.0
2016-12-07 23:00:00,42.98
2016-12-08 00:00:00,37.3
2016-12-08 01:00:00,37.3
2016-12-08 02:00:00,37.3
2016-12-08 03:00:00,35.3
2016-12-08 04:00:00,37.3
2016-12-08 05:00:00,37.3
2016-12-08 06:00:00,48.18
2016-12-08 07:00:00,54.27
2016-12-08 08:00:00,57.12
2016-12-08 09:00:00,55.83
2016-12-08 10:00:00,55.08
2016-12-08 11:00:00,51.94
2016-12-08 12:00:00,50.55
2016-12-08 13:00:00,49.07
2016-12-08 14:00:00,48.61
2016-12-08 15:00:00,48.86
2016-12-08 16:00:00,50.81
2016-12-08 17:00:00,60.0
2016-12-08 18:00:00,67.88
2016-12-08 19:00:00,64.56
2016-12-08 20:00:00,48.53
2016-12-08 21:00:00,44.31
2016-12-08 22:00:00,42.46
2016-12-08 23:00:00,38.41
2016-12-09 00:00:00,40.27
2016-12-09 01:00:00,36.39
2016-12-09 02:00:00,35.34
2016-12-09 03:00:00,34.5
2016-12-09 04:00:00,35.25
2016-12-09 05:00:00,36.36
2016-12-09 06:00:00,41.46
2016-12-09 07:00:00,59.88
2016-12-09 08:00:00,61.23
2016-12-09 09:00:00,63.92
2016-12-09 10:00:00,60.8
2016-12-09 11:00:00,57.41
2016-12-09 12:00:00,51.69
2016-12-09 13:00:00,52.69
2016-12-09 14:00:00,55.07
2016-12-09 15:00:00,55.74
2016-12-09 16:00:00,55.69
2016-12-09 17:00:00,66.0
2016-12-09 18:00:00,68.33
2016-12-09 19:00:00,66.0
2016-12-09 20:00:00,59.6
2016-12-09 21:00:00,38.8
2016-12-09 22:00:00,44.33
2016-12-09 23:00:00,40.0
2016-12-10 00:00:00,48.12
2016-12-10 01:00:00,42.05
2016-12-10 02:00:00,40.2
2016-12-10 03:00:00,44.14
2016-12-10 04:00:00,39.7
2016-12-10 05:00:00,39.7
2016-12-10 06:00:00,29.0
2016-12-10 07:00:00,40.0
2016-12-10 08:00:00,48.68
2016-12-10 09:00:00,32.56
2016-12-10 10:00:00,34.13
2016-12-10 11:00:00,39.8
2016-12-10 12:00:00,39.8
2016-12-10 13:00:00,42.18
2016-12-10 14:00:00,39.8
2016-12-10 15:00:00,45.29
2016-12-10 16:00:00,49.93
2016-12-10 17:00:00,54.8
2016-12-10 18:00:00,45.46
2016-12-10 19:00:00,44.72
2016-12-10 20:00:00,40.22
2016-12-10 21:00:00,35.0
2016-12-10 22:00:00,35.2
2016-12-10 23:00:00,32.2
2016-12-11 00:00:00,33.2
2016-12-11 01:00:00,33.2
2016-12-11 02:00:00,34.7
2016-12-11 03:00:00,30.46
2016-12-11 04:00:00,31.2
2016-12-11 05:00:00,31.43
2016-12-11 06:00:00,32.94
2016-12-11 07:00:00,35.74
2016-12-11 08:00:00,38.53
2016-12-11 09:00:00,39.91
2016-12-11 10:00:00,44.06
2016-12-11 11:00:00,47.02
2016-12-11 12:00:00,46.68
2016-12-11 13:00:00,43.04
2016-12-11 14:00:00,40.31
2016-12-11 15:00:00,39.47
2016-12-11 16:00:00,42.1
2016-12-11 17:00:00,52.26
2016-12-11 18:00:00,52.72
2016-12-11 19:00:00,52.72
2016-12-11 20:00:00,50.58
2016-12-11 21:00:00,42.44
2016-12-11 22:00:00,44.11
2016-12-11 23:00:00,42.06
2016-12-12 00:00:00,35.1
2016-12-12 01:00:00,30.44
2016-12-12 02:00:00,35.1
2016-12-12 03:00:00,35.1
2016-12-12 04:00:00,33.02
2016-12-12 05:00:00,35.63
2016-12-12 06:00:00,44.99
2016-12-12 07:00:00,68.01
2016-12-12 08:00:00,71.01
2016-12-12 09:00:00,69.59
2016-12-12 10:00:00,69.64
2016-12-12 11:00:00,68.62
2016-12-12 12:00:00,68.48
2016-12-12 13:00:00,68.23
2016-12-12 14:00:00,67.75
2016-12-12 15:00:00,68.16
2016-12-12 16:00:00,70.25
2016-12-12 17:00:00,80.62
2016-12-12 18:00:00,95.13
2016-12-12 19:00:00,75.47
2016-12-12 20:00:00,69.26
2016-12-12 21:00:00,63.08
2016-12-12 22:00:00,61.35
2016-12-12 23:00:00,49.59
2016-12-13 00:00:00,42.55
2016-12-13 01:00:00,39.1
2016-12-13 02:00:00,38.44
2016-12-13 03:00:00,33.53
2016-12-13 04:00:00,42.02
2016-12-13 05:00:00,46.92
2016-12-13 06:00:00,48.21
2016-12-13 07:00:00,69.72
2016-12-13 08:00:00,73.87
2016-12-13 09:00:00,72.92
2016-12-13 10:00:00,70.35
2016-12-13 11:00:00,70.0
2016-12-13 12:00:00,68.75
2016-12-13 13:00:00,66.46
2016-12-13 14:00:00,67.55
2016-12-13 15:00:00,68.0
2016-12-13 16:00:00,68.28
2016-12-13 17:00:00,75.01
2016-12-13 18:00:00,78.65
2016-12-13 19:00:00,69.99
2016-12-13 20:00:00,64.18
2016-12-13 21:00:00,57.06
2016-12-13 22:00:00,58.58
2016-12-13 23:00:00,55.19
2016-12-14 00:00:00,52.23
2016-12-14 01:00:00,46.68
2016-12-14 02:00:00,44.74
2016-12-14 03:00:00,42.69
2016-12-14 04:00:00,42.7
2016-12-14 05:00:00,47.2
2016-12-14 06:00:00,58.32
2016-12-14 07:00:00,78.62
2016-12-14 08:00:00,82.26
2016-12-14 09:00:00,78.58
2016-12-14 10:00:00,77.17
2016-12-14 11:00:00,75.94
2016-12-14 12:00:00,70.55
2016-12-14 13:00:00,69.91
2016-12-14 14:00:00,69.69
2016-12-14 15:00:00,72.52
2016-12-14 16:00:00,75.15
2016-12-14 17:00:00,91.81
2016-12-14 18:00:00,87.13
2016-12-14 19:00:00,79.05
2016-12-14 20:00:00,70.38
2016-12-14 21:00:00,60.77
2016-12-14 22:00:00,59.49
2016-12-14 23:00:00,57.53
2016-12-15 00:00:00,56.64
2016-12-15 01:00:00,53.31
2016-12-15 02:00:00,51.71
2016-12-15 03:00:00,49.61
2016-12-15 04:00:00,49.62
2016-12-15 05:00:00,53.35
2016-12-15 06:00:00,59.66
2016-12-15 07:00:00,76.92
2016-12-15 08:00:00,80.44
2016-12-15 09:00:00,75.24
2016-12-15 10:00:00,74.24
2016-12-15 11:00:00,72.99
2016-12-15 12:00:00,69.63
2016-12-15 13:00:00,68.85
2016-12-15 14:00:00,67.31
2016-12-15 15:00:00,69.52
2016-12-15 16:00:00,74.23
2016-12-15 17:00:00,81.26
2016-12-15 18:00:00,78.89
2016-12-15 19:00:00,74.78
2016-12-15 20:00:00,65.43
2016-12-15 21:00:00,59.77
2016-12-15 22:00:00,61.65
2016-12-15 23:00:00,60.01
2016-12-16 00:00:00,53.1
2016-12-16 01:00:00,48.78
2016-12-16 02:00:00,47.44
2016-12-16 03:00:00,46.23
2016-12-16 04:00:00,40.24
2016-12-16 05:00:00,41.7
2016-12-16 06:00:00,51.05
2016-12-16 07:00:00,69.5
2016-12-16 08:00:00,75.73
2016-12-16 09:00:00,74.85
2016-12-16 10:00:00,73.8
2016-12-16 11:00:00,70.8
2016-12-16 12:00:00,66.84
2016-12-16 13:00:00,66.84
2016-12-16 14:00:00,64.88
2016-12-16 15:00:00,65.1
2016-12-16 16:00:00,69.46
2016-12-16 17:00:00,83.8
2016-12-16 18:00:00,78.08
2016-12-16 19:00:00,71.71
2016-12-16 20:00:00,66.24
2016-12-16 21:00:00,58.46
2016-12-16 22:00:00,53.9
2016-12-16 23:00:00,51.92
2016-12-17 00:00:00,41.1
2016-12-17 01:00:00,38.38
2016-12-17 02:00:00,39.15
2016-12-17 03:00:00,41.02
2016-12-17 04:00:00,40.0
2016-12-17 05:00:00,40.55
2016-12-17 06:00:00,40.32
2016-12-17 07:00:00,43.54
2016-12-17 08:00:00,47.1
2016-12-17 09:00:00,54.76
2016-12-17 10:00:00,54.41
2016-12-17 11:00:00,57.28
2016-12-17 12:00:00,53.85
2016-12-17 13:00:00,47.12
2016-12-17 14:00:00,49.68
2016-12-17 15:00:00,50.68
2016-12-17 16:00:00,54.8
2016-12-17 17:00:00,61.01
2016-12-17 18:00:00,63.09
2016-12-17 19:00:00,53.62
2016-12-17 20:00:00,44.83
2016-12-17 21:00:00,41.1
2016-12-17 22:00:00,41.1
2016-12-17 23:00:00,45.0
2016-12-18 00:00:00,39.02
2016-12-18 01:00:00,36.45
2016-12-18 02:00:00,36.59
2016-12-18 03:00:00,35.41
2016-12-18 04:00:00,34.87
2016-12-18 05:00:00,39.34
2016-12-18 06:00:00,40.36
2016-12-18 07:00:00,38.11
2016-12-18 08:00:00,36.88
2016-12-18 09:00:00,44.63
2016-12-18 10:00:00,45.58
2016-12-18 11:00:00,52.27
2016-12-18 12:00:00,52.0
2016-12-18 13:00:00,49.78
2016-12-18 14:00:00,45.82
2016-12-18 15:00:00,47.43
2016-12-18 16:00:00,49.98
2016-12-18 17:00:00,57.44
2016-12-18 18:00:00,52.86
2016-12-18 19:00:00,48.9
2016-12-18 20:00:00,48.59
2016-12-18 21:00:00,45.4
2016-12-18 22:00:00,46.39
2016-12-18 23:00:00,41.05
2016-12-19 00:00:00,39.18
2016-12-19 01:00:00,38.45
2016-12-19 02:00:00,38.4
2016-12-19 03:00:00,35.18
2016-12-19 04:00:00,36.4
2016-12-19 05:00:00,38.52
2016-12-19 06:00:00,56.2
2016-12-19 07:00:00,73.6
2016-12-19 08:00:00,80.97
2016-12-19 09:00:00,75.1
2016-12-19 10:00:00,74.99
2016-12-19 11:00:00,76.48
2016-12-19 12:00:00,74.71
2016-12-19 13:00:00,71.48
2016-12-19 14:00:00,72.71
2016-12-19 15:00:00,72.99
2016-12-19 16:00:00,69.24
2016-12-19 17:00:00,79.71
2016-12-19 18:00:00,84.35
2016-12-19 19:00:00,85.14
2016-12-19 20:00:00,72.35
2016-12-19 21:00:00,66.55
2016-12-19 22:00:00,63.87
2016-12-19 23:00:00,62.58
2016-12-20 00:00:00,47.27
2016-12-20 01:00:00,44.15
2016-12-20 02:00:00,42.8
2016-12-20 03:00:00,40.96
2016-12-20 04:00:00,41.61
2016-12-20 05:00:00,49.84
2016-12-20 06:00:00,57.54
2016-12-20 07:00:00,69.99
2016-12-20 08:00:00,77.5
2016-12-20 09:00:00,74.08
2016-12-20 10:00:00,71.26
2016-12-20 11:00:00,73.46
2016-12-20 12:00:00,72.06
2016-12-20 13:00:00,69.87
2016-12-20 14:00:00,72.04
2016-12-20 15:00:00,73.57
2016-12-20 16:00:00,76.82
2016-12-20 17:00:00,80.69
2016-12-20 18:00:00,91.9
2016-12-20 19:00:00,77.4
2016-12-20 20:00:00,71.13
2016-12-20 21:00:00,63.12
2016-12-20 22:00:00,62.75
2016-12-20 23:00:00,58.64
2016-12-21 00:00:00,48.59
2016-12-21 01:00:00,41.0
2016-12-21 02:00:00,40.98
2016-12-21 03:00:00,40.19
2016-12-21 04:00:00,38.16
2016-12-21 05:00:00,41.0
2016-12-21 06:00:00,54.99
2016-12-21 07:00:00,63.23
2016-12-21 08:00:00,65.49
2016-12-21 09:00:00,58.76
2016-12-21 10:00:00,58.97
2016-12-21 11:00:00,54.63
2016-12-21 12:00:00,52.19
2016-12-21 13:00:00,52.84
2016-12-21 14:00:00,51.76
2016-12-21 15:00:00,58.52
2016-12-21 16:00:00,58.26
2016-12-21 17:00:00,63.32
2016-12-21 18:00:00,62.58
2016-12-21 19:00:00,64.04
2016-12-21 20:00:00,62.0
2016-12-21 21:00:00,53.35
2016-12-21 22:00:00,60.0
2016-12-21 23:00:00,62.57
2016-12-22 00:00:00,45.18
2016-12-22 01:00:00,41.8
2016-12-22 02:00:00,40.24
2016-12-22 03:00:00,40.34
2016-12-22 04:00:00,41.12
2016-12-22 05:00:00,41.8
2016-12-22 06:00:00,47.05
2016-12-22 07:00:00,70.08
2016-12-22 08:00:00,78.9
2016-12-22 09:00:00,86.03
2016-12-22 10:00:00,81.16
2016-12-22 11:00:00,80.77
2016-12-22 12:00:00,78.9
2016-12-22 13:00:00,78.9
2016-12-22 14:00:00,77.95
2016-12-22 15:00:00,77.97
2016-12-22 16:00:00,76.01
2016-12-22 17:00:00,83.81
2016-12-22 18:00:00,86.91
2016-12-22 19:00:00,78.9
2016-12-22 20:00:00,55.4
2016-12-22 21:00:00,51.05
2016-12-22 22:00:00,52.67
2016-12-22 23:00:00,48.45
2016-12-23 00:00:00,43.9
2016-12-23 01:00:00,38.86
2016-12-23 02:00:00,40.0
2016-12-23 03:00:00,41.0
2016-12-23 04:00:00,41.0
2016-12-23 05:00:00,37.43
2016-12-23 06:00:00,44.68
2016-12-23 07:00:00,58.7
2016-12-23 08:00:00,66.59
2016-12-23 09:00:00,65.21
2016-12-23 10:00:00,59.79
2016-12-23 11:00:00,57.65
2016-12-23 12:00:00,53.96
2016-12-23 13:00:00,51.53
2016-12-23 14:00:00,43.1
2016-12-23 15:00:00,43.1
2016-12-23 16:00:00,50.5
2016-12-23 17:00:00,55.41
2016-12-23 18:00:00,51.05
2016-12-23 19:00:00,46.67
2016-12-23 20:00:00,43.85
2016-12-23 21:00:00,39.56
2016-12-23 22:00:00,37.73
2016-12-23 23:00:00,34.38
2016-12-24 00:00:00,33.8
2016-12-24 01:00:00,33.8
2016-12-24 02:00:00,31.99
2016-12-24 03:00:00,29.94
2016-12-24 04:00:00,30.13
2016-12-24 05:00:00,30.29
2016-12-24 06:00:00,32.15
2016-12-24 07:00:00,34.93
2016-12-24 08:00:00,39.41
2016-12-24 09:00:00,49.73
2016-12-24 10:00:00,51.23
2016-12-24 11:00:00,50.1
2016-12-24 12:00:00,50.0
2016-12-24 13:00:00,51.2
2016-12-24 14:00:00,38.01
2016-12-24 15:00:00,37.82
2016-12-24 16:00:00,42.0
2016-12-24 17:00:00,58.75
2016-12-24 18:00:00,55.32
2016-12-24 19:00:00,59.55
2016-12-24 20:00:00,46.94
2016-12-24 21:00:00,39.94
2016-12-24 22:00:00,50.14
2016-12-24 23:00:00,50.09
2016-12-25 00:00:00,34.0
2016-12-25 01:00:00,29.49
2016-12-25 02:00:00,28.8
2016-12-25 03:00:00,26.7
2016-12-25 04:00:00,19.78
2016-12-25 05:00:00,16.12
2016-12-25 06:00:00,17.1
2016-12-25 07:00:00,22.24
2016-12-25 08:00:00,20.83
2016-12-25 09:00:00,35.04
2016-12-25 10:00:00,39.94
2016-12-25 11:00:00,42.39
2016-12-25 12:00:00,44.74
2016-12-25 13:00:00,38.65
2016-12-25 14:00:00,28.54
2016-12-25 15:00:00,24.12
2016-12-25 16:00:00,26.09
2016-12-25 17:00:00,44.75
2016-12-25 18:00:00,44.99
2016-12-25 19:00:00,42.0
2016-12-25 20:00:00,38.0
2016-12-25 21:00:00,34.39
2016-12-25 22:00:00,35.0
2016-12-25 23:00:00,32.7
2016-12-26 00:00:00,29.55
2016-12-26 01:00:00,25.7
2016-12-26 02:00:00,26.31
2016-12-26 03:00:00,21.97
2016-12-26 04:00:00,15.35
2016-12-26 05:00:00,22.66
2016-12-26 06:00:00,25.54
2016-12-26 07:00:00,30.44
2016-12-26 08:00:00,45.71
2016-12-26 09:00:00,46.12
2016-12-26 10:00:00,47.92
2016-12-26 11:00:00,48.17
2016-12-26 12:00:00,45.73
2016-12-26 13:00:00,35.99
2016-12-26 14:00:00,34.94
2016-12-26 15:00:00,47.33
2016-12-26 16:00:00,49.37
2016-12-26 17:00:00,56.12
2016-12-26 18:00:00,56.19
2016-12-26 19:00:00,50.03
2016-12-26 20:00:00,44.72
2016-12-26 21:00:00,37.99
2016-12-26 22:00:00,40.0
2016-12-26 23:00:00,50.71
2016-12-27 00:00:00,35.3
2016-12-27 01:00:00,38.33
2016-12-27 02:00:00,41.04
2016-12-27 03:00:00,34.62
2016-12-27 04:00:00,29.69
2016-12-27 05:00:00,28.35
2016-12-27 06:00:00,30.99
2016-12-27 07:00:00,42.08
2016-12-27 08:00:00,45.27
2016-12-27 09:00:00,46.56
2016-12-27 10:00:00,46.44
2016-12-27 11:00:00,41.46
2016-12-27 12:00:00,38.83
2016-12-27 13:00:00,53.0
2016-12-27 14:00:00,51.27
2016-12-27 15:00:00,51.82
2016-12-27 16:00:00,65.19
2016-12-27 17:00:00,69.99
2016-12-27 18:00:00,72.89
2016-12-27 19:00:00,72.15
2016-12-27 20:00:00,52.07
2016-12-27 21:00:00,44.0
2016-12-27 22:00:00,56.41
2016-12-27 23:00:00,63.25
2016-12-28 00:00:00,37.12
2016-12-28 01:00:00,36.03
2016-12-28 02:00:00,34.15
2016-12-28 03:00:00,36.03
2016-12-28 04:00:00,33.95
2016-12-28 05:00:00,34.82
2016-12-28 06:00:00,43.7
2016-12-28 07:00:00,51.0
2016-12-28 08:00:00,53.0
2016-12-28 09:00:00,57.34
2016-12-28 10:00:00,58.69
2016-12-28 11:00:00,59.13
2016-12-28 12:00:00,59.2
2016-12-28 13:00:00,55.82
2016-12-28 14:00:00,50.77
2016-12-28 15:00:00,51.6
2016-12-28 16:00:00,55.2
2016-12-28 17:00:00,63.29
2016-12-28 18:00:00,63.7
2016-12-28 19:00:00,59.82
2016-12-28 20:00:00,61.2
2016-12-28 21:00:00,50.0
2016-12-28 22:00:00,43.18
2016-12-28 23:00:00,43.77
2016-12-29 00:00:00,42.28
2016-12-29 01:00:00,39.3
2016-12-29 02:00:00,36.83
2016-12-29 03:00:00,34.11
2016-12-29 04:00:00,34.99
2016-12-29 05:00:00,37.64
2016-12-29 06:00:00,41.05
2016-12-29 07:00:00,49.3
2016-12-29 08:00:00,53.3
2016-12-29 09:00:00,53.93
2016-12-29 10:00:00,56.63
2016-12-29 11:00:00,55.66
2016-12-29 12:00:00,48.0
2016-12-29 13:00:00,46.53
2016-12-29 14:00:00,49.6
2016-12-29 15:00:00,51.63
2016-12-29 16:00:00,54.43
2016-12-29 17:00:00,63.95
2016-12-29 18:00:00,64.35
2016-12-29 19:00:00,56.72
2016-12-29 20:00:00,48.5
2016-12-29 21:00:00,45.66
2016-12-29 22:00:00,46.94
2016-12-29 23:00:00,44.08
2016-12-30 00:00:00,44.3
2016-12-30 01:00:00,44.3
2016-12-30 02:00:00,41.26
2016-12-30 03:00:00,40.62
2016-12-30 04:00:00,40.07
2016-12-30 05:00:00,41.02
2016-12-30 06:00:00,44.3
2016-12-30 07:00:00,47.0
2016-12-30 08:00:00,59.0
2016-12-30 09:00:00,60.77
2016-12-30 10:00:00,55.67
2016-12-30 11:00:00,55.34
2016-12-30 12:00:00,52.56
2016-12-30 13:00:00,47.44
2016-12-30 14:00:00,48.69
2016-12-30 15:00:00,52.78
2016-12-30 16:00:00,55.81
2016-12-30 17:00:00,63.93
2016-12-30 18:00:00,61.74
2016-12-30 19:00:00,57.42
2016-12-30 20:00:00,57.56
2016-12-30 21:00:00,52.18
2016-12-30 22:00:00,54.38
2016-12-30 23:00:00,50.78
2016-12-31 00:00:00,41.8
2016-12-31 01:00:00,40.84
2016-12-31 02:00:00,39.0
2016-12-31 03:00:00,34.49
2016-12-31 04:00:00,35.0
2016-12-31 05:00:00,35.1
2016-12-31 06:00:00,31.99
2016-12-31 07:00:00,34.41
2016-12-31 08:00:00,40.0
2016-12-31 09:00:00,47.4
2016-12-31 10:00:00,47.4
2016-12-31 11:00:00,47.4
2016-12-31 12:00:00,47.4
2016-12-31 13:00:00,50.04
2016-12-31 14:00:00,47.4
2016-12-31 15:00:00,47.4
2016-12-31 16:00:00,49.76
2016-12-31 17:00:00,53.98
2016-12-31 18:00:00,49.76
2016-12-31 19:00:00,40.84
2016-12-31 20:00:00,40.1
2016-12-31 21:00:00,36.0
2016-12-31 22:00:00,35.0
2016-12-31 23:00:00,34.94
2017-01-01 00:00:00,42.0
2017-01-01 01:00:00,49.94
2017-01-01 02:00:00,51.95
2017-01-01 03:00:00,40.99
2017-01-01 04:00:00,39.0
2017-01-01 05:00:00,35.89
2017-01-01 06:00:00,34.99
2017-01-01 07:00:00,29.02
2017-01-01 08:00:00,28.64
2017-01-01 09:00:00,34.94
2017-01-01 10:00:00,39.94
2017-01-01 11:00:00,42.44
2017-01-01 12:00:00,49.57
2017-01-01 13:00:00,48.69
2017-01-01 14:00:00,37.44
2017-01-01 15:00:00,37.3
2017-01-01 16:00:00,44.12
2017-01-01 17:00:00,51.59
2017-01-01 18:00:00,59.07
2017-01-01 19:00:00,55.0
2017-01-01 20:00:00,52.0
2017-01-01 21:00:00,52.0
2017-01-01 22:00:00,52.44
2017-01-01 23:00:00,49.27
2017-01-02 00:00:00,42.79
2017-01-02 01:00:00,39.66
2017-01-02 02:00:00,39.2
2017-01-02 03:00:00,37.28
2017-01-02 04:00:00,36.63
2017-01-02 05:00:00,39.06
2017-01-02 06:00:00,44.98
2017-01-02 07:00:00,50.74
2017-01-02 08:00:00,56.41
2017-01-02 09:00:00,59.2
2017-01-02 10:00:00,68.49
2017-01-02 11:00:00,65.99
2017-01-02 12:00:00,65.75
2017-01-02 13:00:00,61.72
2017-01-02 14:00:00,59.09
2017-01-02 15:00:00,58.24
2017-01-02 16:00:00,59.98
2017-01-02 17:00:00,71.86
2017-01-02 18:00:00,75.83
2017-01-02 19:00:00,69.05
2017-01-02 20:00:00,57.42
2017-01-02 21:00:00,54.72
2017-01-02 22:00:00,51.12
2017-01-02 23:00:00,51.46
2017-01-03 00:00:00,52.48
2017-01-03 01:00:00,44.75
2017-01-03 02:00:00,45.23
2017-01-03 03:00:00,41.9
2017-01-03 04:00:00,39.93
2017-01-03 05:00:00,41.54
2017-01-03 06:00:00,48.18
2017-01-03 07:00:00,58.29
2017-01-03 08:00:00,69.58
2017-01-03 09:00:00,75.32
2017-01-03 10:00:00,64.62
2017-01-03 11:00:00,61.04
2017-01-03 12:00:00,60.84
2017-01-03 13:00:00,58.75
2017-01-03 14:00:00,57.84
2017-01-03 15:00:00,57.47
2017-01-03 16:00:00,59.63
2017-01-03 17:00:00,67.16
2017-01-03 18:00:00,137.21
2017-01-03 19:00:00,90.17
2017-01-03 20:00:00,74.94
2017-01-03 21:00:00,48.9
2017-01-03 22:00:00,68.73
2017-01-03 23:00:00,65.0
2017-01-04 00:00:00,39.0
2017-01-04 01:00:00,42.7
2017-01-04 02:00:00,40.0
2017-01-04 03:00:00,34.2
2017-01-04 04:00:00,32.2
2017-01-04 05:00:00,39.0
2017-01-04 06:00:00,37.95
2017-01-04 07:00:00,45.56
2017-01-04 08:00:00,73.01
2017-01-04 09:00:00,73.0
2017-01-04 10:00:00,72.85
2017-01-04 11:00:00,72.51
2017-01-04 12:00:00,71.72
2017-01-04 13:00:00,71.59
2017-01-04 14:00:00,69.0
2017-01-04 15:00:00,67.13
2017-01-04 16:00:00,68.26
2017-01-04 17:00:00,66.01
2017-01-04 18:00:00,63.74
2017-01-04 19:00:00,62.22
2017-01-04 20:00:00,54.99
2017-01-04 21:00:00,49.88
2017-01-04 22:00:00,47.61
2017-01-04 23:00:00,48.94
2017-01-05 00:00:00,42.7
2017-01-05 01:00:00,36.32
2017-01-05 02:00:00,40.85
2017-01-05 03:00:00,39.49
2017-01-05 04:00:00,35.64
2017-01-05 05:00:00,35.73
2017-01-05 06:00:00,39.03
2017-01-05 07:00:00,51.42
2017-01-05 08:00:00,65.26
2017-01-05 09:00:00,63.65
2017-01-05 10:00:00,63.22
2017-01-05 11:00:00,61.53
2017-01-05 12:00:00,61.53
2017-01-05 13:00:00,60.44
2017-01-05 14:00:00,61.23
2017-01-05 15:00:00,64.1
2017-01-05 16:00:00,69.7
2017-01-05 17:00:00,74.6
2017-01-05 18:00:00,114.75
2017-01-05 19:00:00,85.88
2017-01-05 20:00:00,70.83
2017-01-05 21:00:00,56.47
2017-01-05 22:00:00,52.78
2017-01-05 23:00:00,53.73
2017-01-06 00:00:00,52.65
2017-01-06 01:00:00,45.19
2017-01-06 02:00:00,43.34
2017-01-06 03:00:00,42.12
2017-01-06 04:00:00,40.51
2017-01-06 05:00:00,42.77
2017-01-06 06:00:00,44.95
2017-01-06 07:00:00,66.55
2017-01-06 08:00:00,86.03
2017-01-06 09:00:00,86.35
2017-01-06 10:00:00,71.01
2017-01-06 11:00:00,75.08
2017-01-06 12:00:00,84.9
2017-01-06 13:00:00,67.36
2017-01-06 14:00:00,63.5
2017-01-06 15:00:00,65.62
2017-01-06 16:00:00,66.21
2017-01-06 17:00:00,69.85
2017-01-06 18:00:00,169.32
2017-01-06 19:00:00,107.85
2017-01-06 20:00:00,82.63
2017-01-06 21:00:00,75.61
2017-01-06 22:00:00,76.22
2017-01-06 23:00:00,101.74
2017-01-07 00:00:00,52.71
2017-01-07 01:00:00,49.99
2017-01-07 02:00:00,42.6
2017-01-07 03:00:00,36.2
2017-01-07 04:00:00,39.93
2017-01-07 05:00:00,40.36
2017-01-07 06:00:00,44.41
2017-01-07 07:00:00,40.02
2017-01-07 08:00:00,49.48
2017-01-07 09:00:00,58.85
2017-01-07 10:00:00,63.32
2017-01-07 11:00:00,55.29
2017-01-07 12:00:00,63.65
2017-01-07 13:00:00,58.78
2017-01-07 14:00:00,52.63
2017-01-07 15:00:00,51.62
2017-01-07 16:00:00,59.08
2017-01-07 17:00:00,72.77
2017-01-07 18:00:00,63.75
2017-01-07 19:00:00,69.99
2017-01-07 20:00:00,48.61
2017-01-07 21:00:00,46.51
2017-01-07 22:00:00,48.5
2017-01-07 23:00:00,46.23
2017-01-08 00:00:00,41.65
2017-01-08 01:00:00,37.35
2017-01-08 02:00:00,36.31
2017-01-08 03:00:00,36.47
2017-01-08 04:00:00,40.09
2017-01-08 05:00:00,38.0
2017-01-08 06:00:00,36.31
2017-01-08 07:00:00,37.71
2017-01-08 08:00:00,44.56
2017-01-08 09:00:00,47.23
2017-01-08 10:00:00,56.29
2017-01-08 11:00:00,59.16
2017-01-08 12:00:00,62.13
2017-01-08 13:00:00,59.06
2017-01-08 14:00:00,51.23
2017-01-08 15:00:00,50.6
2017-01-08 16:00:00,53.86
2017-01-08 17:00:00,60.95
2017-01-08 18:00:00,69.21
2017-01-08 19:00:00,71.58
2017-01-08 20:00:00,67.7
2017-01-08 21:00:00,61.59
2017-01-08 22:00:00,64.0
2017-01-08 23:00:00,59.35
2017-01-09 00:00:00,55.76
2017-01-09 01:00:00,48.58
2017-01-09 02:00:00,46.67
2017-01-09 03:00:00,43.75
2017-01-09 04:00:00,39.92
2017-01-09 05:00:00,43.24
2017-01-09 06:00:00,51.21
2017-01-09 07:00:00,81.14
2017-01-09 08:00:00,87.17
2017-01-09 09:00:00,79.43
2017-01-09 10:00:00,80.0
2017-01-09 11:00:00,80.0
2017-01-09 12:00:00,80.0
2017-01-09 13:00:00,79.89
2017-01-09 14:00:00,78.81
2017-01-09 15:00:00,77.04
2017-01-09 16:00:00,73.77
2017-01-09 17:00:00,77.51
2017-01-09 18:00:00,83.87
2017-01-09 19:00:00,79.11
2017-01-09 20:00:00,57.67
2017-01-09 21:00:00,51.09
2017-01-09 22:00:00,50.91
2017-01-09 23:00:00,49.62
2017-01-10 00:00:00,51.92
2017-01-10 01:00:00,46.43
2017-01-10 02:00:00,41.33
2017-01-10 03:00:00,39.56
2017-01-10 04:00:00,40.45
2017-01-10 05:00:00,42.54
2017-01-10 06:00:00,50.0
2017-01-10 07:00:00,77.15
2017-01-10 08:00:00,77.45
2017-01-10 09:00:00,81.55
2017-01-10 10:00:00,83.16
2017-01-10 11:00:00,84.09
2017-01-10 12:00:00,82.06
2017-01-10 13:00:00,80.0
2017-01-10 14:00:00,77.79
2017-01-10 15:00:00,75.69
2017-01-10 16:00:00,74.5
2017-01-10 17:00:00,88.38
2017-01-10 18:00:00,102.9
2017-01-10 19:00:00,85.63
2017-01-10 20:00:00,76.86
2017-01-10 21:00:00,58.63
2017-01-10 22:00:00,53.78
2017-01-10 23:00:00,54.11
2017-01-11 00:00:00,52.58
2017-01-11 01:00:00,50.1
2017-01-11 02:00:00,47.83
2017-01-11 03:00:00,43.9
2017-01-11 04:00:00,41.57
2017-01-11 05:00:00,44.78
2017-01-11 06:00:00,56.68
2017-01-11 07:00:00,87.23
2017-01-11 08:00:00,90.42
2017-01-11 09:00:00,87.77
2017-01-11 10:00:00,69.96
2017-01-11 11:00:00,78.92
2017-01-11 12:00:00,79.98
2017-01-11 13:00:00,79.56
2017-01-11 14:00:00,79.82
2017-01-11 15:00:00,78.87
2017-01-11 16:00:00,79.45
2017-01-11 17:00:00,68.87
2017-01-11 18:00:00,72.49
2017-01-11 19:00:00,68.84
2017-01-11 20:00:00,64.23
2017-01-11 21:00:00,55.0
2017-01-11 22:00:00,64.3
2017-01-11 23:00:00,77.51
2017-01-12 00:00:00,67.19
2017-01-12 01:00:00,60.37
2017-01-12 02:00:00,60.71
2017-01-12 03:00:00,51.37
2017-01-12 04:00:00,48.46
2017-01-12 05:00:00,60.01
2017-01-12 06:00:00,65.35
2017-01-12 07:00:00,100.01
2017-01-12 08:00:00,65.81
2017-01-12 09:00:00,111.18
2017-01-12 10:00:00,86.71
2017-01-12 11:00:00,86.4
2017-01-12 12:00:00,82.94
2017-01-12 13:00:00,113.29
2017-01-12 14:00:00,79.69
2017-01-12 15:00:00,91.86
2017-01-12 16:00:00,104.73
2017-01-12 17:00:00,82.49
2017-01-12 18:00:00,128.53
2017-01-12 19:00:00,110.08
2017-01-12 20:00:00,62.8
2017-01-12 21:00:00,55.64
2017-01-12 22:00:00,51.52
2017-01-12 23:00:00,47.99
2017-01-13 00:00:00,48.16
2017-01-13 01:00:00,44.53
2017-01-13 02:00:00,41.66
2017-01-13 03:00:00,38.49
2017-01-13 04:00:00,36.98
2017-01-13 05:00:00,38.07
2017-01-13 06:00:00,50.5
2017-01-13 07:00:00,75.0
2017-01-13 08:00:00,100.01
2017-01-13 09:00:00,84.04
2017-01-13 10:00:00,77.95
2017-01-13 11:00:00,79.2
2017-01-13 12:00:00,69.27
2017-01-13 13:00:00,65.42
2017-01-13 14:00:00,60.76
2017-01-13 15:00:00,56.96
2017-01-13 16:00:00,58.43
2017-01-13 17:00:00,79.67
2017-01-13 18:00:00,77.54
2017-01-13 19:00:00,68.39
2017-01-13 20:00:00,62.21
2017-01-13 21:00:00,58.69
2017-01-13 22:00:00,57.89
2017-01-13 23:00:00,57.23
2017-01-14 00:00:00,62.1
2017-01-14 01:00:00,55.47
2017-01-14 02:00:00,52.29
2017-01-14 03:00:00,42.5
2017-01-14 04:00:00,41.98
2017-01-14 05:00:00,45.33
2017-01-14 06:00:00,51.76
2017-01-14 07:00:00,45.38
2017-01-14 08:00:00,81.62
2017-01-14 09:00:00,83.49
2017-01-14 10:00:00,75.75
2017-01-14 11:00:00,69.19
2017-01-14 12:00:00,68.28
2017-01-14 13:00:00,61.23
2017-01-14 14:00:00,60.79
2017-01-14 15:00:00,60.43
2017-01-14 16:00:00,66.07
2017-01-14 17:00:00,75.39
2017-01-14 18:00:00,89.24
2017-01-14 19:00:00,85.48
2017-01-14 20:00:00,79.48
2017-01-14 21:00:00,72.88
2017-01-14 22:00:00,76.3
2017-01-14 23:00:00,72.13
2017-01-15 00:00:00,50.73
2017-01-15 01:00:00,45.23
2017-01-15 02:00:00,48.61
2017-01-15 03:00:00,50.2
2017-01-15 04:00:00,48.0
2017-01-15 05:00:00,38.94
2017-01-15 06:00:00,38.59
2017-01-15 07:00:00,49.83
2017-01-15 08:00:00,50.79
2017-01-15 09:00:00,52.1
2017-01-15 10:00:00,70.2
2017-01-15 11:00:00,68.72
2017-01-15 12:00:00,74.94
2017-01-15 13:00:00,74.26
2017-01-15 14:00:00,64.72
2017-01-15 15:00:00,59.82
2017-01-15 16:00:00,59.56
2017-01-15 17:00:00,75.41
2017-01-15 18:00:00,92.48
2017-01-15 19:00:00,84.61
2017-01-15 20:00:00,83.97
2017-01-15 21:00:00,80.16
2017-01-15 22:00:00,78.39
2017-01-15 23:00:00,72.49
2017-01-16 00:00:00,45.07
2017-01-16 01:00:00,43.25
2017-01-16 02:00:00,39.08
2017-01-16 03:00:00,37.57
2017-01-16 04:00:00,38.24
2017-01-16 05:00:00,39.06
2017-01-16 06:00:00,55.59
2017-01-16 07:00:00,105.32
2017-01-16 08:00:00,119.78
2017-01-16 09:00:00,119.03
2017-01-16 10:00:00,115.67
2017-01-16 11:00:00,117.08
2017-01-16 12:00:00,112.28
2017-01-16 13:00:00,111.14
2017-01-16 14:00:00,113.44
2017-01-16 15:00:00,112.42
2017-01-16 16:00:00,113.37
2017-01-16 17:00:00,120.0
2017-01-16 18:00:00,124.83
2017-01-16 19:00:00,113.96
2017-01-16 20:00:00,103.59
2017-01-16 21:00:00,84.97
2017-01-16 22:00:00,85.3
2017-01-16 23:00:00,65.3
2017-01-17 00:00:00,114.96
2017-01-17 01:00:00,101.73
2017-01-17 02:00:00,64.3
2017-01-17 03:00:00,56.19
2017-01-17 04:00:00,55.07
2017-01-17 05:00:00,66.87
2017-01-17 06:00:00,94.0
2017-01-17 07:00:00,139.5
2017-01-17 08:00:00,145.51
2017-01-17 09:00:00,143.58
2017-01-17 10:00:00,135.44
2017-01-17 11:00:00,129.22
2017-01-17 12:00:00,115.24
2017-01-17 13:00:00,109.32
2017-01-17 14:00:00,115.5
2017-01-17 15:00:00,120.68
2017-01-17 16:00:00,127.46
2017-01-17 17:00:00,142.78
2017-01-17 18:00:00,162.31
2017-01-17 19:00:00,136.39
2017-01-17 20:00:00,114.66
2017-01-17 21:00:00,88.61
2017-01-17 22:00:00,94.05
2017-01-17 23:00:00,98.85
2017-01-18 00:00:00,74.5
2017-01-18 01:00:00,63.04
2017-01-18 02:00:00,60.57
2017-01-18 03:00:00,54.73
2017-01-18 04:00:00,53.29
2017-01-18 05:00:00,65.99
2017-01-18 06:00:00,88.23
2017-01-18 07:00:00,120.0
2017-01-18 08:00:00,122.07
2017-01-18 09:00:00,120.0
2017-01-18 10:00:00,111.75
2017-01-18 11:00:00,98.95
2017-01-18 12:00:00,95.89
2017-01-18 13:00:00,91.02
2017-01-18 14:00:00,89.92
2017-01-18 15:00:00,86.7
2017-01-18 16:00:00,92.45
2017-01-18 17:00:00,116.9
2017-01-18 18:00:00,130.0
2017-01-18 19:00:00,117.26
2017-01-18 20:00:00,98.66
2017-01-18 21:00:00,84.18
2017-01-18 22:00:00,95.55
2017-01-18 23:00:00,95.55
2017-01-19 00:00:00,73.25
2017-01-19 01:00:00,68.43
2017-01-19 02:00:00,67.78
2017-01-19 03:00:00,63.32
2017-01-19 04:00:00,62.14
2017-01-19 05:00:00,66.71
2017-01-19 06:00:00,83.92
2017-01-19 07:00:00,103.0
2017-01-19 08:00:00,117.35
2017-01-19 09:00:00,108.68
2017-01-19 10:00:00,94.0
2017-01-19 11:00:00,93.69
2017-01-19 12:00:00,90.63
2017-01-19 13:00:00,90.19
2017-01-19 14:00:00,91.59
2017-01-19 15:00:00,92.0
2017-01-19 16:00:00,91.03
2017-01-19 17:00:00,100.1
2017-01-19 18:00:00,134.23
2017-01-19 19:00:00,109.97
2017-01-19 20:00:00,94.0
2017-01-19 21:00:00,83.17
2017-01-19 22:00:00,79.0
2017-01-19 23:00:00,79.3
2017-01-20 00:00:00,74.93
2017-01-20 01:00:00,74.78
2017-01-20 02:00:00,72.88
2017-01-20 03:00:00,69.36
2017-01-20 04:00:00,64.56
2017-01-20 05:00:00,77.29
2017-01-20 06:00:00,95.92
2017-01-20 07:00:00,110.63
2017-01-20 08:00:00,143.33
2017-01-20 09:00:00,121.54
2017-01-20 10:00:00,116.65
2017-01-20 11:00:00,104.76
2017-01-20 12:00:00,78.8
2017-01-20 13:00:00,82.68
2017-01-20 14:00:00,91.98
2017-01-20 15:00:00,91.2
2017-01-20 16:00:00,92.07
2017-01-20 17:00:00,97.09
2017-01-20 18:00:00,116.35
2017-01-20 19:00:00,115.0
2017-01-20 20:00:00,98.52
2017-01-20 21:00:00,88.91
2017-01-20 22:00:00,85.99
2017-01-20 23:00:00,94.98
2017-01-21 00:00:00,48.34
2017-01-21 01:00:00,56.32
2017-01-21 02:00:00,48.34
2017-01-21 03:00:00,55.49
2017-01-21 04:00:00,54.33
2017-01-21 05:00:00,53.73
2017-01-21 06:00:00,48.34
2017-01-21 07:00:00,44.63
2017-01-21 08:00:00,45.89
2017-01-21 09:00:00,48.34
2017-01-21 10:00:00,48.34
2017-01-21 11:00:00,48.34
2017-01-21 12:00:00,45.89
2017-01-21 13:00:00,48.34
2017-01-21 14:00:00,45.89
2017-01-21 15:00:00,47.56
2017-01-21 16:00:00,56.07
2017-01-21 17:00:00,65.91
2017-01-21 18:00:00,104.86
2017-01-21 19:00:00,66.05
2017-01-21 20:00:00,48.6
2017-01-21 21:00:00,45.89
2017-01-21 22:00:00,48.34
2017-01-21 23:00:00,48.34
2017-01-22 00:00:00,38.6
2017-01-22 01:00:00,53.56
2017-01-22 02:00:00,39.94
2017-01-22 03:00:00,38.2
2017-01-22 04:00:00,39.94
2017-01-22 05:00:00,39.94
2017-01-22 06:00:00,40.0
2017-01-22 07:00:00,49.7
2017-01-22 08:00:00,60.06
2017-01-22 09:00:00,64.19
2017-01-22 10:00:00,66.88
2017-01-22 11:00:00,68.61
2017-01-22 12:00:00,69.24
2017-01-22 13:00:00,63.53
2017-01-22 14:00:00,57.17
2017-01-22 15:00:00,54.56
2017-01-22 16:00:00,57.81
2017-01-22 17:00:00,65.04
2017-01-22 18:00:00,90.44
2017-01-22 19:00:00,85.5
2017-01-22 20:00:00,83.04
2017-01-22 21:00:00,77.34
2017-01-22 22:00:00,77.45
2017-01-22 23:00:00,76.24
2017-01-23 00:00:00,60.7
2017-01-23 01:00:00,57.96
2017-01-23 02:00:00,51.84
2017-01-23 03:00:00,50.03
2017-01-23 04:00:00,48.08
2017-01-23 05:00:00,55.19
2017-01-23 06:00:00,90.42
2017-01-23 07:00:00,124.1
2017-01-23 08:00:00,129.72
2017-01-23 09:00:00,125.39
2017-01-23 10:00:00,122.88
2017-01-23 11:00:00,109.66
2017-01-23 12:00:00,101.3
2017-01-23 13:00:00,101.98
2017-01-23 14:00:00,95.11
2017-01-23 15:00:00,103.0
2017-01-23 16:00:00,102.4
2017-01-23 17:00:00,109.98
2017-01-23 18:00:00,134.51
2017-01-23 19:00:00,115.32
2017-01-23 20:00:00,101.2
2017-01-23 21:00:00,96.91
2017-01-23 22:00:00,91.64
2017-01-23 23:00:00,64.18
2017-01-24 00:00:00,86.83
2017-01-24 01:00:00,82.07
2017-01-24 02:00:00,54.34
2017-01-24 03:00:00,55.83
2017-01-24 04:00:00,54.58
2017-01-24 05:00:00,56.71
2017-01-24 06:00:00,112.72
2017-01-24 07:00:00,200.0
2017-01-24 08:00:00,204.69
2017-01-24 09:00:00,155.48
2017-01-24 10:00:00,151.07
2017-01-24 11:00:00,135.0
2017-01-24 12:00:00,121.58
2017-01-24 13:00:00,117.68
2017-01-24 14:00:00,112.21
2017-01-24 15:00:00,117.18
2017-01-24 16:00:00,120.0
2017-01-24 17:00:00,131.01
2017-01-24 18:00:00,144.98
2017-01-24 19:00:00,125.96
2017-01-24 20:00:00,124.83
2017-01-24 21:00:00,96.3
2017-01-24 22:00:00,93.71
2017-01-24 23:00:00,90.74
2017-01-25 00:00:00,96.72
2017-01-25 01:00:00,85.03
2017-01-25 02:00:00,72.36
2017-01-25 03:00:00,71.16
2017-01-25 04:00:00,67.85
2017-01-25 05:00:00,73.39
2017-01-25 06:00:00,108.58
2017-01-25 07:00:00,151.14
2017-01-25 08:00:00,206.12
2017-01-25 09:00:00,168.73
2017-01-25 10:00:00,151.29
2017-01-25 11:00:00,134.23
2017-01-25 12:00:00,129.75
2017-01-25 13:00:00,120.38
2017-01-25 14:00:00,124.22
2017-01-25 15:00:00,125.89
2017-01-25 16:00:00,120.29
2017-01-25 17:00:00,122.9
2017-01-25 18:00:00,194.95
2017-01-25 19:00:00,146.8
2017-01-25 20:00:00,120.0
2017-01-25 21:00:00,100.67
2017-01-25 22:00:00,99.18
2017-01-25 23:00:00,95.0
2017-01-26 00:00:00,94.75
2017-01-26 01:00:00,91.47
2017-01-26 02:00:00,83.04
2017-01-26 03:00:00,77.88
2017-01-26 04:00:00,75.82
2017-01-26 05:00:00,84.66
2017-01-26 06:00:00,100.47
2017-01-26 07:00:00,134.68
2017-01-26 08:00:00,164.92
2017-01-26 09:00:00,129.72
2017-01-26 10:00:00,166.68
2017-01-26 11:00:00,120.0
2017-01-26 12:00:00,101.28
2017-01-26 13:00:00,88.8
2017-01-26 14:00:00,96.07
2017-01-26 15:00:00,112.63
2017-01-26 16:00:00,110.74
2017-01-26 17:00:00,175.0
2017-01-26 18:00:00,139.0
2017-01-26 19:00:00,121.3
2017-01-26 20:00:00,99.1
2017-01-26 21:00:00,84.83
2017-01-26 22:00:00,80.34
2017-01-26 23:00:00,79.52
2017-01-27 00:00:00,74.0
2017-01-27 01:00:00,55.38
2017-01-27 02:00:00,60.93
2017-01-27 03:00:00,57.7
2017-01-27 04:00:00,56.14
2017-01-27 05:00:00,56.0
2017-01-27 06:00:00,67.47
2017-01-27 07:00:00,91.56
2017-01-27 08:00:00,102.69
2017-01-27 09:00:00,91.25
2017-01-27 10:00:00,90.0
2017-01-27 11:00:00,82.08
2017-01-27 12:00:00,75.59
2017-01-27 13:00:00,62.56
2017-01-27 14:00:00,67.0
2017-01-27 15:00:00,68.94
2017-01-27 16:00:00,70.03
2017-01-27 17:00:00,75.0
2017-01-27 18:00:00,69.46
2017-01-27 19:00:00,73.17
2017-01-27 20:00:00,63.03
2017-01-27 21:00:00,55.76
2017-01-27 22:00:00,56.42
2017-01-27 23:00:00,54.51
2017-01-28 00:00:00,47.4
2017-01-28 01:00:00,46.46
2017-01-28 02:00:00,46.97
2017-01-28 03:00:00,39.0
2017-01-28 04:00:00,37.39
2017-01-28 05:00:00,37.78
2017-01-28 06:00:00,36.4
2017-01-28 07:00:00,39.65
2017-01-28 08:00:00,47.4
2017-01-28 09:00:00,47.4
2017-01-28 10:00:00,52.0
2017-01-28 11:00:00,61.73
2017-01-28 12:00:00,59.86
2017-01-28 13:00:00,47.91
2017-01-28 14:00:00,51.64
2017-01-28 15:00:00,49.92
2017-01-28 16:00:00,54.15
2017-01-28 17:00:00,60.6
2017-01-28 18:00:00,75.89
2017-01-28 19:00:00,70.0
2017-01-28 20:00:00,65.78
2017-01-28 21:00:00,52.1
2017-01-28 22:00:00,52.17
2017-01-28 23:00:00,53.36
2017-01-29 00:00:00,50.75
2017-01-29 01:00:00,47.1
2017-01-29 02:00:00,40.62
2017-01-29 03:00:00,37.88
2017-01-29 04:00:00,40.32
2017-01-29 05:00:00,39.37
2017-01-29 06:00:00,40.8
2017-01-29 07:00:00,37.0
2017-01-29 08:00:00,42.14
2017-01-29 09:00:00,47.1
2017-01-29 10:00:00,50.19
2017-01-29 11:00:00,52.07
2017-01-29 12:00:00,53.9
2017-01-29 13:00:00,49.8
2017-01-29 14:00:00,43.25
2017-01-29 15:00:00,43.88
2017-01-29 16:00:00,47.1
2017-01-29 17:00:00,61.11
2017-01-29 18:00:00,87.8
2017-01-29 19:00:00,59.29
2017-01-29 20:00:00,58.24
2017-01-29 21:00:00,53.36
2017-01-29 22:00:00,52.06
2017-01-29 23:00:00,47.1
2017-01-30 00:00:00,41.75
2017-01-30 01:00:00,43.03
2017-01-30 02:00:00,37.24
2017-01-30 03:00:00,36.05
2017-01-30 04:00:00,35.11
2017-01-30 05:00:00,36.43
2017-01-30 06:00:00,47.1
2017-01-30 07:00:00,58.01
2017-01-30 08:00:00,64.59
2017-01-30 09:00:00,66.71
2017-01-30 10:00:00,70.15
2017-01-30 11:00:00,69.91
2017-01-30 12:00:00,69.23
2017-01-30 13:00:00,67.99
2017-01-30 14:00:00,61.32
2017-01-30 15:00:00,55.98
2017-01-30 16:00:00,55.94
2017-01-30 17:00:00,78.53
2017-01-30 18:00:00,75.96
2017-01-30 19:00:00,76.09
2017-01-30 20:00:00,66.46
2017-01-30 21:00:00,61.22
2017-01-30 22:00:00,57.06
2017-01-30 23:00:00,58.17
2017-01-31 00:00:00,57.05
2017-01-31 01:00:00,51.93
2017-01-31 02:00:00,50.49
2017-01-31 03:00:00,48.27
2017-01-31 04:00:00,48.27
2017-01-31 05:00:00,52.25
2017-01-31 06:00:00,68.38
2017-01-31 07:00:00,90.52
2017-01-31 08:00:00,95.97
2017-01-31 09:00:00,89.26
2017-01-31 10:00:00,89.8
2017-01-31 11:00:00,89.82
2017-01-31 12:00:00,82.36
2017-01-31 13:00:00,82.02
2017-01-31 14:00:00,90.36
2017-01-31 15:00:00,89.75
2017-01-31 16:00:00,90.2
2017-01-31 17:00:00,95.0
2017-01-31 18:00:00,104.33
2017-01-31 19:00:00,90.0
2017-01-31 20:00:00,83.37
2017-01-31 21:00:00,60.67
2017-01-31 22:00:00,58.26
2017-01-31 23:00:00,55.77
2017-02-01 00:00:00,50.0
2017-02-01 01:00:00,49.89
2017-02-01 02:00:00,48.36
2017-02-01 03:00:00,45.87
2017-02-01 04:00:00,39.3
2017-02-01 05:00:00,46.64
2017-02-01 06:00:00,55.91
2017-02-01 07:00:00,71.62
2017-02-01 08:00:00,77.68
2017-02-01 09:00:00,76.9
2017-02-01 10:00:00,76.75
2017-02-01 11:00:00,75.83
2017-02-01 12:00:00,73.35
2017-02-01 13:00:00,71.9
2017-02-01 14:00:00,68.93
2017-02-01 15:00:00,66.29
2017-02-01 16:00:00,63.03
2017-02-01 17:00:00,69.43
2017-02-01 18:00:00,72.62
2017-02-01 19:00:00,72.74
2017-02-01 20:00:00,64.39
2017-02-01 21:00:00,50.18
2017-02-01 22:00:00,59.12
2017-02-01 23:00:00,49.8
2017-02-02 00:00:00,39.59
2017-02-02 01:00:00,37.68
2017-02-02 02:00:00,36.43
2017-02-02 03:00:00,32.3
2017-02-02 04:00:00,31.05
2017-02-02 05:00:00,32.66
2017-02-02 06:00:00,39.91
2017-02-02 07:00:00,55.58
2017-02-02 08:00:00,57.19
2017-02-02 09:00:00,59.1
2017-02-02 10:00:00,58.55
2017-02-02 11:00:00,57.66
2017-02-02 12:00:00,57.66
2017-02-02 13:00:00,54.44
2017-02-02 14:00:00,50.9
2017-02-02 15:00:00,47.1
2017-02-02 16:00:00,45.98
2017-02-02 17:00:00,48.8
2017-02-02 18:00:00,55.75
2017-02-02 19:00:00,55.91
2017-02-02 20:00:00,48.2
2017-02-02 21:00:00,39.04
2017-02-02 22:00:00,40.6
2017-02-02 23:00:00,42.24
2017-02-03 00:00:00,39.69
2017-02-03 01:00:00,34.92
2017-02-03 02:00:00,34.26
2017-02-03 03:00:00,32.55
2017-02-03 04:00:00,32.49
2017-02-03 05:00:00,35.85
2017-02-03 06:00:00,43.02
2017-02-03 07:00:00,56.32
2017-02-03 08:00:00,60.0
2017-02-03 09:00:00,58.0
2017-02-03 10:00:00,56.67
2017-02-03 11:00:00,55.97
2017-02-03 12:00:00,54.37
2017-02-03 13:00:00,53.67
2017-02-03 14:00:00,51.96
2017-02-03 15:00:00,48.47
2017-02-03 16:00:00,47.68
2017-02-03 17:00:00,52.4
2017-02-03 18:00:00,55.79
2017-02-03 19:00:00,53.5
2017-02-03 20:00:00,52.3
2017-02-03 21:00:00,44.9
2017-02-03 22:00:00,44.25
2017-02-03 23:00:00,38.04
2017-02-04 00:00:00,37.67
2017-02-04 01:00:00,34.96
2017-02-04 02:00:00,34.01
2017-02-04 03:00:00,31.93
2017-02-04 04:00:00,31.89
2017-02-04 05:00:00,32.09
2017-02-04 06:00:00,33.82
2017-02-04 07:00:00,37.04
2017-02-04 08:00:00,42.32
2017-02-04 09:00:00,49.58
2017-02-04 10:00:00,51.97
2017-02-04 11:00:00,50.0
2017-02-04 12:00:00,50.0
2017-02-04 13:00:00,49.12
2017-02-04 14:00:00,47.22
2017-02-04 15:00:00,45.22
2017-02-04 16:00:00,46.26
2017-02-04 17:00:00,56.37
2017-02-04 18:00:00,66.18
2017-02-04 19:00:00,61.61
2017-02-04 20:00:00,55.49
2017-02-04 21:00:00,50.0
2017-02-04 22:00:00,50.0
2017-02-04 23:00:00,45.7
2017-02-05 00:00:00,59.88
2017-02-05 01:00:00,50.0
2017-02-05 02:00:00,37.73
2017-02-05 03:00:00,36.65
2017-02-05 04:00:00,33.15
2017-02-05 05:00:00,34.55
2017-02-05 06:00:00,31.82
2017-02-05 07:00:00,36.93
2017-02-05 08:00:00,42.0
2017-02-05 09:00:00,48.26
2017-02-05 10:00:00,57.84
2017-02-05 11:00:00,61.19
2017-02-05 12:00:00,58.25
2017-02-05 13:00:00,46.92
2017-02-05 14:00:00,40.88
2017-02-05 15:00:00,39.97
2017-02-05 16:00:00,40.81
2017-02-05 17:00:00,48.24
2017-02-05 18:00:00,65.07
2017-02-05 19:00:00,60.86
2017-02-05 20:00:00,57.91
2017-02-05 21:00:00,58.91
2017-02-05 22:00:00,51.0
2017-02-05 23:00:00,49.61
2017-02-06 00:00:00,43.31
2017-02-06 01:00:00,41.4
2017-02-06 02:00:00,38.27
2017-02-06 03:00:00,35.1
2017-02-06 04:00:00,36.3
2017-02-06 05:00:00,39.5
2017-02-06 06:00:00,55.21
2017-02-06 07:00:00,74.95
2017-02-06 08:00:00,82.06
2017-02-06 09:00:00,84.01
2017-02-06 10:00:00,80.44
2017-02-06 11:00:00,79.61
2017-02-06 12:00:00,80.37
2017-02-06 13:00:00,77.75
2017-02-06 14:00:00,72.93
2017-02-06 15:00:00,69.5
2017-02-06 16:00:00,67.04
2017-02-06 17:00:00,69.94
2017-02-06 18:00:00,86.37
2017-02-06 19:00:00,77.29
2017-02-06 20:00:00,64.69
2017-02-06 21:00:00,54.8
2017-02-06 22:00:00,52.4
2017-02-06 23:00:00,47.93
2017-02-07 00:00:00,48.78
2017-02-07 01:00:00,45.47
2017-02-07 02:00:00,41.49
2017-02-07 03:00:00,40.03
2017-02-07 04:00:00,39.95
2017-02-07 05:00:00,43.44
2017-02-07 06:00:00,50.39
2017-02-07 07:00:00,64.9
2017-02-07 08:00:00,66.44
2017-02-07 09:00:00,66.79
2017-02-07 10:00:00,72.8
2017-02-07 11:00:00,70.5
2017-02-07 12:00:00,63.92
2017-02-07 13:00:00,61.84
2017-02-07 14:00:00,64.68
2017-02-07 15:00:00,63.21
2017-02-07 16:00:00,62.57
2017-02-07 17:00:00,69.63
2017-02-07 18:00:00,80.02
2017-02-07 19:00:00,80.32
2017-02-07 20:00:00,70.1
2017-02-07 21:00:00,61.79
2017-02-07 22:00:00,59.61
2017-02-07 23:00:00,56.65
2017-02-08 00:00:00,50.9
2017-02-08 01:00:00,47.57
2017-02-08 02:00:00,44.92
2017-02-08 03:00:00,39.11
2017-02-08 04:00:00,36.66
2017-02-08 05:00:00,45.75
2017-02-08 06:00:00,50.42
2017-02-08 07:00:00,69.16
2017-02-08 08:00:00,73.48
2017-02-08 09:00:00,72.4
2017-02-08 10:00:00,72.88
2017-02-08 11:00:00,71.49
2017-02-08 12:00:00,70.34
2017-02-08 13:00:00,66.94
2017-02-08 14:00:00,67.34
2017-02-08 15:00:00,68.56
2017-02-08 16:00:00,68.98
2017-02-08 17:00:00,73.85
2017-02-08 18:00:00,88.18
2017-02-08 19:00:00,84.04
2017-02-08 20:00:00,72.59
2017-02-08 21:00:00,64.39
2017-02-08 22:00:00,59.44
2017-02-08 23:00:00,57.52
2017-02-09 00:00:00,47.75
2017-02-09 01:00:00,48.0
2017-02-09 02:00:00,43.71
2017-02-09 03:00:00,40.91
2017-02-09 04:00:00,40.42
2017-02-09 05:00:00,47.0
2017-02-09 06:00:00,54.61
2017-02-09 07:00:00,73.79
2017-02-09 08:00:00,77.43
2017-02-09 09:00:00,72.79
2017-02-09 10:00:00,70.97
2017-02-09 11:00:00,68.97
2017-02-09 12:00:00,66.93
2017-02-09 13:00:00,65.51
2017-02-09 14:00:00,64.93
2017-02-09 15:00:00,64.82
2017-02-09 16:00:00,65.68
2017-02-09 17:00:00,70.43
2017-02-09 18:00:00,77.98
2017-02-09 19:00:00,75.09
2017-02-09 20:00:00,66.55
2017-02-09 21:00:00,61.55
2017-02-09 22:00:00,59.06
2017-02-09 23:00:00,55.39
2017-02-10 00:00:00,53.48
2017-02-10 01:00:00,50.9
2017-02-10 02:00:00,49.42
2017-02-10 03:00:00,48.56
2017-02-10 04:00:00,44.65
2017-02-10 05:00:00,42.35
2017-02-10 06:00:00,51.5
2017-02-10 07:00:00,65.15
2017-02-10 08:00:00,70.96
2017-02-10 09:00:00,72.2
2017-02-10 10:00:00,73.43
2017-02-10 11:00:00,78.75
2017-02-10 12:00:00,64.17
2017-02-10 13:00:00,71.93
2017-02-10 14:00:00,58.76
2017-02-10 15:00:00,62.06
2017-02-10 16:00:00,60.52
2017-02-10 17:00:00,70.56
2017-02-10 18:00:00,85.24
2017-02-10 19:00:00,73.36
2017-02-10 20:00:00,55.76
2017-02-10 21:00:00,51.6
2017-02-10 22:00:00,65.84
2017-02-10 23:00:00,66.36
2017-02-11 00:00:00,49.2
2017-02-11 01:00:00,45.17
2017-02-11 02:00:00,42.41
2017-02-11 03:00:00,43.29
2017-02-11 04:00:00,41.3
2017-02-11 05:00:00,42.31
2017-02-11 06:00:00,42.28
2017-02-11 07:00:00,44.15
2017-02-11 08:00:00,48.29
2017-02-11 09:00:00,53.53
2017-02-11 10:00:00,63.76
2017-02-11 11:00:00,60.1
2017-02-11 12:00:00,48.0
2017-02-11 13:00:00,48.0
2017-02-11 14:00:00,40.0
2017-02-11 15:00:00,41.04
2017-02-11 16:00:00,61.02
2017-02-11 17:00:00,60.69
2017-02-11 18:00:00,82.29
2017-02-11 19:00:00,75.0
2017-02-11 20:00:00,48.0
2017-02-11 21:00:00,42.8
2017-02-11 22:00:00,44.79
2017-02-11 23:00:00,41.47
2017-02-12 00:00:00,49.0
2017-02-12 01:00:00,50.0
2017-02-12 02:00:00,38.69
2017-02-12 03:00:00,31.08
2017-02-12 04:00:00,36.86
2017-02-12 05:00:00,34.58
2017-02-12 06:00:00,34.51
2017-02-12 07:00:00,32.02
2017-02-12 08:00:00,35.6
2017-02-12 09:00:00,39.2
2017-02-12 10:00:00,39.85
2017-02-12 11:00:00,50.1
2017-02-12 12:00:00,40.59
2017-02-12 13:00:00,38.84
2017-02-12 14:00:00,35.84
2017-02-12 15:00:00,33.44
2017-02-12 16:00:00,32.19
2017-02-12 17:00:00,36.0
2017-02-12 18:00:00,42.59
2017-02-12 19:00:00,41.1
2017-02-12 20:00:00,47.52
2017-02-12 21:00:00,42.05
2017-02-12 22:00:00,40.63
2017-02-12 23:00:00,37.47
2017-02-13 00:00:00,35.56
2017-02-13 01:00:00,35.77
2017-02-13 02:00:00,32.18
2017-02-13 03:00:00,29.85
2017-02-13 04:00:00,30.76
2017-02-13 05:00:00,33.01
2017-02-13 06:00:00,43.27
2017-02-13 07:00:00,56.98
2017-02-13 08:00:00,59.13
2017-02-13 09:00:00,59.4
2017-02-13 10:00:00,53.95
2017-02-13 11:00:00,47.7
2017-02-13 12:00:00,47.3
2017-02-13 13:00:00,47.3
2017-02-13 14:00:00,38.08
2017-02-13 15:00:00,43.5
2017-02-13 16:00:00,49.17
2017-02-13 17:00:00,53.74
2017-02-13 18:00:00,60.04
2017-02-13 19:00:00,61.0
2017-02-13 20:00:00,50.0
2017-02-13 21:00:00,47.3
2017-02-13 22:00:00,43.14
2017-02-13 23:00:00,42.59
2017-02-14 00:00:00,40.18
2017-02-14 01:00:00,37.0
2017-02-14 02:00:00,36.36
2017-02-14 03:00:00,34.9
2017-02-14 04:00:00,34.4
2017-02-14 05:00:00,36.7
2017-02-14 06:00:00,45.07
2017-02-14 07:00:00,61.45
2017-02-14 08:00:00,63.52
2017-02-14 09:00:00,62.55
2017-02-14 10:00:00,64.67
2017-02-14 11:00:00,62.5
2017-02-14 12:00:00,60.51
2017-02-14 13:00:00,57.25
2017-02-14 14:00:00,54.34
2017-02-14 15:00:00,53.12
2017-02-14 16:00:00,55.69
2017-02-14 17:00:00,61.03
2017-02-14 18:00:00,66.22
2017-02-14 19:00:00,60.55
2017-02-14 20:00:00,49.1
2017-02-14 21:00:00,48.0
2017-02-14 22:00:00,49.21
2017-02-14 23:00:00,49.58
2017-02-15 00:00:00,35.9
2017-02-15 01:00:00,37.08
2017-02-15 02:00:00,36.23
2017-02-15 03:00:00,35.72
2017-02-15 04:00:00,36.51
2017-02-15 05:00:00,37.87
2017-02-15 06:00:00,45.9
2017-02-15 07:00:00,61.25
2017-02-15 08:00:00,63.15
2017-02-15 09:00:00,60.76
2017-02-15 10:00:00,56.9
2017-02-15 11:00:00,47.41
2017-02-15 12:00:00,44.65
2017-02-15 13:00:00,43.38
2017-02-15 14:00:00,45.25
2017-02-15 15:00:00,50.76
2017-02-15 16:00:00,54.41
2017-02-15 17:00:00,59.14
2017-02-15 18:00:00,64.48
2017-02-15 19:00:00,62.6
2017-02-15 20:00:00,51.07
2017-02-15 21:00:00,42.87
2017-02-15 22:00:00,42.59
2017-02-15 23:00:00,40.56
2017-02-16 00:00:00,40.21
2017-02-16 01:00:00,37.55
2017-02-16 02:00:00,38.23
2017-02-16 03:00:00,36.37
2017-02-16 04:00:00,36.15
2017-02-16 05:00:00,37.15
2017-02-16 06:00:00,48.94
2017-02-16 07:00:00,55.59
2017-02-16 08:00:00,60.32
2017-02-16 09:00:00,57.93
2017-02-16 10:00:00,56.44
2017-02-16 11:00:00,54.62
2017-02-16 12:00:00,51.41
2017-02-16 13:00:00,49.67
2017-02-16 14:00:00,49.23
2017-02-16 15:00:00,51.25
2017-02-16 16:00:00,52.71
2017-02-16 17:00:00,57.61
2017-02-16 18:00:00,62.47
2017-02-16 19:00:00,64.37
2017-02-16 20:00:00,57.42
2017-02-16 21:00:00,45.87
2017-02-16 22:00:00,45.1
2017-02-16 23:00:00,45.1
2017-02-17 00:00:00,40.83
2017-02-17 01:00:00,40.29
2017-02-17 02:00:00,38.4
2017-02-17 03:00:00,35.7
2017-02-17 04:00:00,35.7
2017-02-17 05:00:00,37.37
2017-02-17 06:00:00,44.23
2017-02-17 07:00:00,57.55
2017-02-17 08:00:00,58.92
2017-02-17 09:00:00,59.28
2017-02-17 10:00:00,60.68
2017-02-17 11:00:00,59.99
2017-02-17 12:00:00,53.67
2017-02-17 13:00:00,54.25
2017-02-17 14:00:00,52.27
2017-02-17 15:00:00,48.53
2017-02-17 16:00:00,48.81
2017-02-17 17:00:00,54.09
2017-02-17 18:00:00,60.82
2017-02-17 19:00:00,61.47
2017-02-17 20:00:00,55.07
2017-02-17 21:00:00,44.9
2017-02-17 22:00:00,51.24
2017-02-17 23:00:00,44.9
2017-02-18 00:00:00,41.35
2017-02-18 01:00:00,40.31
2017-02-18 02:00:00,34.56
2017-02-18 03:00:00,34.3
2017-02-18 04:00:00,34.3
2017-02-18 05:00:00,34.98
2017-02-18 06:00:00,38.34
2017-02-18 07:00:00,41.4
2017-02-18 08:00:00,46.81
2017-02-18 09:00:00,50.0
2017-02-18 10:00:00,49.85
2017-02-18 11:00:00,48.24
2017-02-18 12:00:00,44.92
2017-02-18 13:00:00,40.57
2017-02-18 14:00:00,39.17
2017-02-18 15:00:00,37.35
2017-02-18 16:00:00,42.04
2017-02-18 17:00:00,47.94
2017-02-18 18:00:00,55.58
2017-02-18 19:00:00,49.12
2017-02-18 20:00:00,45.94
2017-02-18 21:00:00,42.39
2017-02-18 22:00:00,50.13
2017-02-18 23:00:00,41.93
2017-02-19 00:00:00,38.39
2017-02-19 01:00:00,34.7
2017-02-19 02:00:00,33.7
2017-02-19 03:00:00,32.09
2017-02-19 04:00:00,35.5
2017-02-19 05:00:00,28.04
2017-02-19 06:00:00,29.17
2017-02-19 07:00:00,29.54
2017-02-19 08:00:00,33.34
2017-02-19 09:00:00,35.25
2017-02-19 10:00:00,42.6
2017-02-19 11:00:00,37.02
2017-02-19 12:00:00,37.77
2017-02-19 13:00:00,35.92
2017-02-19 14:00:00,31.94
2017-02-19 15:00:00,32.17
2017-02-19 16:00:00,31.99
2017-02-19 17:00:00,41.37
2017-02-19 18:00:00,53.65
2017-02-19 19:00:00,58.07
2017-02-19 20:00:00,50.29
2017-02-19 21:00:00,45.69
2017-02-19 22:00:00,44.92
2017-02-19 23:00:00,41.13
2017-02-20 00:00:00,37.53
2017-02-20 01:00:00,35.64
2017-02-20 02:00:00,34.47
2017-02-20 03:00:00,32.95
2017-02-20 04:00:00,31.39
2017-02-20 05:00:00,33.31
2017-02-20 06:00:00,42.3
2017-02-20 07:00:00,59.58
2017-02-20 08:00:00,57.39
2017-02-20 09:00:00,63.83
2017-02-20 10:00:00,59.8
2017-02-20 11:00:00,54.85
2017-02-20 12:00:00,51.47
2017-02-20 13:00:00,49.9
2017-02-20 14:00:00,47.03
2017-02-20 15:00:00,48.25
2017-02-20 16:00:00,50.55
2017-02-20 17:00:00,46.86
2017-02-20 18:00:00,60.94
2017-02-20 19:00:00,54.5
2017-02-20 20:00:00,49.4
2017-02-20 21:00:00,45.9
2017-02-20 22:00:00,45.9
2017-02-20 23:00:00,45.9
2017-02-21 00:00:00,34.21
2017-02-21 01:00:00,31.44
2017-02-21 02:00:00,29.7
2017-02-21 03:00:00,27.64
2017-02-21 04:00:00,26.89
2017-02-21 05:00:00,32.19
2017-02-21 06:00:00,41.04
2017-02-21 07:00:00,48.46
2017-02-21 08:00:00,51.21
2017-02-21 09:00:00,49.4
2017-02-21 10:00:00,49.93
2017-02-21 11:00:00,49.23
2017-02-21 12:00:00,47.1
2017-02-21 13:00:00,46.46
2017-02-21 14:00:00,45.8
2017-02-21 15:00:00,45.8
2017-02-21 16:00:00,43.32
2017-02-21 17:00:00,46.92
2017-02-21 18:00:00,57.42
2017-02-21 19:00:00,45.8
2017-02-21 20:00:00,45.8
2017-02-21 21:00:00,45.34
2017-02-21 22:00:00,43.27
2017-02-21 23:00:00,40.21
2017-02-22 00:00:00,35.47
2017-02-22 01:00:00,24.52
2017-02-22 02:00:00,29.12
2017-02-22 03:00:00,27.35
2017-02-22 04:00:00,27.26
2017-02-22 05:00:00,27.57
2017-02-22 06:00:00,34.01
2017-02-22 07:00:00,43.9
2017-02-22 08:00:00,43.0
2017-02-22 09:00:00,43.0
2017-02-22 10:00:00,43.0
2017-02-22 11:00:00,43.0
2017-02-22 12:00:00,48.1
2017-02-22 13:00:00,48.0
2017-02-22 14:00:00,46.9
2017-02-22 15:00:00,46.01
2017-02-22 16:00:00,43.8
2017-02-22 17:00:00,44.94
2017-02-22 18:00:00,46.44
2017-02-22 19:00:00,45.01
2017-02-22 20:00:00,43.0
2017-02-22 21:00:00,43.0
2017-02-22 22:00:00,41.87
2017-02-22 23:00:00,38.0
2017-02-23 00:00:00,31.0
2017-02-23 01:00:00,30.73
2017-02-23 02:00:00,28.49
2017-02-23 03:00:00,30.0
2017-02-23 04:00:00,20.86
2017-02-23 05:00:00,25.53
2017-02-23 06:00:00,35.0
2017-02-23 07:00:00,46.01
2017-02-23 08:00:00,48.43
2017-02-23 09:00:00,46.41
2017-02-23 10:00:00,43.36
2017-02-23 11:00:00,40.61
2017-02-23 12:00:00,41.23
2017-02-23 13:00:00,40.56
2017-02-23 14:00:00,39.0
2017-02-23 15:00:00,38.8
2017-02-23 16:00:00,39.5
2017-02-23 17:00:00,41.0
2017-02-23 18:00:00,55.63
2017-02-23 19:00:00,44.7
2017-02-23 20:00:00,43.0
2017-02-23 21:00:00,35.0
2017-02-23 22:00:00,42.0
2017-02-23 23:00:00,35.0
2017-02-24 00:00:00,30.07
2017-02-24 01:00:00,30.0
2017-02-24 02:00:00,29.0
2017-02-24 03:00:00,29.9
2017-02-24 04:00:00,30.0
2017-02-24 05:00:00,29.87
2017-02-24 06:00:00,39.6
2017-02-24 07:00:00,45.64
2017-02-24 08:00:00,47.4
2017-02-24 09:00:00,45.98
2017-02-24 10:00:00,45.16
2017-02-24 11:00:00,44.88
2017-02-24 12:00:00,43.86
2017-02-24 13:00:00,42.8
2017-02-24 14:00:00,42.11
2017-02-24 15:00:00,42.66
2017-02-24 16:00:00,44.92
2017-02-24 17:00:00,50.1
2017-02-24 18:00:00,57.52
2017-02-24 19:00:00,58.19
2017-02-24 20:00:00,53.42
2017-02-24 21:00:00,38.06
2017-02-24 22:00:00,39.68
2017-02-24 23:00:00,39.9
2017-02-25 00:00:00,41.18
2017-02-25 01:00:00,39.31
2017-02-25 02:00:00,37.27
2017-02-25 03:00:00,35.91
2017-02-25 04:00:00,35.1
2017-02-25 05:00:00,35.29
2017-02-25 06:00:00,35.13
2017-02-25 07:00:00,41.48
2017-02-25 08:00:00,42.39
2017-02-25 09:00:00,44.05
2017-02-25 10:00:00,46.88
2017-02-25 11:00:00,50.82
2017-02-25 12:00:00,50.0
2017-02-25 13:00:00,40.0
2017-02-25 14:00:00,40.04
2017-02-25 15:00:00,33.8
2017-02-25 16:00:00,34.8
2017-02-25 17:00:00,38.0
2017-02-25 18:00:00,47.73
2017-02-25 19:00:00,47.39
2017-02-25 20:00:00,40.0
2017-02-25 21:00:00,34.1
2017-02-25 22:00:00,33.2
2017-02-25 23:00:00,34.8
2017-02-26 00:00:00,31.28
2017-02-26 01:00:00,29.0
2017-02-26 02:00:00,28.53
2017-02-26 03:00:00,28.51
2017-02-26 04:00:00,28.0
2017-02-26 05:00:00,28.48
2017-02-26 06:00:00,28.71
2017-02-26 07:00:00,28.79
2017-02-26 08:00:00,28.21
2017-02-26 09:00:00,31.54
2017-02-26 10:00:00,32.8
2017-02-26 11:00:00,33.38
2017-02-26 12:00:00,32.13
2017-02-26 13:00:00,28.84
2017-02-26 14:00:00,26.0
2017-02-26 15:00:00,21.2
2017-02-26 16:00:00,17.69
2017-02-26 17:00:00,29.2
2017-02-26 18:00:00,38.79
2017-02-26 19:00:00,42.91
2017-02-26 20:00:00,39.15
2017-02-26 21:00:00,34.82
2017-02-26 22:00:00,32.9
2017-02-26 23:00:00,29.67
2017-02-27 00:00:00,29.9
2017-02-27 01:00:00,30.0
2017-02-27 02:00:00,25.0
2017-02-27 03:00:00,20.89
2017-02-27 04:00:00,20.81
2017-02-27 05:00:00,30.11
2017-02-27 06:00:00,38.66
2017-02-27 07:00:00,47.29
2017-02-27 08:00:00,47.52
2017-02-27 09:00:00,45.7
2017-02-27 10:00:00,48.33
2017-02-27 11:00:00,47.79
2017-02-27 12:00:00,41.76
2017-02-27 13:00:00,40.71
2017-02-27 14:00:00,38.48
2017-02-27 15:00:00,36.45
2017-02-27 16:00:00,36.97
2017-02-27 17:00:00,37.25
2017-02-27 18:00:00,42.98
2017-02-27 19:00:00,44.65
2017-02-27 20:00:00,42.28
2017-02-27 21:00:00,37.39
2017-02-27 22:00:00,40.01
2017-02-27 23:00:00,39.22
2017-02-28 00:00:00,30.9
2017-02-28 01:00:00,27.4
2017-02-28 02:00:00,28.34
2017-02-28 03:00:00,22.0
2017-02-28 04:00:00,21.07
2017-02-28 05:00:00,25.12
2017-02-28 06:00:00,35.63
2017-02-28 07:00:00,37.94
2017-02-28 08:00:00,43.03
2017-02-28 09:00:00,41.7
2017-02-28 10:00:00,42.81
2017-02-28 11:00:00,42.48
2017-02-28 12:00:00,39.49
2017-02-28 13:00:00,39.8
2017-02-28 14:00:00,39.86
2017-02-28 15:00:00,39.17
2017-02-28 16:00:00,39.52
2017-02-28 17:00:00,40.13
2017-02-28 18:00:00,49.2
2017-02-28 19:00:00,53.12
2017-02-28 20:00:00,44.31
2017-02-28 21:00:00,38.78
2017-02-28 22:00:00,40.89
2017-02-28 23:00:00,35.28
2017-03-01 00:00:00,36.0
2017-03-01 01:00:00,31.34
2017-03-01 02:00:00,30.0
2017-03-01 03:00:00,30.63
2017-03-01 04:00:00,29.09
2017-03-01 05:00:00,31.87
2017-03-01 06:00:00,38.71
2017-03-01 07:00:00,46.88
2017-03-01 08:00:00,47.38
2017-03-01 09:00:00,47.47
2017-03-01 10:00:00,46.59
2017-03-01 11:00:00,46.35
2017-03-01 12:00:00,41.0
2017-03-01 13:00:00,42.69
2017-03-01 14:00:00,42.23
2017-03-01 15:00:00,41.67
2017-03-01 16:00:00,41.81
2017-03-01 17:00:00,46.82
2017-03-01 18:00:00,51.99
2017-03-01 19:00:00,51.86
2017-03-01 20:00:00,45.82
2017-03-01 21:00:00,39.06
2017-03-01 22:00:00,39.67
2017-03-01 23:00:00,38.0
2017-03-02 00:00:00,34.64
2017-03-02 01:00:00,31.2
2017-03-02 02:00:00,30.49
2017-03-02 03:00:00,28.8
2017-03-02 04:00:00,28.56
2017-03-02 05:00:00,29.66
2017-03-02 06:00:00,34.95
2017-03-02 07:00:00,40.66
2017-03-02 08:00:00,43.4
2017-03-02 09:00:00,45.78
2017-03-02 10:00:00,41.22
2017-03-02 11:00:00,39.59
2017-03-02 12:00:00,33.1
2017-03-02 13:00:00,32.75
2017-03-02 14:00:00,32.21
2017-03-02 15:00:00,35.07
2017-03-02 16:00:00,39.18
2017-03-02 17:00:00,43.61
2017-03-02 18:00:00,47.1
2017-03-02 19:00:00,50.17
2017-03-02 20:00:00,46.61
2017-03-02 21:00:00,42.93
2017-03-02 22:00:00,42.96
2017-03-02 23:00:00,39.99
2017-03-03 00:00:00,37.88
2017-03-03 01:00:00,36.0
2017-03-03 02:00:00,32.8
2017-03-03 03:00:00,31.68
2017-03-03 04:00:00,30.91
2017-03-03 05:00:00,32.36
2017-03-03 06:00:00,41.91
2017-03-03 07:00:00,48.0
2017-03-03 08:00:00,47.57
2017-03-03 09:00:00,46.5
2017-03-03 10:00:00,43.49
2017-03-03 11:00:00,43.47
2017-03-03 12:00:00,41.02
2017-03-03 13:00:00,39.83
2017-03-03 14:00:00,39.1
2017-03-03 15:00:00,37.3
2017-03-03 16:00:00,36.21
2017-03-03 17:00:00,40.7
2017-03-03 18:00:00,42.18
2017-03-03 19:00:00,44.95
2017-03-03 20:00:00,41.01
2017-03-03 21:00:00,35.29
2017-03-03 22:00:00,36.25
2017-03-03 23:00:00,34.56
2017-03-04 00:00:00,31.6
2017-03-04 01:00:00,30.25
2017-03-04 02:00:00,30.04
2017-03-04 03:00:00,28.44
2017-03-04 04:00:00,28.26
2017-03-04 05:00:00,29.22
2017-03-04 06:00:00,28.44
2017-03-04 07:00:00,30.0
2017-03-04 08:00:00,33.96
2017-03-04 09:00:00,39.34
2017-03-04 10:00:00,40.0
2017-03-04 11:00:00,40.1
2017-03-04 12:00:00,38.86
2017-03-04 13:00:00,35.45
2017-03-04 14:00:00,31.81
2017-03-04 15:00:00,33.67
2017-03-04 16:00:00,34.9
2017-03-04 17:00:00,40.44
2017-03-04 18:00:00,44.69
2017-03-04 19:00:00,47.25
2017-03-04 20:00:00,46.14
2017-03-04 21:00:00,38.82
2017-03-04 22:00:00,39.64
2017-03-04 23:00:00,39.55
2017-03-05 00:00:00,38.32
2017-03-05 01:00:00,30.5
2017-03-05 02:00:00,18.47
2017-03-05 03:00:00,18.36
2017-03-05 04:00:00,17.24
2017-03-05 05:00:00,14.39
2017-03-05 06:00:00,16.78
2017-03-05 07:00:00,16.0
2017-03-05 08:00:00,16.23
2017-03-05 09:00:00,17.25
2017-03-05 10:00:00,16.61
2017-03-05 11:00:00,16.52
2017-03-05 12:00:00,17.83
2017-03-05 13:00:00,16.37
2017-03-05 14:00:00,15.09
2017-03-05 15:00:00,15.27
2017-03-05 16:00:00,17.22
2017-03-05 17:00:00,27.89
2017-03-05 18:00:00,33.69
2017-03-05 19:00:00,37.95
2017-03-05 20:00:00,35.02
2017-03-05 21:00:00,32.85
2017-03-05 22:00:00,32.92
2017-03-05 23:00:00,31.67
2017-03-06 00:00:00,31.49
2017-03-06 01:00:00,29.04
2017-03-06 02:00:00,27.99
2017-03-06 03:00:00,25.35
2017-03-06 04:00:00,27.3
2017-03-06 05:00:00,29.07
2017-03-06 06:00:00,34.98
2017-03-06 07:00:00,42.4
2017-03-06 08:00:00,44.28
2017-03-06 09:00:00,47.03
2017-03-06 10:00:00,46.58
2017-03-06 11:00:00,46.36
2017-03-06 12:00:00,43.92
2017-03-06 13:00:00,39.9
2017-03-06 14:00:00,36.07
2017-03-06 15:00:00,39.9
2017-03-06 16:00:00,42.91
2017-03-06 17:00:00,46.15
2017-03-06 18:00:00,49.59
2017-03-06 19:00:00,50.2
2017-03-06 20:00:00,43.94
2017-03-06 21:00:00,38.34
2017-03-06 22:00:00,37.32
2017-03-06 23:00:00,33.91
2017-03-07 00:00:00,31.07
2017-03-07 01:00:00,30.01
2017-03-07 02:00:00,29.99
2017-03-07 03:00:00,29.64
2017-03-07 04:00:00,30.6
2017-03-07 05:00:00,32.98
2017-03-07 06:00:00,36.0
2017-03-07 07:00:00,50.19
2017-03-07 08:00:00,54.25
2017-03-07 09:00:00,54.1
2017-03-07 10:00:00,53.93
2017-03-07 11:00:00,51.91
2017-03-07 12:00:00,49.9
2017-03-07 13:00:00,49.07
2017-03-07 14:00:00,48.69
2017-03-07 15:00:00,47.75
2017-03-07 16:00:00,48.0
2017-03-07 17:00:00,50.31
2017-03-07 18:00:00,57.52
2017-03-07 19:00:00,61.05
2017-03-07 20:00:00,51.93
2017-03-07 21:00:00,46.99
2017-03-07 22:00:00,45.15
2017-03-07 23:00:00,41.17
2017-03-08 00:00:00,34.42
2017-03-08 01:00:00,32.76
2017-03-08 02:00:00,32.0
2017-03-08 03:00:00,31.38
2017-03-08 04:00:00,31.2
2017-03-08 05:00:00,32.06
2017-03-08 06:00:00,41.03
2017-03-08 07:00:00,49.16
2017-03-08 08:00:00,49.78
2017-03-08 09:00:00,40.76
2017-03-08 10:00:00,44.46
2017-03-08 11:00:00,42.72
2017-03-08 12:00:00,38.81
2017-03-08 13:00:00,38.14
2017-03-08 14:00:00,38.34
2017-03-08 15:00:00,36.03
2017-03-08 16:00:00,34.03
2017-03-08 17:00:00,38.52
2017-03-08 18:00:00,45.06
2017-03-08 19:00:00,47.92
2017-03-08 20:00:00,41.02
2017-03-08 21:00:00,38.28
2017-03-08 22:00:00,37.96
2017-03-08 23:00:00,35.33
2017-03-09 00:00:00,31.77
2017-03-09 01:00:00,30.66
2017-03-09 02:00:00,30.12
2017-03-09 03:00:00,29.3
2017-03-09 04:00:00,29.28
2017-03-09 05:00:00,31.12
2017-03-09 06:00:00,41.59
2017-03-09 07:00:00,48.67
2017-03-09 08:00:00,50.02
2017-03-09 09:00:00,49.02
2017-03-09 10:00:00,48.62
2017-03-09 11:00:00,47.16
2017-03-09 12:00:00,43.69
2017-03-09 13:00:00,41.72
2017-03-09 14:00:00,38.88
2017-03-09 15:00:00,36.89
2017-03-09 16:00:00,35.3
2017-03-09 17:00:00,42.77
2017-03-09 18:00:00,49.81
2017-03-09 19:00:00,53.49
2017-03-09 20:00:00,43.79
2017-03-09 21:00:00,39.94
2017-03-09 22:00:00,37.75
2017-03-09 23:00:00,36.93
2017-03-10 00:00:00,33.56
2017-03-10 01:00:00,29.67
2017-03-10 02:00:00,30.66
2017-03-10 03:00:00,30.64
2017-03-10 04:00:00,27.78
2017-03-10 05:00:00,30.13
2017-03-10 06:00:00,36.98
2017-03-10 07:00:00,45.26
2017-03-10 08:00:00,46.54
2017-03-10 09:00:00,44.11
2017-03-10 10:00:00,41.46
2017-03-10 11:00:00,38.84
2017-03-10 12:00:00,35.98
2017-03-10 13:00:00,34.64
2017-03-10 14:00:00,33.26
2017-03-10 15:00:00,33.54
2017-03-10 16:00:00,36.07
2017-03-10 17:00:00,40.37
2017-03-10 18:00:00,49.17
2017-03-10 19:00:00,53.56
2017-03-10 20:00:00,45.88
2017-03-10 21:00:00,39.67
2017-03-10 22:00:00,37.71
2017-03-10 23:00:00,34.25
2017-03-11 00:00:00,33.02
2017-03-11 01:00:00,31.54
2017-03-11 02:00:00,30.13
2017-03-11 03:00:00,29.64
2017-03-11 04:00:00,29.07
2017-03-11 05:00:00,30.0
2017-03-11 06:00:00,31.77
2017-03-11 07:00:00,32.4
2017-03-11 08:00:00,35.0
2017-03-11 09:00:00,35.05
2017-03-11 10:00:00,33.5
2017-03-11 11:00:00,32.45
2017-03-11 12:00:00,31.07
2017-03-11 13:00:00,30.19
2017-03-11 14:00:00,30.0
2017-03-11 15:00:00,29.98
2017-03-11 16:00:00,30.81
2017-03-11 17:00:00,34.66
2017-03-11 18:00:00,43.97
2017-03-11 19:00:00,45.91
2017-03-11 20:00:00,38.1
2017-03-11 21:00:00,32.26
2017-03-11 22:00:00,32.11
2017-03-11 23:00:00,38.61
2017-03-12 00:00:00,29.98
2017-03-12 01:00:00,26.56
2017-03-12 02:00:00,25.42
2017-03-12 03:00:00,21.26
2017-03-12 04:00:00,16.61
2017-03-12 05:00:00,17.9
2017-03-12 06:00:00,19.35
2017-03-12 07:00:00,17.33
2017-03-12 08:00:00,17.32
2017-03-12 09:00:00,18.96
2017-03-12 10:00:00,23.1
2017-03-12 11:00:00,20.41
2017-03-12 12:00:00,23.52
2017-03-12 13:00:00,17.34
2017-03-12 14:00:00,15.99
2017-03-12 15:00:00,15.09
2017-03-12 16:00:00,15.13
2017-03-12 17:00:00,24.78
2017-03-12 18:00:00,31.35
2017-03-12 19:00:00,44.81
2017-03-12 20:00:00,45.24
2017-03-12 21:00:00,34.76
2017-03-12 22:00:00,37.5
2017-03-12 23:00:00,34.09
2017-03-13 00:00:00,27.04
2017-03-13 01:00:00,27.13
2017-03-13 02:00:00,26.9
2017-03-13 03:00:00,27.02
2017-03-13 04:00:00,27.77
2017-03-13 05:00:00,29.64
2017-03-13 06:00:00,33.83
2017-03-13 07:00:00,41.0
2017-03-13 08:00:00,42.86
2017-03-13 09:00:00,40.0
2017-03-13 10:00:00,34.57
2017-03-13 11:00:00,32.89
2017-03-13 12:00:00,31.97
2017-03-13 13:00:00,32.2
2017-03-13 14:00:00,31.7
2017-03-13 15:00:00,32.0
2017-03-13 16:00:00,36.61
2017-03-13 17:00:00,41.82
2017-03-13 18:00:00,49.9
2017-03-13 19:00:00,56.99
2017-03-13 20:00:00,49.51
2017-03-13 21:00:00,44.94
2017-03-13 22:00:00,39.96
2017-03-13 23:00:00,33.55
2017-03-14 00:00:00,29.58
2017-03-14 01:00:00,28.61
2017-03-14 02:00:00,27.73
2017-03-14 03:00:00,27.75
2017-03-14 04:00:00,28.43
2017-03-14 05:00:00,29.49
2017-03-14 06:00:00,37.72
2017-03-14 07:00:00,44.92
2017-03-14 08:00:00,47.1
2017-03-14 09:00:00,47.28
2017-03-14 10:00:00,43.64
2017-03-14 11:00:00,40.38
2017-03-14 12:00:00,36.02
2017-03-14 13:00:00,34.98
2017-03-14 14:00:00,34.07
2017-03-14 15:00:00,33.87
2017-03-14 16:00:00,35.0
2017-03-14 17:00:00,41.29
2017-03-14 18:00:00,45.58
2017-03-14 19:00:00,48.31
2017-03-14 20:00:00,43.08
2017-03-14 21:00:00,36.16
2017-03-14 22:00:00,35.13
2017-03-14 23:00:00,33.24
2017-03-15 00:00:00,30.97
2017-03-15 01:00:00,29.7
2017-03-15 02:00:00,28.16
2017-03-15 03:00:00,29.94
2017-03-15 04:00:00,30.42
2017-03-15 05:00:00,30.71
2017-03-15 06:00:00,38.42
2017-03-15 07:00:00,44.82
2017-03-15 08:00:00,46.44
2017-03-15 09:00:00,46.58
2017-03-15 10:00:00,40.67
2017-03-15 11:00:00,36.95
2017-03-15 12:00:00,34.26
2017-03-15 13:00:00,33.25
2017-03-15 14:00:00,32.9
2017-03-15 15:00:00,32.89
2017-03-15 16:00:00,33.06
2017-03-15 17:00:00,41.0
2017-03-15 18:00:00,47.97
2017-03-15 19:00:00,52.09
2017-03-15 20:00:00,46.63
2017-03-15 21:00:00,38.1
2017-03-15 22:00:00,34.82
2017-03-15 23:00:00,31.59
2017-03-16 00:00:00,31.31
2017-03-16 01:00:00,30.53
2017-03-16 02:00:00,30.37
2017-03-16 03:00:00,28.29
2017-03-16 04:00:00,29.37
2017-03-16 05:00:00,30.71
2017-03-16 06:00:00,38.48
2017-03-16 07:00:00,45.18
2017-03-16 08:00:00,44.74
2017-03-16 09:00:00,43.74
2017-03-16 10:00:00,37.19
2017-03-16 11:00:00,38.5
2017-03-16 12:00:00,33.1
2017-03-16 13:00:00,31.31
2017-03-16 14:00:00,30.19
2017-03-16 15:00:00,30.28
2017-03-16 16:00:00,33.5
2017-03-16 17:00:00,39.9
2017-03-16 18:00:00,45.59
2017-03-16 19:00:00,50.1
2017-03-16 20:00:00,42.92
2017-03-16 21:00:00,36.36
2017-03-16 22:00:00,36.45
2017-03-16 23:00:00,33.94
2017-03-17 00:00:00,30.42
2017-03-17 01:00:00,29.96
2017-03-17 02:00:00,29.9
2017-03-17 03:00:00,25.1
2017-03-17 04:00:00,26.71
2017-03-17 05:00:00,29.31
2017-03-17 06:00:00,40.12
2017-03-17 07:00:00,43.18
2017-03-17 08:00:00,47.98
2017-03-17 09:00:00,47.3
2017-03-17 10:00:00,40.42
2017-03-17 11:00:00,33.37
2017-03-17 12:00:00,34.23
2017-03-17 13:00:00,32.23
2017-03-17 14:00:00,30.16
2017-03-17 15:00:00,29.99
2017-03-17 16:00:00,29.99
2017-03-17 17:00:00,30.96
2017-03-17 18:00:00,38.1
2017-03-17 19:00:00,43.7
2017-03-17 20:00:00,37.22
2017-03-17 21:00:00,33.21
2017-03-17 22:00:00,33.6
2017-03-17 23:00:00,31.15
2017-03-18 00:00:00,29.91
2017-03-18 01:00:00,28.26
2017-03-18 02:00:00,23.93
2017-03-18 03:00:00,21.49
2017-03-18 04:00:00,11.36
2017-03-18 05:00:00,16.39
2017-03-18 06:00:00,23.36
2017-03-18 07:00:00,23.37
2017-03-18 08:00:00,25.7
2017-03-18 09:00:00,28.52
2017-03-18 10:00:00,29.61
2017-03-18 11:00:00,30.21
2017-03-18 12:00:00,29.02
2017-03-18 13:00:00,24.01
2017-03-18 14:00:00,20.51
2017-03-18 15:00:00,18.66
2017-03-18 16:00:00,27.38
2017-03-18 17:00:00,29.87
2017-03-18 18:00:00,32.31
2017-03-18 19:00:00,42.3
2017-03-18 20:00:00,42.28
2017-03-18 21:00:00,34.0
2017-03-18 22:00:00,39.66
2017-03-18 23:00:00,37.66
2017-03-19 00:00:00,24.56
2017-03-19 01:00:00,15.79
2017-03-19 02:00:00,16.12
2017-03-19 03:00:00,12.67
2017-03-19 04:00:00,13.43
2017-03-19 05:00:00,12.47
2017-03-19 06:00:00,11.62
2017-03-19 07:00:00,9.64
2017-03-19 08:00:00,13.73
2017-03-19 09:00:00,18.44
2017-03-19 10:00:00,25.78
2017-03-19 11:00:00,21.14
2017-03-19 12:00:00,22.05
2017-03-19 13:00:00,17.44
2017-03-19 14:00:00,14.91
2017-03-19 15:00:00,14.46
2017-03-19 16:00:00,14.46
2017-03-19 17:00:00,15.37
2017-03-19 18:00:00,25.89
2017-03-19 19:00:00,30.82
2017-03-19 20:00:00,29.4
2017-03-19 21:00:00,29.4
2017-03-19 22:00:00,29.4
2017-03-19 23:00:00,29.32
2017-03-20 00:00:00,25.24
2017-03-20 01:00:00,24.15
2017-03-20 02:00:00,22.84
2017-03-20 03:00:00,22.75
2017-03-20 04:00:00,22.06
2017-03-20 05:00:00,26.08
2017-03-20 06:00:00,36.3
2017-03-20 07:00:00,40.98
2017-03-20 08:00:00,42.31
2017-03-20 09:00:00,40.89
2017-03-20 10:00:00,39.73
2017-03-20 11:00:00,40.33
2017-03-20 12:00:00,35.0
2017-03-20 13:00:00,33.02
2017-03-20 14:00:00,32.21
2017-03-20 15:00:00,30.82
2017-03-20 16:00:00,30.56
2017-03-20 17:00:00,32.0
2017-03-20 18:00:00,38.38
2017-03-20 19:00:00,41.94
2017-03-20 20:00:00,36.82
2017-03-20 21:00:00,33.57
2017-03-20 22:00:00,31.38
2017-03-20 23:00:00,30.36
2017-03-21 00:00:00,27.28
2017-03-21 01:00:00,25.1
2017-03-21 02:00:00,24.01
2017-03-21 03:00:00,20.67
2017-03-21 04:00:00,22.6
2017-03-21 05:00:00,28.41
2017-03-21 06:00:00,33.98
2017-03-21 07:00:00,41.72
2017-03-21 08:00:00,43.65
2017-03-21 09:00:00,41.8
2017-03-21 10:00:00,41.93
2017-03-21 11:00:00,38.08
2017-03-21 12:00:00,33.28
2017-03-21 13:00:00,33.25
2017-03-21 14:00:00,33.84
2017-03-21 15:00:00,36.49
2017-03-21 16:00:00,37.04
2017-03-21 17:00:00,41.4
2017-03-21 18:00:00,45.99
2017-03-21 19:00:00,51.6
2017-03-21 20:00:00,47.35
2017-03-21 21:00:00,37.75
2017-03-21 22:00:00,45.28
2017-03-21 23:00:00,34.81
2017-03-22 00:00:00,30.45
2017-03-22 01:00:00,29.98
2017-03-22 02:00:00,29.2
2017-03-22 03:00:00,29.05
2017-03-22 04:00:00,29.05
2017-03-22 05:00:00,30.41
2017-03-22 06:00:00,35.19
2017-03-22 07:00:00,40.19
2017-03-22 08:00:00,43.02
2017-03-22 09:00:00,41.74
2017-03-22 10:00:00,37.54
2017-03-22 11:00:00,36.69
2017-03-22 12:00:00,36.25
2017-03-22 13:00:00,35.95
2017-03-22 14:00:00,35.02
2017-03-22 15:00:00,36.35
2017-03-22 16:00:00,36.9
2017-03-22 17:00:00,39.6
2017-03-22 18:00:00,42.4
2017-03-22 19:00:00,47.04
2017-03-22 20:00:00,42.93
2017-03-22 21:00:00,37.39
2017-03-22 22:00:00,37.28
2017-03-22 23:00:00,34.7
2017-03-23 00:00:00,33.76
2017-03-23 01:00:00,29.1
2017-03-23 02:00:00,28.91
2017-03-23 03:00:00,28.65
2017-03-23 04:00:00,28.53
2017-03-23 05:00:00,30.72
2017-03-23 06:00:00,32.38
2017-03-23 07:00:00,39.61
2017-03-23 08:00:00,40.5
2017-03-23 09:00:00,38.91
2017-03-23 10:00:00,37.1
2017-03-23 11:00:00,37.1
2017-03-23 12:00:00,30.1
2017-03-23 13:00:00,30.0
2017-03-23 14:00:00,35.68
2017-03-23 15:00:00,33.61
2017-03-23 16:00:00,34.76
2017-03-23 17:00:00,37.92
2017-03-23 18:00:00,40.0
2017-03-23 19:00:00,49.25
2017-03-23 20:00:00,42.42
2017-03-23 21:00:00,35.13
2017-03-23 22:00:00,34.7
2017-03-23 23:00:00,37.17
2017-03-24 00:00:00,28.7
2017-03-24 01:00:00,28.89
2017-03-24 02:00:00,29.18
2017-03-24 03:00:00,28.87
2017-03-24 04:00:00,29.0
2017-03-24 05:00:00,30.14
2017-03-24 06:00:00,37.91
2017-03-24 07:00:00,41.69
2017-03-24 08:00:00,43.79
2017-03-24 09:00:00,41.09
2017-03-24 10:00:00,35.71
2017-03-24 11:00:00,33.07
2017-03-24 12:00:00,32.09
2017-03-24 13:00:00,32.59
2017-03-24 14:00:00,28.9
2017-03-24 15:00:00,30.21
2017-03-24 16:00:00,31.2
2017-03-24 17:00:00,36.63
2017-03-24 18:00:00,40.59
2017-03-24 19:00:00,42.96
2017-03-24 20:00:00,38.92
2017-03-24 21:00:00,34.85
2017-03-24 22:00:00,34.37
2017-03-24 23:00:00,32.48
2017-03-25 00:00:00,32.64
2017-03-25 01:00:00,29.14
2017-03-25 02:00:00,28.32
2017-03-25 03:00:00,27.13
2017-03-25 04:00:00,27.02
2017-03-25 05:00:00,27.56
2017-03-25 06:00:00,28.55
2017-03-25 07:00:00,29.92
2017-03-25 08:00:00,30.21
2017-03-25 09:00:00,34.64
2017-03-25 10:00:00,29.21
2017-03-25 11:00:00,27.3
2017-03-25 12:00:00,25.34
2017-03-25 13:00:00,21.09
2017-03-25 14:00:00,15.97
2017-03-25 15:00:00,20.07
2017-03-25 16:00:00,21.62
2017-03-25 17:00:00,28.04
2017-03-25 18:00:00,33.85
2017-03-25 19:00:00,39.17
2017-03-25 20:00:00,37.6
2017-03-25 21:00:00,33.31
2017-03-25 22:00:00,32.94
2017-03-25 23:00:00,29.42
2017-03-26 00:00:00,31.12
2017-03-26 01:00:00,28.33
2017-03-26 03:00:00,26.97
2017-03-26 04:00:00,26.62
2017-03-26 05:00:00,24.65
2017-03-26 06:00:00,26.87
2017-03-26 07:00:00,27.67
2017-03-26 08:00:00,28.76
2017-03-26 09:00:00,29.86
2017-03-26 10:00:00,30.75
2017-03-26 11:00:00,29.17
2017-03-26 12:00:00,28.79
2017-03-26 13:00:00,23.7
2017-03-26 14:00:00,16.17
2017-03-26 15:00:00,16.97
2017-03-26 16:00:00,17.65
2017-03-26 17:00:00,22.22
2017-03-26 18:00:00,32.34
2017-03-26 19:00:00,35.82
2017-03-26 20:00:00,40.07
2017-03-26 21:00:00,39.64
2017-03-26 22:00:00,38.79
2017-03-26 23:00:00,38.06
2017-03-27 00:00:00,35.0
2017-03-27 01:00:00,29.25
2017-03-27 02:00:00,29.2
2017-03-27 03:00:00,28.87
2017-03-27 04:00:00,27.8
2017-03-27 05:00:00,30.1
2017-03-27 06:00:00,39.31
2017-03-27 07:00:00,48.0
2017-03-27 08:00:00,48.16
2017-03-27 09:00:00,40.91
2017-03-27 10:00:00,36.56
2017-03-27 11:00:00,33.24
2017-03-27 12:00:00,30.48
2017-03-27 13:00:00,29.67
2017-03-27 14:00:00,29.11
2017-03-27 15:00:00,28.92
2017-03-27 16:00:00,29.9
2017-03-27 17:00:00,32.35
2017-03-27 18:00:00,40.0
2017-03-27 19:00:00,46.99
2017-03-27 20:00:00,46.27
2017-03-27 21:00:00,39.98
2017-03-27 22:00:00,37.94
2017-03-27 23:00:00,32.4
2017-03-28 00:00:00,28.71
2017-03-28 01:00:00,28.07
2017-03-28 02:00:00,27.43
2017-03-28 03:00:00,27.24
2017-03-28 04:00:00,27.72
2017-03-28 05:00:00,29.06
2017-03-28 06:00:00,38.91
2017-03-28 07:00:00,46.13
2017-03-28 08:00:00,50.0
2017-03-28 09:00:00,43.03
2017-03-28 10:00:00,39.97
2017-03-28 11:00:00,37.4
2017-03-28 12:00:00,32.29
2017-03-28 13:00:00,30.71
2017-03-28 14:00:00,29.98
2017-03-28 15:00:00,30.0
2017-03-28 16:00:00,30.05
2017-03-28 17:00:00,32.16
2017-03-28 18:00:00,37.46
2017-03-28 19:00:00,41.41
2017-03-28 20:00:00,41.01
2017-03-28 21:00:00,36.4
2017-03-28 22:00:00,33.56
2017-03-28 23:00:00,30.0
2017-03-29 00:00:00,28.73
2017-03-29 01:00:00,27.44
2017-03-29 02:00:00,26.84
2017-03-29 03:00:00,26.07
2017-03-29 04:00:00,26.09
2017-03-29 05:00:00,26.95
2017-03-29 06:00:00,36.3
2017-03-29 07:00:00,42.57
2017-03-29 08:00:00,47.51
2017-03-29 09:00:00,42.52
2017-03-29 10:00:00,43.55
2017-03-29 11:00:00,43.88
2017-03-29 12:00:00,33.31
2017-03-29 13:00:00,31.32
2017-03-29 14:00:00,31.0
2017-03-29 15:00:00,29.52
2017-03-29 16:00:00,30.65
2017-03-29 17:00:00,31.23
2017-03-29 18:00:00,35.19
2017-03-29 19:00:00,40.47
2017-03-29 20:00:00,41.81
2017-03-29 21:00:00,37.66
2017-03-29 22:00:00,35.07
2017-03-29 23:00:00,30.72
2017-03-30 00:00:00,28.73
2017-03-30 01:00:00,28.02
2017-03-30 02:00:00,27.3
2017-03-30 03:00:00,26.38
2017-03-30 04:00:00,26.78
2017-03-30 05:00:00,28.5
2017-03-30 06:00:00,34.29
2017-03-30 07:00:00,43.06
2017-03-30 08:00:00,46.01
2017-03-30 09:00:00,42.86
2017-03-30 10:00:00,39.93
2017-03-30 11:00:00,38.42
2017-03-30 12:00:00,33.01
2017-03-30 13:00:00,30.98
2017-03-30 14:00:00,29.58
2017-03-30 15:00:00,29.07
2017-03-30 16:00:00,28.93
2017-03-30 17:00:00,30.43
2017-03-30 18:00:00,35.93
2017-03-30 19:00:00,40.46
2017-03-30 20:00:00,40.07
2017-03-30 21:00:00,35.0
2017-03-30 22:00:00,32.47
2017-03-30 23:00:00,28.94
2017-03-31 00:00:00,26.91
2017-03-31 01:00:00,25.25
2017-03-31 02:00:00,24.45
2017-03-31 03:00:00,23.05
2017-03-31 04:00:00,23.45
2017-03-31 05:00:00,27.24
2017-03-31 06:00:00,33.09
2017-03-31 07:00:00,37.95
2017-03-31 08:00:00,38.99
2017-03-31 09:00:00,37.97
2017-03-31 10:00:00,35.93
2017-03-31 11:00:00,33.32
2017-03-31 12:00:00,32.22
2017-03-31 13:00:00,30.0
2017-03-31 14:00:00,29.6
2017-03-31 15:00:00,29.44
2017-03-31 16:00:00,29.15
2017-03-31 17:00:00,30.43
2017-03-31 18:00:00,34.67
2017-03-31 19:00:00,38.98
2017-03-31 20:00:00,39.96
2017-03-31 21:00:00,38.88
2017-03-31 22:00:00,39.19
2017-03-31 23:00:00,44.64
2017-04-01 00:00:00,37.86
2017-04-01 01:00:00,29.28
2017-04-01 02:00:00,28.08
2017-04-01 03:00:00,26.9
2017-04-01 04:00:00,27.0
2017-04-01 05:00:00,27.98
2017-04-01 06:00:00,29.87
2017-04-01 07:00:00,32.09
2017-04-01 08:00:00,34.42
2017-04-01 09:00:00,35.1
2017-04-01 10:00:00,40.04
2017-04-01 11:00:00,40.66
2017-04-01 12:00:00,41.68
2017-04-01 13:00:00,35.39
2017-04-01 14:00:00,29.0
2017-04-01 15:00:00,26.19
2017-04-01 16:00:00,29.0
2017-04-01 17:00:00,33.1
2017-04-01 18:00:00,37.07
2017-04-01 19:00:00,39.6
2017-04-01 20:00:00,39.6
2017-04-01 21:00:00,38.98
2017-04-01 22:00:00,37.96
2017-04-01 23:00:00,40.04
2017-04-02 00:00:00,32.92
2017-04-02 01:00:00,30.3
2017-04-02 02:00:00,28.79
2017-04-02 03:00:00,27.41
2017-04-02 04:00:00,26.49
2017-04-02 05:00:00,26.42
2017-04-02 06:00:00,27.41
2017-04-02 07:00:00,28.8
2017-04-02 08:00:00,29.06
2017-04-02 09:00:00,29.99
2017-04-02 10:00:00,31.66
2017-04-02 11:00:00,30.71
2017-04-02 12:00:00,29.0
2017-04-02 13:00:00,26.58
2017-04-02 14:00:00,25.77
2017-04-02 15:00:00,25.01
2017-04-02 16:00:00,23.31
2017-04-02 17:00:00,26.0
2017-04-02 18:00:00,29.6
2017-04-02 19:00:00,39.1
2017-04-02 20:00:00,42.22
2017-04-02 21:00:00,49.11
2017-04-02 22:00:00,41.0
2017-04-02 23:00:00,42.27
2017-04-03 00:00:00,44.11
2017-04-03 01:00:00,31.95
2017-04-03 02:00:00,29.88
2017-04-03 03:00:00,28.75
2017-04-03 04:00:00,28.44
2017-04-03 05:00:00,31.64
2017-04-03 06:00:00,41.77
2017-04-03 07:00:00,49.28
2017-04-03 08:00:00,54.02
2017-04-03 09:00:00,50.0
2017-04-03 10:00:00,48.43
2017-04-03 11:00:00,44.95
2017-04-03 12:00:00,38.93
2017-04-03 13:00:00,36.68
2017-04-03 14:00:00,32.94
2017-04-03 15:00:00,30.91
2017-04-03 16:00:00,31.72
2017-04-03 17:00:00,32.19
2017-04-03 18:00:00,37.46
2017-04-03 19:00:00,41.78
2017-04-03 20:00:00,43.59
2017-04-03 21:00:00,38.97
2017-04-03 22:00:00,35.18
2017-04-03 23:00:00,31.08
2017-04-04 00:00:00,35.0
2017-04-04 01:00:00,30.13
2017-04-04 02:00:00,29.29
2017-04-04 03:00:00,29.47
2017-04-04 04:00:00,29.8
2017-04-04 05:00:00,31.83
2017-04-04 06:00:00,41.17
2017-04-04 07:00:00,51.01
2017-04-04 08:00:00,52.39
2017-04-04 09:00:00,50.94
2017-04-04 10:00:00,43.3
2017-04-04 11:00:00,42.33
2017-04-04 12:00:00,39.16
2017-04-04 13:00:00,37.72
2017-04-04 14:00:00,34.6
2017-04-04 15:00:00,34.45
2017-04-04 16:00:00,34.45
2017-04-04 17:00:00,37.49
2017-04-04 18:00:00,41.59
2017-04-04 19:00:00,45.26
2017-04-04 20:00:00,47.57
2017-04-04 21:00:00,40.07
2017-04-04 22:00:00,38.91
2017-04-04 23:00:00,34.96
2017-04-05 00:00:00,30.0
2017-04-05 01:00:00,29.64
2017-04-05 02:00:00,28.39
2017-04-05 03:00:00,27.94
2017-04-05 04:00:00,27.49
2017-04-05 05:00:00,29.65
2017-04-05 06:00:00,37.1
2017-04-05 07:00:00,44.2
2017-04-05 08:00:00,48.1
2017-04-05 09:00:00,45.58
2017-04-05 10:00:00,43.33
2017-04-05 11:00:00,43.3
2017-04-05 12:00:00,49.0
2017-04-05 13:00:00,37.43
2017-04-05 14:00:00,36.7
2017-04-05 15:00:00,36.7
2017-04-05 16:00:00,36.7
2017-04-05 17:00:00,38.2
2017-04-05 18:00:00,47.0
2017-04-05 19:00:00,43.6
2017-04-05 20:00:00,47.0
2017-04-05 21:00:00,47.0
2017-04-05 22:00:00,47.0
2017-04-05 23:00:00,47.0
2017-04-06 00:00:00,37.7
2017-04-06 01:00:00,31.8
2017-04-06 02:00:00,30.26
2017-04-06 03:00:00,31.5
2017-04-06 04:00:00,31.5
2017-04-06 05:00:00,30.34
2017-04-06 06:00:00,38.7
2017-04-06 07:00:00,44.22
2017-04-06 08:00:00,47.3
2017-04-06 09:00:00,51.5
2017-04-06 10:00:00,51.2
2017-04-06 11:00:00,82.0
2017-04-06 12:00:00,47.3
2017-04-06 13:00:00,45.9
2017-04-06 14:00:00,39.0
2017-04-06 15:00:00,39.0
2017-04-06 16:00:00,39.0
2017-04-06 17:00:00,32.12
2017-04-06 18:00:00,38.05
2017-04-06 19:00:00,40.98
2017-04-06 20:00:00,40.87
2017-04-06 21:00:00,38.04
2017-04-06 22:00:00,38.7
2017-04-06 23:00:00,40.9
2017-04-07 00:00:00,35.19
2017-04-07 01:00:00,32.6
2017-04-07 02:00:00,30.38
2017-04-07 03:00:00,29.9
2017-04-07 04:00:00,29.9
2017-04-07 05:00:00,30.4
2017-04-07 06:00:00,40.82
2017-04-07 07:00:00,50.0
2017-04-07 08:00:00,54.89
2017-04-07 09:00:00,71.01
2017-04-07 10:00:00,50.92
2017-04-07 11:00:00,52.43
2017-04-07 12:00:00,40.47
2017-04-07 13:00:00,38.26
2017-04-07 14:00:00,38.6
2017-04-07 15:00:00,32.97
2017-04-07 16:00:00,32.98
2017-04-07 17:00:00,36.09
2017-04-07 18:00:00,39.12
2017-04-07 19:00:00,39.91
2017-04-07 20:00:00,39.96
2017-04-07 21:00:00,39.31
2017-04-07 22:00:00,39.66
2017-04-07 23:00:00,38.6
2017-04-08 00:00:00,32.71
2017-04-08 01:00:00,32.28
2017-04-08 02:00:00,32.81
2017-04-08 03:00:00,31.5
2017-04-08 04:00:00,30.44
2017-04-08 05:00:00,31.7
2017-04-08 06:00:00,34.72
2017-04-08 07:00:00,37.91
2017-04-08 08:00:00,39.43
2017-04-08 09:00:00,38.99
2017-04-08 10:00:00,39.3
2017-04-08 11:00:00,34.94
2017-04-08 12:00:00,30.66
2017-04-08 13:00:00,29.97
2017-04-08 14:00:00,28.83
2017-04-08 15:00:00,29.62
2017-04-08 16:00:00,29.8
2017-04-08 17:00:00,31.28
2017-04-08 18:00:00,35.85
2017-04-08 19:00:00,39.3
2017-04-08 20:00:00,41.88
2017-04-08 21:00:00,41.58
2017-04-08 22:00:00,42.07
2017-04-08 23:00:00,39.02
2017-04-09 00:00:00,33.98
2017-04-09 01:00:00,34.0
2017-04-09 02:00:00,34.65
2017-04-09 03:00:00,33.25
2017-04-09 04:00:00,28.46
2017-04-09 05:00:00,28.65
2017-04-09 06:00:00,29.82
2017-04-09 07:00:00,30.52
2017-04-09 08:00:00,30.63
2017-04-09 09:00:00,29.44
2017-04-09 10:00:00,27.78
2017-04-09 11:00:00,27.0
2017-04-09 12:00:00,27.16
2017-04-09 13:00:00,26.33
2017-04-09 14:00:00,23.66
2017-04-09 15:00:00,15.0
2017-04-09 16:00:00,20.94
2017-04-09 17:00:00,27.34
2017-04-09 18:00:00,32.4
2017-04-09 19:00:00,38.24
2017-04-09 20:00:00,39.53
2017-04-09 21:00:00,37.57
2017-04-09 22:00:00,37.84
2017-04-09 23:00:00,32.58
2017-04-10 00:00:00,30.43
2017-04-10 01:00:00,25.9
2017-04-10 02:00:00,25.77
2017-04-10 03:00:00,22.31
2017-04-10 04:00:00,24.75
2017-04-10 05:00:00,28.04
2017-04-10 06:00:00,39.71
2017-04-10 07:00:00,42.91
2017-04-10 08:00:00,41.0
2017-04-10 09:00:00,47.71
2017-04-10 10:00:00,47.94
2017-04-10 11:00:00,51.72
2017-04-10 12:00:00,39.72
2017-04-10 13:00:00,37.0
2017-04-10 14:00:00,34.93
2017-04-10 15:00:00,31.6
2017-04-10 16:00:00,30.16
2017-04-10 17:00:00,38.19
2017-04-10 18:00:00,46.58
2017-04-10 19:00:00,38.32
2017-04-10 20:00:00,38.74
2017-04-10 21:00:00,38.13
2017-04-10 22:00:00,42.89
2017-04-10 23:00:00,35.0
2017-04-11 00:00:00,39.9
2017-04-11 01:00:00,30.68
2017-04-11 02:00:00,28.68
2017-04-11 03:00:00,27.81
2017-04-11 04:00:00,26.49
2017-04-11 05:00:00,28.78
2017-04-11 06:00:00,37.91
2017-04-11 07:00:00,47.3
2017-04-11 08:00:00,50.21
2017-04-11 09:00:00,62.52
2017-04-11 10:00:00,47.75
2017-04-11 11:00:00,43.03
2017-04-11 12:00:00,38.59
2017-04-11 13:00:00,36.7
2017-04-11 14:00:00,36.15
2017-04-11 15:00:00,32.0
2017-04-11 16:00:00,31.83
2017-04-11 17:00:00,35.3
2017-04-11 18:00:00,37.95
2017-04-11 19:00:00,43.1
2017-04-11 20:00:00,43.27
2017-04-11 21:00:00,38.38
2017-04-11 22:00:00,37.08
2017-04-11 23:00:00,32.71
2017-04-12 00:00:00,33.66
2017-04-12 01:00:00,27.07
2017-04-12 02:00:00,31.09
2017-04-12 03:00:00,29.0
2017-04-12 04:00:00,27.0
2017-04-12 05:00:00,32.97
2017-04-12 06:00:00,38.99
2017-04-12 07:00:00,45.86
2017-04-12 08:00:00,50.06
2017-04-12 09:00:00,50.04
2017-04-12 10:00:00,41.9
2017-04-12 11:00:00,37.7
2017-04-12 12:00:00,37.4
2017-04-12 13:00:00,34.9
2017-04-12 14:00:00,32.4
2017-04-12 15:00:00,30.0
2017-04-12 16:00:00,31.8
2017-04-12 17:00:00,31.97
2017-04-12 18:00:00,31.9
2017-04-12 19:00:00,41.9
2017-04-12 20:00:00,39.47
2017-04-12 21:00:00,47.17
2017-04-12 22:00:00,42.51
2017-04-12 23:00:00,39.3
2017-04-13 00:00:00,31.0
2017-04-13 01:00:00,28.94
2017-04-13 02:00:00,30.29
2017-04-13 03:00:00,25.63
2017-04-13 04:00:00,26.87
2017-04-13 05:00:00,27.31
2017-04-13 06:00:00,31.95
2017-04-13 07:00:00,39.49
2017-04-13 08:00:00,43.3
2017-04-13 09:00:00,45.0
2017-04-13 10:00:00,45.0
2017-04-13 11:00:00,45.74
2017-04-13 12:00:00,40.0
2017-04-13 13:00:00,40.0
2017-04-13 14:00:00,37.4
2017-04-13 15:00:00,37.2
2017-04-13 16:00:00,31.84
2017-04-13 17:00:00,33.3
2017-04-13 18:00:00,35.93
2017-04-13 19:00:00,40.0
2017-04-13 20:00:00,42.24
2017-04-13 21:00:00,39.86
2017-04-13 22:00:00,40.2
2017-04-13 23:00:00,38.77
2017-04-14 00:00:00,34.75
2017-04-14 01:00:00,31.17
2017-04-14 02:00:00,29.73
2017-04-14 03:00:00,28.27
2017-04-14 04:00:00,27.38
2017-04-14 05:00:00,29.8
2017-04-14 06:00:00,35.1
2017-04-14 07:00:00,42.19
2017-04-14 08:00:00,44.98
2017-04-14 09:00:00,51.85
2017-04-14 10:00:00,51.54
2017-04-14 11:00:00,48.91
2017-04-14 12:00:00,38.53
2017-04-14 13:00:00,37.4
2017-04-14 14:00:00,36.26
2017-04-14 15:00:00,32.06
2017-04-14 16:00:00,31.88
2017-04-14 17:00:00,33.87
2017-04-14 18:00:00,36.9
2017-04-14 19:00:00,38.74
2017-04-14 20:00:00,38.37
2017-04-14 21:00:00,38.55
2017-04-14 22:00:00,37.45
2017-04-14 23:00:00,39.82
2017-04-15 00:00:00,38.82
2017-04-15 01:00:00,31.39
2017-04-15 02:00:00,29.82
2017-04-15 03:00:00,28.5
2017-04-15 04:00:00,28.74
2017-04-15 05:00:00,28.51
2017-04-15 06:00:00,30.39
2017-04-15 07:00:00,31.74
2017-04-15 08:00:00,41.55
2017-04-15 09:00:00,42.02
2017-04-15 10:00:00,43.5
2017-04-15 11:00:00,38.0
2017-04-15 12:00:00,35.96
2017-04-15 13:00:00,29.98
2017-04-15 14:00:00,28.0
2017-04-15 15:00:00,27.5
2017-04-15 16:00:00,28.0
2017-04-15 17:00:00,34.0
2017-04-15 18:00:00,40.0
2017-04-15 19:00:00,37.4
2017-04-15 20:00:00,42.6
2017-04-15 21:00:00,48.0
2017-04-15 22:00:00,47.0
2017-04-15 23:00:00,46.07
2017-04-16 00:00:00,46.95
2017-04-16 01:00:00,37.4
2017-04-16 02:00:00,29.5
2017-04-16 03:00:00,29.0
2017-04-16 04:00:00,29.06
2017-04-16 05:00:00,25.58
2017-04-16 06:00:00,30.58
2017-04-16 07:00:00,25.82
2017-04-16 08:00:00,36.88
2017-04-16 09:00:00,33.87
2017-04-16 10:00:00,31.65
2017-04-16 11:00:00,31.02
2017-04-16 12:00:00,30.1
2017-04-16 13:00:00,29.66
2017-04-16 14:00:00,19.91
2017-04-16 15:00:00,19.27
2017-04-16 16:00:00,22.5
2017-04-16 17:00:00,26.02
2017-04-16 18:00:00,31.39
2017-04-16 19:00:00,31.22
2017-04-16 20:00:00,33.95
2017-04-16 21:00:00,40.32
2017-04-16 22:00:00,47.0
2017-04-16 23:00:00,45.55
2017-04-17 00:00:00,41.41
2017-04-17 01:00:00,29.9
2017-04-17 02:00:00,27.86
2017-04-17 03:00:00,26.83
2017-04-17 04:00:00,26.92
2017-04-17 05:00:00,27.95
2017-04-17 06:00:00,28.56
2017-04-17 07:00:00,27.44
2017-04-17 08:00:00,29.9
2017-04-17 09:00:00,30.17
2017-04-17 10:00:00,29.6
2017-04-17 11:00:00,29.0
2017-04-17 12:00:00,27.42
2017-04-17 13:00:00,24.95
2017-04-17 14:00:00,19.76
2017-04-17 15:00:00,18.21
2017-04-17 16:00:00,17.9
2017-04-17 17:00:00,21.52
2017-04-17 18:00:00,27.59
2017-04-17 19:00:00,32.15
2017-04-17 20:00:00,33.91
2017-04-17 21:00:00,39.18
2017-04-17 22:00:00,41.51
2017-04-17 23:00:00,34.87
2017-04-18 00:00:00,39.39
2017-04-18 01:00:00,30.0
2017-04-18 02:00:00,30.99
2017-04-18 03:00:00,28.2
2017-04-18 04:00:00,28.37
2017-04-18 05:00:00,30.91
2017-04-18 06:00:00,39.94
2017-04-18 07:00:00,43.35
2017-04-18 08:00:00,48.77
2017-04-18 09:00:00,48.8
2017-04-18 10:00:00,42.43
2017-04-18 11:00:00,41.62
2017-04-18 12:00:00,36.26
2017-04-18 13:00:00,33.83
2017-04-18 14:00:00,31.04
2017-04-18 15:00:00,30.43
2017-04-18 16:00:00,30.1
2017-04-18 17:00:00,30.85
2017-04-18 18:00:00,33.92
2017-04-18 19:00:00,39.93
2017-04-18 20:00:00,38.0
2017-04-18 21:00:00,40.07
2017-04-18 22:00:00,46.75
2017-04-18 23:00:00,46.16
2017-04-19 00:00:00,44.86
2017-04-19 01:00:00,37.59
2017-04-19 02:00:00,32.74
2017-04-19 03:00:00,30.25
2017-04-19 04:00:00,30.83
2017-04-19 05:00:00,31.81
2017-04-19 06:00:00,38.9
2017-04-19 07:00:00,46.88
2017-04-19 08:00:00,51.51
2017-04-19 09:00:00,55.03
2017-04-19 10:00:00,45.9
2017-04-19 11:00:00,38.76
2017-04-19 12:00:00,37.98
2017-04-19 13:00:00,36.61
2017-04-19 14:00:00,34.47
2017-04-19 15:00:00,33.07
2017-04-19 16:00:00,33.73
2017-04-19 17:00:00,36.89
2017-04-19 18:00:00,38.92
2017-04-19 19:00:00,41.19
2017-04-19 20:00:00,44.01
2017-04-19 21:00:00,43.06
2017-04-19 22:00:00,44.43
2017-04-19 23:00:00,40.55
2017-04-20 00:00:00,42.33
2017-04-20 01:00:00,37.47
2017-04-20 02:00:00,33.54
2017-04-20 03:00:00,32.18
2017-04-20 04:00:00,34.14
2017-04-20 05:00:00,37.06
2017-04-20 06:00:00,42.03
2017-04-20 07:00:00,48.41
2017-04-20 08:00:00,52.0
2017-04-20 09:00:00,54.87
2017-04-20 10:00:00,53.92
2017-04-20 11:00:00,49.77
2017-04-20 12:00:00,41.36
2017-04-20 13:00:00,39.68
2017-04-20 14:00:00,38.3
2017-04-20 15:00:00,37.99
2017-04-20 16:00:00,36.81
2017-04-20 17:00:00,36.89
2017-04-20 18:00:00,39.94
2017-04-20 19:00:00,45.01
2017-04-20 20:00:00,46.61
2017-04-20 21:00:00,50.0
2017-04-20 22:00:00,56.23
2017-04-20 23:00:00,41.17
2017-04-21 00:00:00,39.4
2017-04-21 01:00:00,37.09
2017-04-21 02:00:00,35.25
2017-04-21 03:00:00,35.37
2017-04-21 04:00:00,35.89
2017-04-21 05:00:00,37.09
2017-04-21 06:00:00,46.9
2017-04-21 07:00:00,51.04
2017-04-21 08:00:00,55.0
2017-04-21 09:00:00,54.98
2017-04-21 10:00:00,50.25
2017-04-21 11:00:00,60.0
2017-04-21 12:00:00,53.9
2017-04-21 13:00:00,41.77
2017-04-21 14:00:00,39.08
2017-04-21 15:00:00,37.39
2017-04-21 16:00:00,38.33
2017-04-21 17:00:00,39.19
2017-04-21 18:00:00,44.06
2017-04-21 19:00:00,48.79
2017-04-21 20:00:00,50.84
2017-04-21 21:00:00,52.15
2017-04-21 22:00:00,51.23
2017-04-21 23:00:00,48.79
2017-04-22 00:00:00,46.21
2017-04-22 01:00:00,37.68
2017-04-22 02:00:00,31.79
2017-04-22 03:00:00,31.28
2017-04-22 04:00:00,38.06
2017-04-22 05:00:00,29.98
2017-04-22 06:00:00,39.0
2017-04-22 07:00:00,37.2
2017-04-22 08:00:00,39.53
2017-04-22 09:00:00,48.9
2017-04-22 10:00:00,44.47
2017-04-22 11:00:00,46.53
2017-04-22 12:00:00,49.1
2017-04-22 13:00:00,40.03
2017-04-22 14:00:00,34.3
2017-04-22 15:00:00,29.9
2017-04-22 16:00:00,24.49
2017-04-22 17:00:00,28.26
2017-04-22 18:00:00,30.24
2017-04-22 19:00:00,48.9
2017-04-22 20:00:00,43.5
2017-04-22 21:00:00,43.6
2017-04-22 22:00:00,49.0
2017-04-22 23:00:00,49.1
2017-04-23 00:00:00,51.5
2017-04-23 01:00:00,49.35
2017-04-23 02:00:00,40.28
2017-04-23 03:00:00,36.1
2017-04-23 04:00:00,28.39
2017-04-23 05:00:00,27.44
2017-04-23 06:00:00,26.17
2017-04-23 07:00:00,25.42
2017-04-23 08:00:00,37.4
2017-04-23 09:00:00,46.91
2017-04-23 10:00:00,44.18
2017-04-23 11:00:00,36.91
2017-04-23 12:00:00,48.29
2017-04-23 13:00:00,26.99
2017-04-23 14:00:00,23.93
2017-04-23 15:00:00,20.42
2017-04-23 16:00:00,19.77
2017-04-23 17:00:00,24.87
2017-04-23 18:00:00,31.84
2017-04-23 19:00:00,38.52
2017-04-23 20:00:00,44.2
2017-04-23 21:00:00,48.5
2017-04-23 22:00:00,47.3
2017-04-23 23:00:00,44.79
2017-04-24 00:00:00,39.7
2017-04-24 01:00:00,33.44
2017-04-24 02:00:00,31.3
2017-04-24 03:00:00,29.6
2017-04-24 04:00:00,28.76
2017-04-24 05:00:00,30.26
2017-04-24 06:00:00,38.83
2017-04-24 07:00:00,43.3
2017-04-24 08:00:00,46.96
2017-04-24 09:00:00,43.3
2017-04-24 10:00:00,43.3
2017-04-24 11:00:00,45.0
2017-04-24 12:00:00,32.55
2017-04-24 13:00:00,32.57
2017-04-24 14:00:00,31.9
2017-04-24 15:00:00,34.9
2017-04-24 16:00:00,31.03
2017-04-24 17:00:00,34.44
2017-04-24 18:00:00,38.35
2017-04-24 19:00:00,43.3
2017-04-24 20:00:00,43.59
2017-04-24 21:00:00,44.51
2017-04-24 22:00:00,44.38
2017-04-24 23:00:00,38.55
2017-04-25 00:00:00,34.01
2017-04-25 01:00:00,31.07
2017-04-25 02:00:00,31.2
2017-04-25 03:00:00,29.98
2017-04-25 04:00:00,29.97
2017-04-25 05:00:00,30.5
2017-04-25 06:00:00,37.03
2017-04-25 07:00:00,41.17
2017-04-25 08:00:00,43.0
2017-04-25 09:00:00,41.94
2017-04-25 10:00:00,39.81
2017-04-25 11:00:00,39.64
2017-04-25 12:00:00,35.7
2017-04-25 13:00:00,33.91
2017-04-25 14:00:00,31.72
2017-04-25 15:00:00,31.59
2017-04-25 16:00:00,32.65
2017-04-25 17:00:00,36.55
2017-04-25 18:00:00,39.93
2017-04-25 19:00:00,44.3
2017-04-25 20:00:00,47.68
2017-04-25 21:00:00,46.14
2017-04-25 22:00:00,48.5
2017-04-25 23:00:00,47.39
2017-04-26 00:00:00,37.49
2017-04-26 01:00:00,35.63
2017-04-26 02:00:00,32.94
2017-04-26 03:00:00,30.54
2017-04-26 04:00:00,30.44
2017-04-26 05:00:00,34.62
2017-04-26 06:00:00,42.8
2017-04-26 07:00:00,52.0
2017-04-26 08:00:00,55.63
2017-04-26 09:00:00,55.0
2017-04-26 10:00:00,54.43
2017-04-26 11:00:00,52.5
2017-04-26 12:00:00,47.36
2017-04-26 13:00:00,47.18
2017-04-26 14:00:00,45.18
2017-04-26 15:00:00,43.02
2017-04-26 16:00:00,41.5
2017-04-26 17:00:00,44.1
2017-04-26 18:00:00,45.27
2017-04-26 19:00:00,47.18
2017-04-26 20:00:00,45.46
2017-04-26 21:00:00,47.99
2017-04-26 22:00:00,51.5
2017-04-26 23:00:00,55.76
2017-04-27 00:00:00,44.73
2017-04-27 01:00:00,35.54
2017-04-27 02:00:00,35.83
2017-04-27 03:00:00,31.04
2017-04-27 04:00:00,31.52
2017-04-27 05:00:00,34.9
2017-04-27 06:00:00,41.44
2017-04-27 07:00:00,55.21
2017-04-27 08:00:00,57.45
2017-04-27 09:00:00,55.0
2017-04-27 10:00:00,52.22
2017-04-27 11:00:00,49.75
2017-04-27 12:00:00,47.3
2017-04-27 13:00:00,45.99
2017-04-27 14:00:00,42.55
2017-04-27 15:00:00,41.51
2017-04-27 16:00:00,40.34
2017-04-27 17:00:00,41.52
2017-04-27 18:00:00,45.04
2017-04-27 19:00:00,56.49
2017-04-27 20:00:00,47.38
2017-04-27 21:00:00,52.5
2017-04-27 22:00:00,51.82
2017-04-27 23:00:00,44.55
2017-04-28 00:00:00,50.23
2017-04-28 01:00:00,36.4
2017-04-28 02:00:00,33.32
2017-04-28 03:00:00,30.92
2017-04-28 04:00:00,31.41
2017-04-28 05:00:00,36.4
2017-04-28 06:00:00,46.13
2017-04-28 07:00:00,57.44
2017-04-28 08:00:00,62.55
2017-04-28 09:00:00,62.62
2017-04-28 10:00:00,58.73
2017-04-28 11:00:00,53.1
2017-04-28 12:00:00,47.53
2017-04-28 13:00:00,45.13
2017-04-28 14:00:00,46.63
2017-04-28 15:00:00,43.48
2017-04-28 16:00:00,35.0
2017-04-28 17:00:00,35.0
2017-04-28 18:00:00,40.29
2017-04-28 19:00:00,48.11
2017-04-28 20:00:00,43.13
2017-04-28 21:00:00,50.04
2017-04-28 22:00:00,51.3
2017-04-28 23:00:00,45.55
2017-04-29 00:00:00,44.78
2017-04-29 01:00:00,44.94
2017-04-29 02:00:00,39.34
2017-04-29 03:00:00,35.82
2017-04-29 04:00:00,33.56
2017-04-29 05:00:00,35.47
2017-04-29 06:00:00,32.46
2017-04-29 07:00:00,33.72
2017-04-29 08:00:00,41.9
2017-04-29 09:00:00,39.07
2017-04-29 10:00:00,41.82
2017-04-29 11:00:00,36.5
2017-04-29 12:00:00,36.5
2017-04-29 13:00:00,34.56
2017-04-29 14:00:00,28.82
2017-04-29 15:00:00,28.09
2017-04-29 16:00:00,27.46
2017-04-29 17:00:00,30.0
2017-04-29 18:00:00,33.16
2017-04-29 19:00:00,34.93
2017-04-29 20:00:00,34.79
2017-04-29 21:00:00,34.9
2017-04-29 22:00:00,33.15
2017-04-29 23:00:00,31.28
2017-04-30 00:00:00,30.66
2017-04-30 01:00:00,30.36
2017-04-30 02:00:00,27.86
2017-04-30 03:00:00,22.26
2017-04-30 04:00:00,21.03
2017-04-30 05:00:00,19.65
2017-04-30 06:00:00,15.76
2017-04-30 07:00:00,19.56
2017-04-30 08:00:00,21.29
2017-04-30 09:00:00,21.75
2017-04-30 10:00:00,19.97
2017-04-30 11:00:00,21.01
2017-04-30 12:00:00,20.9
2017-04-30 13:00:00,25.0
2017-04-30 14:00:00,30.0
2017-04-30 15:00:00,3.16
2017-04-30 16:00:00,22.0
2017-04-30 17:00:00,15.2
2017-04-30 18:00:00,17.61
2017-04-30 19:00:00,21.75
2017-04-30 20:00:00,29.16
2017-04-30 21:00:00,30.0
2017-04-30 22:00:00,33.0
2017-04-30 23:00:00,32.54
2017-05-01 00:00:00,36.0
2017-05-01 01:00:00,36.0
2017-05-01 02:00:00,36.0
2017-05-01 03:00:00,36.0
2017-05-01 04:00:00,36.0
2017-05-01 05:00:00,36.0
2017-05-01 06:00:00,36.0
2017-05-01 07:00:00,36.0
2017-05-01 08:00:00,36.0
2017-05-01 09:00:00,36.0
2017-05-01 10:00:00,36.0
2017-05-01 11:00:00,36.0
2017-05-01 12:00:00,36.0
2017-05-01 13:00:00,36.0
2017-05-01 14:00:00,36.0
2017-05-01 15:00:00,35.0
2017-05-01 16:00:00,36.0
2017-05-01 17:00:00,36.0
2017-05-01 18:00:00,36.0
2017-05-01 19:00:00,40.0
2017-05-01 20:00:00,40.0
2017-05-01 21:00:00,40.0
2017-05-01 22:00:00,46.93
2017-05-01 23:00:00,56.01
2017-05-02 00:00:00,58.55
2017-05-02 01:00:00,40.99
2017-05-02 02:00:00,36.52
2017-05-02 03:00:00,28.94
2017-05-02 04:00:00,27.06
2017-05-02 05:00:00,34.77
2017-05-02 06:00:00,50.42
2017-05-02 07:00:00,62.5
2017-05-02 08:00:00,60.2
2017-05-02 09:00:00,59.83
2017-05-02 10:00:00,61.5
2017-05-02 11:00:00,63.71
2017-05-02 12:00:00,65.56
2017-05-02 13:00:00,67.96
2017-05-02 14:00:00,62.33
2017-05-02 15:00:00,62.5
2017-05-02 16:00:00,57.02
2017-05-02 17:00:00,62.5
2017-05-02 18:00:00,57.8
2017-05-02 19:00:00,56.09
2017-05-02 20:00:00,50.4
2017-05-02 21:00:00,55.79
2017-05-02 22:00:00,62.5
2017-05-02 23:00:00,62.36
2017-05-03 00:00:00,59.03
2017-05-03 01:00:00,48.73
2017-05-03 02:00:00,36.13
2017-05-03 03:00:00,43.74
2017-05-03 04:00:00,40.41
2017-05-03 05:00:00,49.77
2017-05-03 06:00:00,53.39
2017-05-03 07:00:00,58.49
2017-05-03 08:00:00,66.5
2017-05-03 09:00:00,72.27
2017-05-03 10:00:00,69.49
2017-05-03 11:00:00,64.16
2017-05-03 12:00:00,66.36
2017-05-03 13:00:00,63.6
2017-05-03 14:00:00,57.14
2017-05-03 15:00:00,49.82
2017-05-03 16:00:00,50.37
2017-05-03 17:00:00,55.91
2017-05-03 18:00:00,69.34
2017-05-03 19:00:00,66.94
2017-05-03 20:00:00,67.25
2017-05-03 21:00:00,66.99
2017-05-03 22:00:00,71.6
2017-05-03 23:00:00,61.46
2017-05-04 00:00:00,49.06
2017-05-04 01:00:00,44.85
2017-05-04 02:00:00,45.01
2017-05-04 03:00:00,37.5
2017-05-04 04:00:00,37.5
2017-05-04 05:00:00,46.5
2017-05-04 06:00:00,53.66
2017-05-04 07:00:00,56.02
2017-05-04 08:00:00,56.2
2017-05-04 09:00:00,63.05
2017-05-04 10:00:00,57.2
2017-05-04 11:00:00,57.1
2017-05-04 12:00:00,47.39
2017-05-04 13:00:00,48.0
2017-05-04 14:00:00,45.08
2017-05-04 15:00:00,43.44
2017-05-04 16:00:00,40.26
2017-05-04 17:00:00,49.74
2017-05-04 18:00:00,59.9
2017-05-04 19:00:00,59.8
2017-05-04 20:00:00,56.3
2017-05-04 21:00:00,59.8
2017-05-04 22:00:00,67.63
2017-05-04 23:00:00,54.78
2017-05-05 00:00:00,48.27
2017-05-05 01:00:00,41.34
2017-05-05 02:00:00,33.94
2017-05-05 03:00:00,31.9
2017-05-05 04:00:00,29.82
2017-05-05 05:00:00,31.44
2017-05-05 06:00:00,45.96
2017-05-05 07:00:00,68.88
2017-05-05 08:00:00,57.67
2017-05-05 09:00:00,49.91
2017-05-05 10:00:00,47.9
2017-05-05 11:00:00,63.1
2017-05-05 12:00:00,42.0
2017-05-05 13:00:00,40.09
2017-05-05 14:00:00,37.15
2017-05-05 15:00:00,35.37
2017-05-05 16:00:00,34.9
2017-05-05 17:00:00,37.67
2017-05-05 18:00:00,40.33
2017-05-05 19:00:00,42.09
2017-05-05 20:00:00,41.16
2017-05-05 21:00:00,38.98
2017-05-05 22:00:00,39.27
2017-05-05 23:00:00,34.9
2017-05-06 00:00:00,37.04
2017-05-06 01:00:00,32.47
2017-05-06 02:00:00,31.04
2017-05-06 03:00:00,30.71
2017-05-06 04:00:00,30.57
2017-05-06 05:00:00,30.86
2017-05-06 06:00:00,30.92
2017-05-06 07:00:00,31.14
2017-05-06 08:00:00,33.92
2017-05-06 09:00:00,33.06
2017-05-06 10:00:00,35.37
2017-05-06 11:00:00,30.98
2017-05-06 12:00:00,34.4
2017-05-06 13:00:00,32.14
2017-05-06 14:00:00,29.83
2017-05-06 15:00:00,28.93
2017-05-06 16:00:00,28.28
2017-05-06 17:00:00,31.02
2017-05-06 18:00:00,33.82
2017-05-06 19:00:00,37.94
2017-05-06 20:00:00,39.9
2017-05-06 21:00:00,39.5
2017-05-06 22:00:00,43.56
2017-05-06 23:00:00,45.14
2017-05-07 00:00:00,40.0
2017-05-07 01:00:00,34.02
2017-05-07 02:00:00,28.94
2017-05-07 03:00:00,28.11
2017-05-07 04:00:00,26.83
2017-05-07 05:00:00,25.81
2017-05-07 06:00:00,25.22
2017-05-07 07:00:00,26.19
2017-05-07 08:00:00,28.66
2017-05-07 09:00:00,30.06
2017-05-07 10:00:00,30.33
2017-05-07 11:00:00,30.18
2017-05-07 12:00:00,29.85
2017-05-07 13:00:00,27.92
2017-05-07 14:00:00,24.83
2017-05-07 15:00:00,30.5
2017-05-07 16:00:00,25.33
2017-05-07 17:00:00,27.4
2017-05-07 18:00:00,30.37
2017-05-07 19:00:00,34.86
2017-05-07 20:00:00,32.13
2017-05-07 21:00:00,44.72
2017-05-07 22:00:00,50.99
2017-05-07 23:00:00,44.28
2017-05-08 00:00:00,27.48
2017-05-08 01:00:00,26.1
2017-05-08 02:00:00,25.81
2017-05-08 03:00:00,24.83
2017-05-08 04:00:00,25.14
2017-05-08 05:00:00,28.27
2017-05-08 06:00:00,32.0
2017-05-08 07:00:00,36.06
2017-05-08 08:00:00,40.02
2017-05-08 09:00:00,41.48
2017-05-08 10:00:00,44.78
2017-05-08 11:00:00,43.46
2017-05-08 12:00:00,42.88
2017-05-08 13:00:00,41.48
2017-05-08 14:00:00,32.06
2017-05-08 15:00:00,31.44
2017-05-08 16:00:00,31.05
2017-05-08 17:00:00,32.41
2017-05-08 18:00:00,34.0
2017-05-08 19:00:00,38.8
2017-05-08 20:00:00,37.62
2017-05-08 21:00:00,37.99
2017-05-08 22:00:00,35.07
2017-05-08 23:00:00,32.44
2017-05-09 00:00:00,30.81
2017-05-09 01:00:00,30.8
2017-05-09 02:00:00,29.5
2017-05-09 03:00:00,28.94
2017-05-09 04:00:00,29.9
2017-05-09 05:00:00,32.07
2017-05-09 06:00:00,42.83
2017-05-09 07:00:00,50.45
2017-05-09 08:00:00,54.99
2017-05-09 09:00:00,48.65
2017-05-09 10:00:00,44.75
2017-05-09 11:00:00,43.83
2017-05-09 12:00:00,40.63
2017-05-09 13:00:00,38.0
2017-05-09 14:00:00,35.57
2017-05-09 15:00:00,36.2
2017-05-09 16:00:00,34.44
2017-05-09 17:00:00,39.64
2017-05-09 18:00:00,44.9
2017-05-09 19:00:00,47.45
2017-05-09 20:00:00,49.12
2017-05-09 21:00:00,46.93
2017-05-09 22:00:00,43.05
2017-05-09 23:00:00,36.44
2017-05-10 00:00:00,33.26
2017-05-10 01:00:00,33.54
2017-05-10 02:00:00,32.85
2017-05-10 03:00:00,30.72
2017-05-10 04:00:00,31.03
2017-05-10 05:00:00,34.51
2017-05-10 06:00:00,42.04
2017-05-10 07:00:00,49.98
2017-05-10 08:00:00,57.18
2017-05-10 09:00:00,51.1
2017-05-10 10:00:00,48.3
2017-05-10 11:00:00,42.43
2017-05-10 12:00:00,38.73
2017-05-10 13:00:00,37.69
2017-05-10 14:00:00,35.24
2017-05-10 15:00:00,34.12
2017-05-10 16:00:00,35.01
2017-05-10 17:00:00,41.08
2017-05-10 18:00:00,44.01
2017-05-10 19:00:00,48.04
2017-05-10 20:00:00,47.35
2017-05-10 21:00:00,48.04
2017-05-10 22:00:00,42.94
2017-05-10 23:00:00,36.64
2017-05-11 00:00:00,31.16
2017-05-11 01:00:00,30.41
2017-05-11 02:00:00,29.5
2017-05-11 03:00:00,29.17
2017-05-11 04:00:00,29.59
2017-05-11 05:00:00,30.89
2017-05-11 06:00:00,34.91
2017-05-11 07:00:00,43.1
2017-05-11 08:00:00,44.49
2017-05-11 09:00:00,46.62
2017-05-11 10:00:00,45.1
2017-05-11 11:00:00,43.44
2017-05-11 12:00:00,39.69
2017-05-11 13:00:00,37.93
2017-05-11 14:00:00,36.66
2017-05-11 15:00:00,33.82
2017-05-11 16:00:00,33.56
2017-05-11 17:00:00,39.48
2017-05-11 18:00:00,41.43
2017-05-11 19:00:00,44.73
2017-05-11 20:00:00,38.71
2017-05-11 21:00:00,38.25
2017-05-11 22:00:00,48.07
2017-05-11 23:00:00,43.93
2017-05-12 00:00:00,40.58
2017-05-12 01:00:00,29.19
2017-05-12 02:00:00,27.6
2017-05-12 03:00:00,27.51
2017-05-12 04:00:00,27.08
2017-05-12 05:00:00,29.0
2017-05-12 06:00:00,34.37
2017-05-12 07:00:00,42.4
2017-05-12 08:00:00,51.49
2017-05-12 09:00:00,50.11
2017-05-12 10:00:00,45.43
2017-05-12 11:00:00,45.2
2017-05-12 12:00:00,42.38
2017-05-12 13:00:00,41.94
2017-05-12 14:00:00,38.0
2017-05-12 15:00:00,33.45
2017-05-12 16:00:00,31.5
2017-05-12 17:00:00,36.46
2017-05-12 18:00:00,40.65
2017-05-12 19:00:00,42.0
2017-05-12 20:00:00,42.62
2017-05-12 21:00:00,42.93
2017-05-12 22:00:00,42.93
2017-05-12 23:00:00,37.86
2017-05-13 00:00:00,38.2
2017-05-13 01:00:00,30.9
2017-05-13 02:00:00,29.05
2017-05-13 03:00:00,28.52
2017-05-13 04:00:00,28.12
2017-05-13 05:00:00,28.73
2017-05-13 06:00:00,29.05
2017-05-13 07:00:00,30.91
2017-05-13 08:00:00,35.02
2017-05-13 09:00:00,35.45
2017-05-13 10:00:00,32.0
2017-05-13 11:00:00,31.04
2017-05-13 12:00:00,30.89
2017-05-13 13:00:00,28.75
2017-05-13 14:00:00,27.47
2017-05-13 15:00:00,27.5
2017-05-13 16:00:00,27.44
2017-05-13 17:00:00,29.9
2017-05-13 18:00:00,34.79
2017-05-13 19:00:00,40.0
2017-05-13 20:00:00,41.91
2017-05-13 21:00:00,41.88
2017-05-13 22:00:00,40.0
2017-05-13 23:00:00,31.3
2017-05-14 00:00:00,28.5
2017-05-14 01:00:00,27.95
2017-05-14 02:00:00,25.89
2017-05-14 03:00:00,25.63
2017-05-14 04:00:00,25.2
2017-05-14 05:00:00,25.0
2017-05-14 06:00:00,25.56
2017-05-14 07:00:00,25.07
2017-05-14 08:00:00,25.22
2017-05-14 09:00:00,26.04
2017-05-14 10:00:00,25.04
2017-05-14 11:00:00,27.04
2017-05-14 12:00:00,27.72
2017-05-14 13:00:00,26.23
2017-05-14 14:00:00,21.06
2017-05-14 15:00:00,18.47
2017-05-14 16:00:00,21.42
2017-05-14 17:00:00,27.4
2017-05-14 18:00:00,32.07
2017-05-14 19:00:00,35.96
2017-05-14 20:00:00,39.55
2017-05-14 21:00:00,40.99
2017-05-14 22:00:00,42.35
2017-05-14 23:00:00,43.22
2017-05-15 00:00:00,30.32
2017-05-15 01:00:00,27.43
2017-05-15 02:00:00,27.18
2017-05-15 03:00:00,26.7
2017-05-15 04:00:00,27.16
2017-05-15 05:00:00,29.77
2017-05-15 06:00:00,35.38
2017-05-15 07:00:00,44.01
2017-05-15 08:00:00,46.1
2017-05-15 09:00:00,43.95
2017-05-15 10:00:00,41.94
2017-05-15 11:00:00,40.07
2017-05-15 12:00:00,35.66
2017-05-15 13:00:00,35.04
2017-05-15 14:00:00,33.48
2017-05-15 15:00:00,32.98
2017-05-15 16:00:00,33.14
2017-05-15 17:00:00,37.74
2017-05-15 18:00:00,42.82
2017-05-15 19:00:00,45.73
2017-05-15 20:00:00,44.2
2017-05-15 21:00:00,42.29
2017-05-15 22:00:00,40.22
2017-05-15 23:00:00,31.08
2017-05-16 00:00:00,29.5
2017-05-16 01:00:00,28.01
2017-05-16 02:00:00,26.7
2017-05-16 03:00:00,26.53
2017-05-16 04:00:00,26.38
2017-05-16 05:00:00,27.93
2017-05-16 06:00:00,31.81
2017-05-16 07:00:00,39.96
2017-05-16 08:00:00,41.35
2017-05-16 09:00:00,38.42
2017-05-16 10:00:00,39.87
2017-05-16 11:00:00,39.93
2017-05-16 12:00:00,35.02
2017-05-16 13:00:00,33.54
2017-05-16 14:00:00,34.31
2017-05-16 15:00:00,32.33
2017-05-16 16:00:00,34.52
2017-05-16 17:00:00,37.04
2017-05-16 18:00:00,41.0
2017-05-16 19:00:00,42.94
2017-05-16 20:00:00,42.77
2017-05-16 21:00:00,41.5
2017-05-16 22:00:00,37.01
2017-05-16 23:00:00,32.85
2017-05-17 00:00:00,29.66
2017-05-17 01:00:00,27.7
2017-05-17 02:00:00,27.17
2017-05-17 03:00:00,26.45
2017-05-17 04:00:00,26.49
2017-05-17 05:00:00,27.58
2017-05-17 06:00:00,36.19
2017-05-17 07:00:00,41.0
2017-05-17 08:00:00,41.0
2017-05-17 09:00:00,41.49
2017-05-17 10:00:00,39.78
2017-05-17 11:00:00,36.9
2017-05-17 12:00:00,37.24
2017-05-17 13:00:00,38.06
2017-05-17 14:00:00,35.35
2017-05-17 15:00:00,35.0
2017-05-17 16:00:00,33.83
2017-05-17 17:00:00,34.77
2017-05-17 18:00:00,38.34
2017-05-17 19:00:00,40.98
2017-05-17 20:00:00,37.9
2017-05-17 21:00:00,34.02
2017-05-17 22:00:00,31.01
2017-05-17 23:00:00,29.3
2017-05-18 00:00:00,26.7
2017-05-18 01:00:00,25.26
2017-05-18 02:00:00,23.3
2017-05-18 03:00:00,20.94
2017-05-18 04:00:00,22.8
2017-05-18 05:00:00,26.06
2017-05-18 06:00:00,32.68
2017-05-18 07:00:00,40.4
2017-05-18 08:00:00,42.98
2017-05-18 09:00:00,45.49
2017-05-18 10:00:00,51.52
2017-05-18 11:00:00,50.0
2017-05-18 12:00:00,47.67
2017-05-18 13:00:00,47.05
2017-05-18 14:00:00,41.65
2017-05-18 15:00:00,36.36
2017-05-18 16:00:00,57.9
2017-05-18 17:00:00,47.22
2017-05-18 18:00:00,49.34
2017-05-18 19:00:00,47.76
2017-05-18 20:00:00,45.87
2017-05-18 21:00:00,45.0
2017-05-18 22:00:00,37.86
2017-05-18 23:00:00,34.7
2017-05-19 00:00:00,30.0
2017-05-19 01:00:00,28.6
2017-05-19 02:00:00,26.67
2017-05-19 03:00:00,26.31
2017-05-19 04:00:00,25.97
2017-05-19 05:00:00,27.6
2017-05-19 06:00:00,30.9
2017-05-19 07:00:00,39.91
2017-05-19 08:00:00,41.55
2017-05-19 09:00:00,39.9
2017-05-19 10:00:00,38.95
2017-05-19 11:00:00,39.8
2017-05-19 12:00:00,37.72
2017-05-19 13:00:00,36.38
2017-05-19 14:00:00,35.05
2017-05-19 15:00:00,34.59
2017-05-19 16:00:00,31.06
2017-05-19 17:00:00,36.01
2017-05-19 18:00:00,38.5
2017-05-19 19:00:00,38.97
2017-05-19 20:00:00,36.04
2017-05-19 21:00:00,37.0
2017-05-19 22:00:00,36.98
2017-05-19 23:00:00,35.49
2017-05-20 00:00:00,27.4
2017-05-20 01:00:00,32.5
2017-05-20 02:00:00,27.5
2017-05-20 03:00:00,26.71
2017-05-20 04:00:00,25.93
2017-05-20 05:00:00,24.08
2017-05-20 06:00:00,26.5
2017-05-20 07:00:00,26.06
2017-05-20 08:00:00,29.51
2017-05-20 09:00:00,32.0
2017-05-20 10:00:00,28.83
2017-05-20 11:00:00,28.77
2017-05-20 12:00:00,29.1
2017-05-20 13:00:00,27.84
2017-05-20 14:00:00,25.3
2017-05-20 15:00:00,25.2
2017-05-20 16:00:00,24.96
2017-05-20 17:00:00,27.32
2017-05-20 18:00:00,29.0
2017-05-20 19:00:00,33.34
2017-05-20 20:00:00,33.5
2017-05-20 21:00:00,40.2
2017-05-20 22:00:00,47.47
2017-05-20 23:00:00,41.12
2017-05-21 00:00:00,44.12
2017-05-21 01:00:00,39.38
2017-05-21 02:00:00,27.22
2017-05-21 03:00:00,24.38
2017-05-21 04:00:00,24.32
2017-05-21 05:00:00,24.3
2017-05-21 06:00:00,23.74
2017-05-21 07:00:00,23.9
2017-05-21 08:00:00,23.5
2017-05-21 09:00:00,25.63
2017-05-21 10:00:00,27.42
2017-05-21 11:00:00,28.27
2017-05-21 12:00:00,28.01
2017-05-21 13:00:00,25.24
2017-05-21 14:00:00,15.0
2017-05-21 15:00:00,16.26
2017-05-21 16:00:00,13.76
2017-05-21 17:00:00,15.26
2017-05-21 18:00:00,28.2
2017-05-21 19:00:00,32.99
2017-05-21 20:00:00,39.99
2017-05-21 21:00:00,38.21
2017-05-21 22:00:00,40.0
2017-05-21 23:00:00,40.0
2017-05-22 00:00:00,29.84
2017-05-22 01:00:00,28.01
2017-05-22 02:00:00,26.9
2017-05-22 03:00:00,26.01
2017-05-22 04:00:00,26.86
2017-05-22 05:00:00,27.38
2017-05-22 06:00:00,35.49
2017-05-22 07:00:00,40.0
2017-05-22 08:00:00,42.2
2017-05-22 09:00:00,38.82
2017-05-22 10:00:00,37.02
2017-05-22 11:00:00,36.99
2017-05-22 12:00:00,36.96
2017-05-22 13:00:00,37.91
2017-05-22 14:00:00,36.93
2017-05-22 15:00:00,36.94
2017-05-22 16:00:00,36.2
2017-05-22 17:00:00,38.71
2017-05-22 18:00:00,43.65
2017-05-22 19:00:00,44.36
2017-05-22 20:00:00,41.95
2017-05-22 21:00:00,41.21
2017-05-22 22:00:00,40.84
2017-05-22 23:00:00,34.07
2017-05-23 00:00:00,32.24
2017-05-23 01:00:00,32.17
2017-05-23 02:00:00,29.72
2017-05-23 03:00:00,28.05
2017-05-23 04:00:00,28.04
2017-05-23 05:00:00,29.71
2017-05-23 06:00:00,36.99
2017-05-23 07:00:00,41.78
2017-05-23 08:00:00,41.4
2017-05-23 09:00:00,41.89
2017-05-23 10:00:00,38.05
2017-05-23 11:00:00,36.94
2017-05-23 12:00:00,33.97
2017-05-23 13:00:00,30.5
2017-05-23 14:00:00,31.01
2017-05-23 15:00:00,29.1
2017-05-23 16:00:00,29.06
2017-05-23 17:00:00,31.84
2017-05-23 18:00:00,33.75
2017-05-23 19:00:00,37.11
2017-05-23 20:00:00,35.64
2017-05-23 21:00:00,35.0
2017-05-23 22:00:00,38.4
2017-05-23 23:00:00,33.86
2017-05-24 00:00:00,27.15
2017-05-24 01:00:00,24.45
2017-05-24 02:00:00,21.38
2017-05-24 03:00:00,21.36
2017-05-24 04:00:00,22.31
2017-05-24 05:00:00,26.03
2017-05-24 06:00:00,30.1
2017-05-24 07:00:00,36.93
2017-05-24 08:00:00,37.55
2017-05-24 09:00:00,34.97
2017-05-24 10:00:00,31.98
2017-05-24 11:00:00,32.35
2017-05-24 12:00:00,33.24
2017-05-24 13:00:00,37.51
2017-05-24 14:00:00,33.04
2017-05-24 15:00:00,33.57
2017-05-24 16:00:00,32.13
2017-05-24 17:00:00,36.91
2017-05-24 18:00:00,39.92
2017-05-24 19:00:00,40.57
2017-05-24 20:00:00,40.84
2017-05-24 21:00:00,40.06
2017-05-24 22:00:00,40.98
2017-05-24 23:00:00,36.91
2017-05-25 00:00:00,33.41
2017-05-25 01:00:00,31.98
2017-05-25 02:00:00,28.07
2017-05-25 03:00:00,28.0
2017-05-25 04:00:00,27.97
2017-05-25 05:00:00,26.97
2017-05-25 06:00:00,24.91
2017-05-25 07:00:00,25.72
2017-05-25 08:00:00,27.6
2017-05-25 09:00:00,26.16
2017-05-25 10:00:00,25.59
2017-05-25 11:00:00,27.93
2017-05-25 12:00:00,28.4
2017-05-25 13:00:00,29.55
2017-05-25 14:00:00,26.69
2017-05-25 15:00:00,25.77
2017-05-25 16:00:00,22.26
2017-05-25 17:00:00,27.08
2017-05-25 18:00:00,29.9
2017-05-25 19:00:00,33.92
2017-05-25 20:00:00,36.7
2017-05-25 21:00:00,36.69
2017-05-25 22:00:00,36.98
2017-05-25 23:00:00,35.95
2017-05-26 00:00:00,28.63
2017-05-26 01:00:00,26.03
2017-05-26 02:00:00,25.22
2017-05-26 03:00:00,24.4
2017-05-26 04:00:00,24.39
2017-05-26 05:00:00,26.39
2017-05-26 06:00:00,33.94
2017-05-26 07:00:00,37.93
2017-05-26 08:00:00,38.3
2017-05-26 09:00:00,36.48
2017-05-26 10:00:00,34.01
2017-05-26 11:00:00,33.08
2017-05-26 12:00:00,30.86
2017-05-26 13:00:00,28.72
2017-05-26 14:00:00,27.64
2017-05-26 15:00:00,27.53
2017-05-26 16:00:00,28.85
2017-05-26 17:00:00,34.64
2017-05-26 18:00:00,38.85
2017-05-26 19:00:00,41.97
2017-05-26 20:00:00,39.53
2017-05-26 21:00:00,38.86
2017-05-26 22:00:00,39.96
2017-05-26 23:00:00,35.2
2017-05-27 00:00:00,35.91
2017-05-27 01:00:00,31.03
2017-05-27 02:00:00,27.6
2017-05-27 03:00:00,26.0
2017-05-27 04:00:00,24.58
2017-05-27 05:00:00,24.4
2017-05-27 06:00:00,26.1
2017-05-27 07:00:00,29.14
2017-05-27 08:00:00,30.13
2017-05-27 09:00:00,34.59
2017-05-27 10:00:00,35.0
2017-05-27 11:00:00,29.8
2017-05-27 12:00:00,25.09
2017-05-27 13:00:00,24.8
2017-05-27 14:00:00,25.97
2017-05-27 15:00:00,24.23
2017-05-27 16:00:00,24.93
2017-05-27 17:00:00,27.31
2017-05-27 18:00:00,34.3
2017-05-27 19:00:00,37.13
2017-05-27 20:00:00,35.97
2017-05-27 21:00:00,34.34
2017-05-27 22:00:00,37.52
2017-05-27 23:00:00,30.04
2017-05-28 00:00:00,28.21
2017-05-28 01:00:00,25.33
2017-05-28 02:00:00,22.4
2017-05-28 03:00:00,21.96
2017-05-28 04:00:00,24.78
2017-05-28 05:00:00,19.27
2017-05-28 06:00:00,14.64
2017-05-28 07:00:00,20.06
2017-05-28 08:00:00,22.28
2017-05-28 09:00:00,28.44
2017-05-28 10:00:00,25.0
2017-05-28 11:00:00,28.51
2017-05-28 12:00:00,29.14
2017-05-28 13:00:00,32.69
2017-05-28 14:00:00,26.71
2017-05-28 15:00:00,28.55
2017-05-28 16:00:00,25.09
2017-05-28 17:00:00,27.01
2017-05-28 18:00:00,35.0
2017-05-28 19:00:00,36.95
2017-05-28 20:00:00,38.66
2017-05-28 21:00:00,38.65
2017-05-28 22:00:00,40.66
2017-05-28 23:00:00,36.92
2017-05-29 00:00:00,29.02
2017-05-29 01:00:00,28.3
2017-05-29 02:00:00,26.27
2017-05-29 03:00:00,25.6
2017-05-29 04:00:00,25.6
2017-05-29 05:00:00,26.4
2017-05-29 06:00:00,35.97
2017-05-29 07:00:00,42.7
2017-05-29 08:00:00,43.06
2017-05-29 09:00:00,42.71
2017-05-29 10:00:00,41.98
2017-05-29 11:00:00,44.24
2017-05-29 12:00:00,43.27
2017-05-29 13:00:00,41.98
2017-05-29 14:00:00,41.53
2017-05-29 15:00:00,40.0
2017-05-29 16:00:00,38.32
2017-05-29 17:00:00,42.18
2017-05-29 18:00:00,44.08
2017-05-29 19:00:00,46.15
2017-05-29 20:00:00,43.76
2017-05-29 21:00:00,42.02
2017-05-29 22:00:00,40.91
2017-05-29 23:00:00,32.69
2017-05-30 00:00:00,35.81
2017-05-30 01:00:00,32.55
2017-05-30 02:00:00,30.93
2017-05-30 03:00:00,28.77
2017-05-30 04:00:00,28.41
2017-05-30 05:00:00,31.3
2017-05-30 06:00:00,38.05
2017-05-30 07:00:00,49.6
2017-05-30 08:00:00,52.23
2017-05-30 09:00:00,55.21
2017-05-30 10:00:00,57.8
2017-05-30 11:00:00,54.74
2017-05-30 12:00:00,48.92
2017-05-30 13:00:00,45.94
2017-05-30 14:00:00,39.84
2017-05-30 15:00:00,36.8
2017-05-30 16:00:00,35.75
2017-05-30 17:00:00,35.81
2017-05-30 18:00:00,40.56
2017-05-30 19:00:00,43.88
2017-05-30 20:00:00,40.06
2017-05-30 21:00:00,39.21
2017-05-30 22:00:00,54.2
2017-05-30 23:00:00,44.29
2017-05-31 00:00:00,34.38
2017-05-31 01:00:00,28.38
2017-05-31 02:00:00,29.54
2017-05-31 03:00:00,27.09
2017-05-31 04:00:00,27.37
2017-05-31 05:00:00,28.33
2017-05-31 06:00:00,32.09
2017-05-31 07:00:00,48.88
2017-05-31 08:00:00,62.46
2017-05-31 09:00:00,73.24
2017-05-31 10:00:00,79.38
2017-05-31 11:00:00,82.15
2017-05-31 12:00:00,51.39
2017-05-31 13:00:00,60.0
2017-05-31 14:00:00,67.83
2017-05-31 15:00:00,61.7
2017-05-31 16:00:00,51.6
2017-05-31 17:00:00,57.2
2017-05-31 18:00:00,63.74
2017-05-31 19:00:00,63.66
2017-05-31 20:00:00,41.45
2017-05-31 21:00:00,41.75
2017-05-31 22:00:00,52.6
2017-05-31 23:00:00,50.0
2017-06-01 00:00:00,30.51
2017-06-01 01:00:00,28.85
2017-06-01 02:00:00,28.94
2017-06-01 03:00:00,29.1
2017-06-01 04:00:00,28.8
2017-06-01 05:00:00,28.81
2017-06-01 06:00:00,34.43
2017-06-01 07:00:00,39.35
2017-06-01 08:00:00,41.28
2017-06-01 09:00:00,58.38
2017-06-01 10:00:00,52.01
2017-06-01 11:00:00,45.06
2017-06-01 12:00:00,35.13
2017-06-01 13:00:00,37.3
2017-06-01 14:00:00,34.7
2017-06-01 15:00:00,34.08
2017-06-01 16:00:00,35.08
2017-06-01 17:00:00,42.5
2017-06-01 18:00:00,50.0
2017-06-01 19:00:00,50.0
2017-06-01 20:00:00,49.9
2017-06-01 21:00:00,44.91
2017-06-01 22:00:00,44.95
2017-06-01 23:00:00,40.27
2017-06-02 00:00:00,30.41
2017-06-02 01:00:00,29.32
2017-06-02 02:00:00,28.38
2017-06-02 03:00:00,28.04
2017-06-02 04:00:00,28.32
2017-06-02 05:00:00,28.36
2017-06-02 06:00:00,35.33
2017-06-02 07:00:00,40.24
2017-06-02 08:00:00,41.5
2017-06-02 09:00:00,39.96
2017-06-02 10:00:00,38.67
2017-06-02 11:00:00,37.89
2017-06-02 12:00:00,37.34
2017-06-02 13:00:00,35.08
2017-06-02 14:00:00,33.62
2017-06-02 15:00:00,34.82
2017-06-02 16:00:00,35.96
2017-06-02 17:00:00,39.7
2017-06-02 18:00:00,42.78
2017-06-02 19:00:00,44.9
2017-06-02 20:00:00,43.52
2017-06-02 21:00:00,41.98
2017-06-02 22:00:00,41.96
2017-06-02 23:00:00,36.64
2017-06-03 00:00:00,30.08
2017-06-03 01:00:00,30.76
2017-06-03 02:00:00,28.74
2017-06-03 03:00:00,27.06
2017-06-03 04:00:00,26.49
2017-06-03 05:00:00,25.0
2017-06-03 06:00:00,26.51
2017-06-03 07:00:00,26.89
2017-06-03 08:00:00,30.79
2017-06-03 09:00:00,31.25
2017-06-03 10:00:00,28.31
2017-06-03 11:00:00,36.84
2017-06-03 12:00:00,41.06
2017-06-03 13:00:00,35.5
2017-06-03 14:00:00,32.08
2017-06-03 15:00:00,32.88
2017-06-03 16:00:00,29.6
2017-06-03 17:00:00,33.94
2017-06-03 18:00:00,37.3
2017-06-03 19:00:00,38.16
2017-06-03 20:00:00,36.96
2017-06-03 21:00:00,36.97
2017-06-03 22:00:00,39.78
2017-06-03 23:00:00,35.91
2017-06-04 00:00:00,29.93
2017-06-04 01:00:00,26.93
2017-06-04 02:00:00,22.5
2017-06-04 03:00:00,19.78
2017-06-04 04:00:00,19.33
2017-06-04 05:00:00,16.78
2017-06-04 06:00:00,17.98
2017-06-04 07:00:00,17.84
2017-06-04 08:00:00,20.76
2017-06-04 09:00:00,21.16
2017-06-04 10:00:00,20.22
2017-06-04 11:00:00,21.23
2017-06-04 12:00:00,22.41
2017-06-04 13:00:00,15.08
2017-06-04 14:00:00,11.22
2017-06-04 15:00:00,10.41
2017-06-04 16:00:00,16.27
2017-06-04 17:00:00,19.88
2017-06-04 18:00:00,26.3
2017-06-04 19:00:00,31.06
2017-06-04 20:00:00,34.91
2017-06-04 21:00:00,34.99
2017-06-04 22:00:00,39.91
2017-06-04 23:00:00,34.9
2017-06-05 00:00:00,28.92
2017-06-05 01:00:00,24.72
2017-06-05 02:00:00,23.09
2017-06-05 03:00:00,22.22
2017-06-05 04:00:00,22.19
2017-06-05 05:00:00,23.09
2017-06-05 06:00:00,23.5
2017-06-05 07:00:00,24.62
2017-06-05 08:00:00,27.02
2017-06-05 09:00:00,27.92
2017-06-05 10:00:00,29.75
2017-06-05 11:00:00,28.6
2017-06-05 12:00:00,30.0
2017-06-05 13:00:00,28.5
2017-06-05 14:00:00,26.39
2017-06-05 15:00:00,26.78
2017-06-05 16:00:00,26.86
2017-06-05 17:00:00,30.02
2017-06-05 18:00:00,35.94
2017-06-05 19:00:00,39.01
2017-06-05 20:00:00,39.0
2017-06-05 21:00:00,38.61
2017-06-05 22:00:00,38.42
2017-06-05 23:00:00,30.14
2017-06-06 00:00:00,24.22
2017-06-06 01:00:00,19.3
2017-06-06 02:00:00,14.49
2017-06-06 03:00:00,10.54
2017-06-06 04:00:00,8.52
2017-06-06 05:00:00,13.38
2017-06-06 06:00:00,20.94
2017-06-06 07:00:00,30.36
2017-06-06 08:00:00,36.08
2017-06-06 09:00:00,30.11
2017-06-06 10:00:00,28.09
2017-06-06 11:00:00,28.77
2017-06-06 12:00:00,27.45
2017-06-06 13:00:00,25.36
2017-06-06 14:00:00,24.77
2017-06-06 15:00:00,22.0
2017-06-06 16:00:00,20.74
2017-06-06 17:00:00,23.06
2017-06-06 18:00:00,24.27
2017-06-06 19:00:00,27.3
2017-06-06 20:00:00,24.57
2017-06-06 21:00:00,22.16
2017-06-06 22:00:00,22.99
2017-06-06 23:00:00,20.0
2017-06-07 00:00:00,15.88
2017-06-07 01:00:00,8.8
2017-06-07 02:00:00,6.82
2017-06-07 03:00:00,2.1
2017-06-07 04:00:00,1.74
2017-06-07 05:00:00,5.26
2017-06-07 06:00:00,12.33
2017-06-07 07:00:00,24.31
2017-06-07 08:00:00,33.9
2017-06-07 09:00:00,32.4
2017-06-07 10:00:00,32.36
2017-06-07 11:00:00,28.39
2017-06-07 12:00:00,24.39
2017-06-07 13:00:00,21.66
2017-06-07 14:00:00,25.18
2017-06-07 15:00:00,25.4
2017-06-07 16:00:00,24.0
2017-06-07 17:00:00,24.47
2017-06-07 18:00:00,28.5
2017-06-07 19:00:00,29.92
2017-06-07 20:00:00,30.31
2017-06-07 21:00:00,30.56
2017-06-07 22:00:00,39.56
2017-06-07 23:00:00,40.41
2017-06-08 00:00:00,21.81
2017-06-08 01:00:00,17.72
2017-06-08 02:00:00,17.42
2017-06-08 03:00:00,12.36
2017-06-08 04:00:00,12.54
2017-06-08 05:00:00,19.1
2017-06-08 06:00:00,32.77
2017-06-08 07:00:00,35.51
2017-06-08 08:00:00,35.51
2017-06-08 09:00:00,33.65
2017-06-08 10:00:00,32.25
2017-06-08 11:00:00,32.45
2017-06-08 12:00:00,31.13
2017-06-08 13:00:00,30.0
2017-06-08 14:00:00,29.88
2017-06-08 15:00:00,30.02
2017-06-08 16:00:00,31.65
2017-06-08 17:00:00,34.79
2017-06-08 18:00:00,38.01
2017-06-08 19:00:00,43.91
2017-06-08 20:00:00,41.87
2017-06-08 21:00:00,37.6
2017-06-08 22:00:00,36.13
2017-06-08 23:00:00,30.75
2017-06-09 00:00:00,28.18
2017-06-09 01:00:00,27.92
2017-06-09 02:00:00,25.88
2017-06-09 03:00:00,24.51
2017-06-09 04:00:00,24.77
2017-06-09 05:00:00,28.21
2017-06-09 06:00:00,33.29
2017-06-09 07:00:00,39.38
2017-06-09 08:00:00,42.59
2017-06-09 09:00:00,40.59
2017-06-09 10:00:00,40.22
2017-06-09 11:00:00,40.81
2017-06-09 12:00:00,36.38
2017-06-09 13:00:00,33.83
2017-06-09 14:00:00,31.05
2017-06-09 15:00:00,29.09
2017-06-09 16:00:00,29.69
2017-06-09 17:00:00,31.44
2017-06-09 18:00:00,33.2
2017-06-09 19:00:00,35.07
2017-06-09 20:00:00,34.97
2017-06-09 21:00:00,35.9
2017-06-09 22:00:00,37.86
2017-06-09 23:00:00,36.01
2017-06-10 00:00:00,34.65
2017-06-10 01:00:00,31.92
2017-06-10 02:00:00,28.9
2017-06-10 03:00:00,27.68
2017-06-10 04:00:00,27.06
2017-06-10 05:00:00,27.05
2017-06-10 06:00:00,27.79
2017-06-10 07:00:00,29.71
2017-06-10 08:00:00,30.9
2017-06-10 09:00:00,31.94
2017-06-10 10:00:00,29.9
2017-06-10 11:00:00,29.94
2017-06-10 12:00:00,28.35
2017-06-10 13:00:00,25.86
2017-06-10 14:00:00,25.01
2017-06-10 15:00:00,25.03
2017-06-10 16:00:00,26.6
2017-06-10 17:00:00,29.1
2017-06-10 18:00:00,35.41
2017-06-10 19:00:00,38.24
2017-06-10 20:00:00,38.78
2017-06-10 21:00:00,38.28
2017-06-10 22:00:00,39.68
2017-06-10 23:00:00,36.94
2017-06-11 00:00:00,29.1
2017-06-11 01:00:00,25.12
2017-06-11 02:00:00,21.78
2017-06-11 03:00:00,18.0
2017-06-11 04:00:00,15.56
2017-06-11 05:00:00,12.6
2017-06-11 06:00:00,12.84
2017-06-11 07:00:00,16.49
2017-06-11 08:00:00,18.0
2017-06-11 09:00:00,18.75
2017-06-11 10:00:00,18.95
2017-06-11 11:00:00,21.04
2017-06-11 12:00:00,28.62
2017-06-11 13:00:00,25.74
2017-06-11 14:00:00,15.41
2017-06-11 15:00:00,14.14
2017-06-11 16:00:00,18.87
2017-06-11 17:00:00,23.58
2017-06-11 18:00:00,30.36
2017-06-11 19:00:00,33.13
2017-06-11 20:00:00,33.62
2017-06-11 21:00:00,33.4
2017-06-11 22:00:00,33.7
2017-06-11 23:00:00,28.61
2017-06-12 00:00:00,25.02
2017-06-12 01:00:00,20.66
2017-06-12 02:00:00,18.15
2017-06-12 03:00:00,14.6
2017-06-12 04:00:00,15.66
2017-06-12 05:00:00,20.37
2017-06-12 06:00:00,30.08
2017-06-12 07:00:00,36.04
2017-06-12 08:00:00,36.45
2017-06-12 09:00:00,34.49
2017-06-12 10:00:00,35.9
2017-06-12 11:00:00,40.86
2017-06-12 12:00:00,36.29
2017-06-12 13:00:00,36.03
2017-06-12 14:00:00,34.9
2017-06-12 15:00:00,38.04
2017-06-12 16:00:00,40.0
2017-06-12 17:00:00,43.29
2017-06-12 18:00:00,40.19
2017-06-12 19:00:00,38.95
2017-06-12 20:00:00,35.91
2017-06-12 21:00:00,35.43
2017-06-12 22:00:00,36.99
2017-06-12 23:00:00,33.73
2017-06-13 00:00:00,29.57
2017-06-13 01:00:00,27.0
2017-06-13 02:00:00,27.71
2017-06-13 03:00:00,24.59
2017-06-13 04:00:00,24.87
2017-06-13 05:00:00,25.5
2017-06-13 06:00:00,33.12
2017-06-13 07:00:00,39.47
2017-06-13 08:00:00,40.0
2017-06-13 09:00:00,43.95
2017-06-13 10:00:00,42.0
2017-06-13 11:00:00,40.0
2017-06-13 12:00:00,32.24
2017-06-13 13:00:00,42.39
2017-06-13 14:00:00,31.13
2017-06-13 15:00:00,30.94
2017-06-13 16:00:00,33.98
2017-06-13 17:00:00,36.9
2017-06-13 18:00:00,38.52
2017-06-13 19:00:00,42.92
2017-06-13 20:00:00,41.95
2017-06-13 21:00:00,40.96
2017-06-13 22:00:00,41.12
2017-06-13 23:00:00,37.64
2017-06-14 00:00:00,32.21
2017-06-14 01:00:00,29.18
2017-06-14 02:00:00,28.95
2017-06-14 03:00:00,27.86
2017-06-14 04:00:00,27.5
2017-06-14 05:00:00,28.98
2017-06-14 06:00:00,34.4
2017-06-14 07:00:00,41.26
2017-06-14 08:00:00,43.76
2017-06-14 09:00:00,41.63
2017-06-14 10:00:00,41.12
2017-06-14 11:00:00,39.94
2017-06-14 12:00:00,36.94
2017-06-14 13:00:00,35.99
2017-06-14 14:00:00,35.92
2017-06-14 15:00:00,35.02
2017-06-14 16:00:00,35.85
2017-06-14 17:00:00,40.53
2017-06-14 18:00:00,45.26
2017-06-14 19:00:00,49.95
2017-06-14 20:00:00,44.64
2017-06-14 21:00:00,42.91
2017-06-14 22:00:00,42.8
2017-06-14 23:00:00,35.72
2017-06-15 00:00:00,33.0
2017-06-15 01:00:00,31.04
2017-06-15 02:00:00,30.97
2017-06-15 03:00:00,29.39
2017-06-15 04:00:00,28.8
2017-06-15 05:00:00,28.88
2017-06-15 06:00:00,32.02
2017-06-15 07:00:00,37.81
2017-06-15 08:00:00,38.0
2017-06-15 09:00:00,38.08
2017-06-15 10:00:00,43.88
2017-06-15 11:00:00,37.09
2017-06-15 12:00:00,36.51
2017-06-15 13:00:00,34.62
2017-06-15 14:00:00,29.41
2017-06-15 15:00:00,30.67
2017-06-15 16:00:00,29.51
2017-06-15 17:00:00,33.81
2017-06-15 18:00:00,36.9
2017-06-15 19:00:00,37.01
2017-06-15 20:00:00,36.62
2017-06-15 21:00:00,35.02
2017-06-15 22:00:00,34.58
2017-06-15 23:00:00,30.0
2017-06-16 00:00:00,28.5
2017-06-16 01:00:00,25.88
2017-06-16 02:00:00,23.28
2017-06-16 03:00:00,22.33
2017-06-16 04:00:00,21.28
2017-06-16 05:00:00,22.98
2017-06-16 06:00:00,28.69
2017-06-16 07:00:00,33.53
2017-06-16 08:00:00,35.36
2017-06-16 09:00:00,30.77
2017-06-16 10:00:00,30.69
2017-06-16 11:00:00,33.66
2017-06-16 12:00:00,42.84
2017-06-16 13:00:00,40.63
2017-06-16 14:00:00,37.63
2017-06-16 15:00:00,30.93
2017-06-16 16:00:00,30.8
2017-06-16 17:00:00,38.0
2017-06-16 18:00:00,39.9
2017-06-16 19:00:00,40.99
2017-06-16 20:00:00,30.0
2017-06-16 21:00:00,31.09
2017-06-16 22:00:00,33.34
2017-06-16 23:00:00,36.0
2017-06-17 00:00:00,32.16
2017-06-17 01:00:00,25.11
2017-06-17 02:00:00,29.99
2017-06-17 03:00:00,23.0
2017-06-17 04:00:00,22.08
2017-06-17 05:00:00,22.44
2017-06-17 06:00:00,21.89
2017-06-17 07:00:00,24.28
2017-06-17 08:00:00,24.84
2017-06-17 09:00:00,27.17
2017-06-17 10:00:00,29.86
2017-06-17 11:00:00,28.01
2017-06-17 12:00:00,29.51
2017-06-17 13:00:00,29.66
2017-06-17 14:00:00,25.3
2017-06-17 15:00:00,24.53
2017-06-17 16:00:00,23.31
2017-06-17 17:00:00,27.62
2017-06-17 18:00:00,31.63
2017-06-17 19:00:00,35.1
2017-06-17 20:00:00,35.83
2017-06-17 21:00:00,36.97
2017-06-17 22:00:00,38.0
2017-06-17 23:00:00,35.85
2017-06-18 00:00:00,35.99
2017-06-18 01:00:00,30.08
2017-06-18 02:00:00,28.53
2017-06-18 03:00:00,26.77
2017-06-18 04:00:00,24.43
2017-06-18 05:00:00,23.5
2017-06-18 06:00:00,21.08
2017-06-18 07:00:00,22.49
2017-06-18 08:00:00,23.9
2017-06-18 09:00:00,24.32
2017-06-18 10:00:00,24.34
2017-06-18 11:00:00,24.24
2017-06-18 12:00:00,24.13
2017-06-18 13:00:00,22.89
2017-06-18 14:00:00,21.98
2017-06-18 15:00:00,21.66
2017-06-18 16:00:00,23.6
2017-06-18 17:00:00,25.07
2017-06-18 18:00:00,33.52
2017-06-18 19:00:00,37.48
2017-06-18 20:00:00,38.98
2017-06-18 21:00:00,39.09
2017-06-18 22:00:00,41.22
2017-06-18 23:00:00,37.08
2017-06-19 00:00:00,33.88
2017-06-19 01:00:00,30.2
2017-06-19 02:00:00,29.1
2017-06-19 03:00:00,28.67
2017-06-19 04:00:00,28.57
2017-06-19 05:00:00,29.1
2017-06-19 06:00:00,38.3
2017-06-19 07:00:00,42.97
2017-06-19 08:00:00,44.03
2017-06-19 09:00:00,40.98
2017-06-19 10:00:00,38.24
2017-06-19 11:00:00,38.49
2017-06-19 12:00:00,34.96
2017-06-19 13:00:00,35.06
2017-06-19 14:00:00,35.88
2017-06-19 15:00:00,38.33
2017-06-19 16:00:00,39.51
2017-06-19 17:00:00,42.1
2017-06-19 18:00:00,45.6
2017-06-19 19:00:00,49.99
2017-06-19 20:00:00,45.4
2017-06-19 21:00:00,44.13
2017-06-19 22:00:00,43.68
2017-06-19 23:00:00,36.66
2017-06-20 00:00:00,32.39
2017-06-20 01:00:00,32.1
2017-06-20 02:00:00,30.15
2017-06-20 03:00:00,28.74
2017-06-20 04:00:00,28.47
2017-06-20 05:00:00,30.47
2017-06-20 06:00:00,36.81
2017-06-20 07:00:00,43.36
2017-06-20 08:00:00,44.02
2017-06-20 09:00:00,42.3
2017-06-20 10:00:00,39.66
2017-06-20 11:00:00,44.93
2017-06-20 12:00:00,32.75
2017-06-20 13:00:00,32.0
2017-06-20 14:00:00,31.84
2017-06-20 15:00:00,31.86
2017-06-20 16:00:00,37.03
2017-06-20 17:00:00,37.34
2017-06-20 18:00:00,38.08
2017-06-20 19:00:00,39.71
2017-06-20 20:00:00,39.95
2017-06-20 21:00:00,38.9
2017-06-20 22:00:00,37.46
2017-06-20 23:00:00,32.63
2017-06-21 00:00:00,30.17
2017-06-21 01:00:00,31.19
2017-06-21 02:00:00,30.39
2017-06-21 03:00:00,30.87
2017-06-21 04:00:00,30.68
2017-06-21 05:00:00,30.92
2017-06-21 06:00:00,38.41
2017-06-21 07:00:00,44.02
2017-06-21 08:00:00,44.65
2017-06-21 09:00:00,43.59
2017-06-21 10:00:00,40.45
2017-06-21 11:00:00,48.0
2017-06-21 12:00:00,46.78
2017-06-21 13:00:00,57.44
2017-06-21 14:00:00,61.0
2017-06-21 15:00:00,61.0
2017-06-21 16:00:00,60.5
2017-06-21 17:00:00,45.64
2017-06-21 18:00:00,50.94
2017-06-21 19:00:00,56.95
2017-06-21 20:00:00,51.03
2017-06-21 21:00:00,45.44
2017-06-21 22:00:00,54.52
2017-06-21 23:00:00,51.25
2017-06-22 00:00:00,35.94
2017-06-22 01:00:00,35.73
2017-06-22 02:00:00,32.04
2017-06-22 03:00:00,30.96
2017-06-22 04:00:00,29.2
2017-06-22 05:00:00,30.2
2017-06-22 06:00:00,36.36
2017-06-22 07:00:00,42.39
2017-06-22 08:00:00,44.8
2017-06-22 09:00:00,51.57
2017-06-22 10:00:00,56.44
2017-06-22 11:00:00,55.94
2017-06-22 12:00:00,44.2
2017-06-22 13:00:00,43.53
2017-06-22 14:00:00,40.53
2017-06-22 15:00:00,33.24
2017-06-22 16:00:00,41.09
2017-06-22 17:00:00,42.25
2017-06-22 18:00:00,39.9
2017-06-22 19:00:00,41.91
2017-06-22 20:00:00,38.99
2017-06-22 21:00:00,37.56
2017-06-22 22:00:00,41.21
2017-06-22 23:00:00,41.27
2017-06-23 00:00:00,31.94
2017-06-23 01:00:00,33.3
2017-06-23 02:00:00,29.1
2017-06-23 03:00:00,28.36
2017-06-23 04:00:00,29.3
2017-06-23 05:00:00,28.73
2017-06-23 06:00:00,31.36
2017-06-23 07:00:00,36.26
2017-06-23 08:00:00,38.28
2017-06-23 09:00:00,43.65
2017-06-23 10:00:00,44.37
2017-06-23 11:00:00,43.79
2017-06-23 12:00:00,38.39
2017-06-23 13:00:00,31.05
2017-06-23 14:00:00,37.71
2017-06-23 15:00:00,34.52
2017-06-23 16:00:00,32.85
2017-06-23 17:00:00,29.06
2017-06-23 18:00:00,36.46
2017-06-23 19:00:00,38.42
2017-06-23 20:00:00,38.44
2017-06-23 21:00:00,37.98
2017-06-23 22:00:00,39.23
2017-06-23 23:00:00,36.43
2017-06-24 00:00:00,29.33
2017-06-24 01:00:00,28.01
2017-06-24 02:00:00,24.01
2017-06-24 03:00:00,23.02
2017-06-24 04:00:00,20.6
2017-06-24 05:00:00,19.99
2017-06-24 06:00:00,22.09
2017-06-24 07:00:00,24.53
2017-06-24 08:00:00,25.66
2017-06-24 09:00:00,26.2
2017-06-24 10:00:00,26.06
2017-06-24 11:00:00,28.67
2017-06-24 12:00:00,29.77
2017-06-24 13:00:00,32.86
2017-06-24 14:00:00,36.1
2017-06-24 15:00:00,28.66
2017-06-24 16:00:00,28.0
2017-06-24 17:00:00,30.27
2017-06-24 18:00:00,29.59
2017-06-24 19:00:00,31.07
2017-06-24 20:00:00,29.6
2017-06-24 21:00:00,25.32
2017-06-24 22:00:00,31.94
2017-06-24 23:00:00,29.75
2017-06-25 00:00:00,28.06
2017-06-25 01:00:00,26.61
2017-06-25 02:00:00,21.0
2017-06-25 03:00:00,18.44
2017-06-25 04:00:00,14.6
2017-06-25 05:00:00,10.67
2017-06-25 06:00:00,13.47
2017-06-25 07:00:00,12.83
2017-06-25 08:00:00,18.38
2017-06-25 09:00:00,19.41
2017-06-25 10:00:00,18.07
2017-06-25 11:00:00,18.64
2017-06-25 12:00:00,16.89
2017-06-25 13:00:00,14.23
2017-06-25 14:00:00,12.0
2017-06-25 15:00:00,12.83
2017-06-25 16:00:00,14.6
2017-06-25 17:00:00,19.18
2017-06-25 18:00:00,24.88
2017-06-25 19:00:00,29.21
2017-06-25 20:00:00,33.94
2017-06-25 21:00:00,35.21
2017-06-25 22:00:00,38.91
2017-06-25 23:00:00,39.3
2017-06-26 00:00:00,33.29
2017-06-26 01:00:00,30.8
2017-06-26 02:00:00,28.03
2017-06-26 03:00:00,26.16
2017-06-26 04:00:00,28.1
2017-06-26 05:00:00,26.21
2017-06-26 06:00:00,37.12
2017-06-26 07:00:00,39.56
2017-06-26 08:00:00,44.0
2017-06-26 09:00:00,44.0
2017-06-26 10:00:00,44.74
2017-06-26 11:00:00,38.0
2017-06-26 12:00:00,37.13
2017-06-26 13:00:00,38.2
2017-06-26 14:00:00,45.69
2017-06-26 15:00:00,27.2
2017-06-26 16:00:00,28.03
2017-06-26 17:00:00,38.49
2017-06-26 18:00:00,39.9
2017-06-26 19:00:00,42.91
2017-06-26 20:00:00,41.58
2017-06-26 21:00:00,40.55
2017-06-26 22:00:00,42.4
2017-06-26 23:00:00,38.35
2017-06-27 00:00:00,28.94
2017-06-27 01:00:00,29.9
2017-06-27 02:00:00,29.09
2017-06-27 03:00:00,29.04
2017-06-27 04:00:00,28.62
2017-06-27 05:00:00,28.88
2017-06-27 06:00:00,37.23
2017-06-27 07:00:00,43.41
2017-06-27 08:00:00,46.66
2017-06-27 09:00:00,46.3
2017-06-27 10:00:00,46.69
2017-06-27 11:00:00,49.72
2017-06-27 12:00:00,47.57
2017-06-27 13:00:00,46.73
2017-06-27 14:00:00,43.7
2017-06-27 15:00:00,46.45
2017-06-27 16:00:00,44.25
2017-06-27 17:00:00,44.82
2017-06-27 18:00:00,44.78
2017-06-27 19:00:00,43.95
2017-06-27 20:00:00,40.24
2017-06-27 21:00:00,38.21
2017-06-27 22:00:00,40.48
2017-06-27 23:00:00,37.33
2017-06-28 00:00:00,39.18
2017-06-28 01:00:00,31.13
2017-06-28 02:00:00,27.4
2017-06-28 03:00:00,26.46
2017-06-28 04:00:00,25.96
2017-06-28 05:00:00,27.96
2017-06-28 06:00:00,32.76
2017-06-28 07:00:00,38.64
2017-06-28 08:00:00,41.51
2017-06-28 09:00:00,41.99
2017-06-28 10:00:00,41.95
2017-06-28 11:00:00,42.7
2017-06-28 12:00:00,41.45
2017-06-28 13:00:00,41.2
2017-06-28 14:00:00,38.22
2017-06-28 15:00:00,37.0
2017-06-28 16:00:00,34.9
2017-06-28 17:00:00,38.4
2017-06-28 18:00:00,38.97
2017-06-28 19:00:00,40.0
2017-06-28 20:00:00,38.95
2017-06-28 21:00:00,35.61
2017-06-28 22:00:00,35.92
2017-06-28 23:00:00,32.63
2017-06-29 00:00:00,32.42
2017-06-29 01:00:00,30.59
2017-06-29 02:00:00,29.94
2017-06-29 03:00:00,29.03
2017-06-29 04:00:00,29.05
2017-06-29 05:00:00,30.12
2017-06-29 06:00:00,33.95
2017-06-29 07:00:00,41.9
2017-06-29 08:00:00,46.96
2017-06-29 09:00:00,47.53
2017-06-29 10:00:00,47.53
2017-06-29 11:00:00,47.81
2017-06-29 12:00:00,45.99
2017-06-29 13:00:00,45.2
2017-06-29 14:00:00,41.71
2017-06-29 15:00:00,39.17
2017-06-29 16:00:00,38.28
2017-06-29 17:00:00,38.23
2017-06-29 18:00:00,38.94
2017-06-29 19:00:00,39.01
2017-06-29 20:00:00,35.52
2017-06-29 21:00:00,34.99
2017-06-29 22:00:00,39.21
2017-06-29 23:00:00,34.69
2017-06-30 00:00:00,29.29
2017-06-30 01:00:00,29.01
2017-06-30 02:00:00,28.06
2017-06-30 03:00:00,27.0
2017-06-30 04:00:00,25.58
2017-06-30 05:00:00,28.0
2017-06-30 06:00:00,31.96
2017-06-30 07:00:00,37.93
2017-06-30 08:00:00,38.91
2017-06-30 09:00:00,36.91
2017-06-30 10:00:00,36.71
2017-06-30 11:00:00,39.18
2017-06-30 12:00:00,37.34
2017-06-30 13:00:00,32.02
2017-06-30 14:00:00,32.33
2017-06-30 15:00:00,30.0
2017-06-30 16:00:00,28.58
2017-06-30 17:00:00,30.51
2017-06-30 18:00:00,36.36
2017-06-30 19:00:00,38.92
2017-06-30 20:00:00,38.71
2017-06-30 21:00:00,36.61
2017-06-30 22:00:00,38.95
2017-06-30 23:00:00,39.34
2017-07-01 00:00:00,51.9
2017-07-01 01:00:00,48.17
2017-07-01 02:00:00,28.6
2017-07-01 03:00:00,28.01
2017-07-01 04:00:00,26.84
2017-07-01 05:00:00,25.59
2017-07-01 06:00:00,25.56
2017-07-01 07:00:00,26.77
2017-07-01 08:00:00,28.82
2017-07-01 09:00:00,32.4
2017-07-01 10:00:00,33.35
2017-07-01 11:00:00,33.15
2017-07-01 12:00:00,38.0
2017-07-01 13:00:00,32.4
2017-07-01 14:00:00,26.33
2017-07-01 15:00:00,26.53
2017-07-01 16:00:00,26.09
2017-07-01 17:00:00,29.01
2017-07-01 18:00:00,30.44
2017-07-01 19:00:00,35.0
2017-07-01 20:00:00,35.92
2017-07-01 21:00:00,34.21
2017-07-01 22:00:00,53.48
2017-07-01 23:00:00,51.92
2017-07-02 00:00:00,41.9
2017-07-02 01:00:00,32.28
2017-07-02 02:00:00,29.53
2017-07-02 03:00:00,23.19
2017-07-02 04:00:00,26.55
2017-07-02 05:00:00,23.1
2017-07-02 06:00:00,21.38
2017-07-02 07:00:00,23.07
2017-07-02 08:00:00,24.76
2017-07-02 09:00:00,25.56
2017-07-02 10:00:00,28.3
2017-07-02 11:00:00,27.13
2017-07-02 12:00:00,34.52
2017-07-02 13:00:00,28.3
2017-07-02 14:00:00,26.82
2017-07-02 15:00:00,22.52
2017-07-02 16:00:00,20.63
2017-07-02 17:00:00,28.65
2017-07-02 18:00:00,32.0
2017-07-02 19:00:00,37.89
2017-07-02 20:00:00,35.37
2017-07-02 21:00:00,37.0
2017-07-02 22:00:00,46.99
2017-07-02 23:00:00,39.66
2017-07-03 00:00:00,41.47
2017-07-03 01:00:00,35.1
2017-07-03 02:00:00,28.41
2017-07-03 03:00:00,27.0
2017-07-03 04:00:00,24.86
2017-07-03 05:00:00,26.78
2017-07-03 06:00:00,34.93
2017-07-03 07:00:00,41.25
2017-07-03 08:00:00,41.5
2017-07-03 09:00:00,41.47
2017-07-03 10:00:00,43.56
2017-07-03 11:00:00,37.68
2017-07-03 12:00:00,29.9
2017-07-03 13:00:00,28.69
2017-07-03 14:00:00,26.94
2017-07-03 15:00:00,28.02
2017-07-03 16:00:00,28.59
2017-07-03 17:00:00,37.45
2017-07-03 18:00:00,38.94
2017-07-03 19:00:00,43.79
2017-07-03 20:00:00,40.91
2017-07-03 21:00:00,39.37
2017-07-03 22:00:00,46.12
2017-07-03 23:00:00,34.8
2017-07-04 00:00:00,28.83
2017-07-04 01:00:00,28.63
2017-07-04 02:00:00,28.49
2017-07-04 03:00:00,28.43
2017-07-04 04:00:00,27.99
2017-07-04 05:00:00,28.44
2017-07-04 06:00:00,35.85
2017-07-04 07:00:00,41.53
2017-07-04 08:00:00,42.61
2017-07-04 09:00:00,49.69
2017-07-04 10:00:00,49.8
2017-07-04 11:00:00,50.77
2017-07-04 12:00:00,43.12
2017-07-04 13:00:00,49.37
2017-07-04 14:00:00,43.6
2017-07-04 15:00:00,41.11
2017-07-04 16:00:00,35.45
2017-07-04 17:00:00,39.09
2017-07-04 18:00:00,41.09
2017-07-04 19:00:00,44.37
2017-07-04 20:00:00,43.1
2017-07-04 21:00:00,41.68
2017-07-04 22:00:00,41.4
2017-07-04 23:00:00,35.37
2017-07-05 00:00:00,33.22
2017-07-05 01:00:00,31.34
2017-07-05 02:00:00,31.02
2017-07-05 03:00:00,29.07
2017-07-05 04:00:00,29.54
2017-07-05 05:00:00,31.89
2017-07-05 06:00:00,37.9
2017-07-05 07:00:00,43.92
2017-07-05 08:00:00,46.01
2017-07-05 09:00:00,46.41
2017-07-05 10:00:00,47.33
2017-07-05 11:00:00,49.6
2017-07-05 12:00:00,43.48
2017-07-05 13:00:00,41.82
2017-07-05 14:00:00,40.58
2017-07-05 15:00:00,38.83
2017-07-05 16:00:00,39.79
2017-07-05 17:00:00,42.27
2017-07-05 18:00:00,43.61
2017-07-05 19:00:00,44.55
2017-07-05 20:00:00,44.15
2017-07-05 21:00:00,43.93
2017-07-05 22:00:00,43.25
2017-07-05 23:00:00,38.35
2017-07-06 00:00:00,32.3
2017-07-06 01:00:00,32.0
2017-07-06 02:00:00,29.0
2017-07-06 03:00:00,30.11
2017-07-06 04:00:00,29.19
2017-07-06 05:00:00,32.06
2017-07-06 06:00:00,36.94
2017-07-06 07:00:00,42.29
2017-07-06 08:00:00,48.24
2017-07-06 09:00:00,45.67
2017-07-06 10:00:00,43.57
2017-07-06 11:00:00,42.39
2017-07-06 12:00:00,37.64
2017-07-06 13:00:00,41.38
2017-07-06 14:00:00,44.3
2017-07-06 15:00:00,49.48
2017-07-06 16:00:00,50.57
2017-07-06 17:00:00,51.0
2017-07-06 18:00:00,45.87
2017-07-06 19:00:00,53.71
2017-07-06 20:00:00,49.56
2017-07-06 21:00:00,46.03
2017-07-06 22:00:00,45.43
2017-07-06 23:00:00,39.86
2017-07-07 00:00:00,31.1
2017-07-07 01:00:00,31.87
2017-07-07 02:00:00,30.8
2017-07-07 03:00:00,30.69
2017-07-07 04:00:00,29.64
2017-07-07 05:00:00,30.84
2017-07-07 06:00:00,35.87
2017-07-07 07:00:00,41.88
2017-07-07 08:00:00,45.54
2017-07-07 09:00:00,45.58
2017-07-07 10:00:00,44.61
2017-07-07 11:00:00,44.9
2017-07-07 12:00:00,40.97
2017-07-07 13:00:00,36.18
2017-07-07 14:00:00,33.74
2017-07-07 15:00:00,33.19
2017-07-07 16:00:00,32.4
2017-07-07 17:00:00,37.87
2017-07-07 18:00:00,40.58
2017-07-07 19:00:00,42.74
2017-07-07 20:00:00,41.8
2017-07-07 21:00:00,40.46
2017-07-07 22:00:00,43.82
2017-07-07 23:00:00,35.91
2017-07-08 00:00:00,37.08
2017-07-08 01:00:00,34.64
2017-07-08 02:00:00,32.05
2017-07-08 03:00:00,30.68
2017-07-08 04:00:00,29.87
2017-07-08 05:00:00,29.09
2017-07-08 06:00:00,30.0
2017-07-08 07:00:00,32.02
2017-07-08 08:00:00,34.58
2017-07-08 09:00:00,36.71
2017-07-08 10:00:00,35.89
2017-07-08 11:00:00,35.37
2017-07-08 12:00:00,33.22
2017-07-08 13:00:00,31.41
2017-07-08 14:00:00,30.18
2017-07-08 15:00:00,30.05
2017-07-08 16:00:00,31.4
2017-07-08 17:00:00,33.18
2017-07-08 18:00:00,36.98
2017-07-08 19:00:00,40.04
2017-07-08 20:00:00,39.63
2017-07-08 21:00:00,39.82
2017-07-08 22:00:00,42.09
2017-07-08 23:00:00,39.67
2017-07-09 00:00:00,32.21
2017-07-09 01:00:00,31.08
2017-07-09 02:00:00,29.84
2017-07-09 03:00:00,29.2
2017-07-09 04:00:00,29.62
2017-07-09 05:00:00,29.46
2017-07-09 06:00:00,29.49
2017-07-09 07:00:00,29.83
2017-07-09 08:00:00,30.03
2017-07-09 09:00:00,31.26
2017-07-09 10:00:00,31.26
2017-07-09 11:00:00,32.4
2017-07-09 12:00:00,32.07
2017-07-09 13:00:00,31.0
2017-07-09 14:00:00,29.88
2017-07-09 15:00:00,30.69
2017-07-09 16:00:00,31.28
2017-07-09 17:00:00,33.8
2017-07-09 18:00:00,36.75
2017-07-09 19:00:00,40.53
2017-07-09 20:00:00,40.53
2017-07-09 21:00:00,40.59
2017-07-09 22:00:00,42.28
2017-07-09 23:00:00,40.08
2017-07-10 00:00:00,32.76
2017-07-10 01:00:00,29.92
2017-07-10 02:00:00,29.44
2017-07-10 03:00:00,29.59
2017-07-10 04:00:00,29.31
2017-07-10 05:00:00,30.6
2017-07-10 06:00:00,38.03
2017-07-10 07:00:00,44.03
2017-07-10 08:00:00,50.07
2017-07-10 09:00:00,50.0
2017-07-10 10:00:00,48.73
2017-07-10 11:00:00,48.72
2017-07-10 12:00:00,47.69
2017-07-10 13:00:00,46.65
2017-07-10 14:00:00,44.18
2017-07-10 15:00:00,42.93
2017-07-10 16:00:00,40.65
2017-07-10 17:00:00,40.95
2017-07-10 18:00:00,41.62
2017-07-10 19:00:00,42.97
2017-07-10 20:00:00,40.21
2017-07-10 21:00:00,38.86
2017-07-10 22:00:00,39.92
2017-07-10 23:00:00,31.0
2017-07-11 00:00:00,30.93
2017-07-11 01:00:00,30.28
2017-07-11 02:00:00,29.63
2017-07-11 03:00:00,28.96
2017-07-11 04:00:00,28.95
2017-07-11 05:00:00,30.08
2017-07-11 06:00:00,34.51
2017-07-11 07:00:00,41.43
2017-07-11 08:00:00,44.22
2017-07-11 09:00:00,43.43
2017-07-11 10:00:00,42.03
2017-07-11 11:00:00,41.45
2017-07-11 12:00:00,39.34
2017-07-11 13:00:00,35.43
2017-07-11 14:00:00,33.85
2017-07-11 15:00:00,34.41
2017-07-11 16:00:00,35.39
2017-07-11 17:00:00,37.62
2017-07-11 18:00:00,39.99
2017-07-11 19:00:00,41.58
2017-07-11 20:00:00,40.7
2017-07-11 21:00:00,38.94
2017-07-11 22:00:00,39.36
2017-07-11 23:00:00,34.25
2017-07-12 00:00:00,32.29
2017-07-12 01:00:00,30.14
2017-07-12 02:00:00,29.1
2017-07-12 03:00:00,28.52
2017-07-12 04:00:00,28.43
2017-07-12 05:00:00,29.3
2017-07-12 06:00:00,32.95
2017-07-12 07:00:00,39.81
2017-07-12 08:00:00,44.01
2017-07-12 09:00:00,44.31
2017-07-12 10:00:00,44.16
2017-07-12 11:00:00,43.9
2017-07-12 12:00:00,41.07
2017-07-12 13:00:00,39.9
2017-07-12 14:00:00,37.27
2017-07-12 15:00:00,33.93
2017-07-12 16:00:00,32.19
2017-07-12 17:00:00,33.29
2017-07-12 18:00:00,33.02
2017-07-12 19:00:00,35.9
2017-07-12 20:00:00,34.92
2017-07-12 21:00:00,33.74
2017-07-12 22:00:00,42.49
2017-07-12 23:00:00,39.9
2017-07-13 00:00:00,28.85
2017-07-13 01:00:00,31.25
2017-07-13 02:00:00,30.86
2017-07-13 03:00:00,29.1
2017-07-13 04:00:00,27.4
2017-07-13 05:00:00,28.09
2017-07-13 06:00:00,31.06
2017-07-13 07:00:00,38.12
2017-07-13 08:00:00,36.73
2017-07-13 09:00:00,36.07
2017-07-13 10:00:00,35.52
2017-07-13 11:00:00,34.96
2017-07-13 12:00:00,29.9
2017-07-13 13:00:00,29.0
2017-07-13 14:00:00,29.0
2017-07-13 15:00:00,30.1
2017-07-13 16:00:00,33.46
2017-07-13 17:00:00,38.08
2017-07-13 18:00:00,41.35
2017-07-13 19:00:00,46.82
2017-07-13 20:00:00,45.09
2017-07-13 21:00:00,42.93
2017-07-13 22:00:00,42.13
2017-07-13 23:00:00,38.12
2017-07-14 00:00:00,34.2
2017-07-14 01:00:00,32.34
2017-07-14 02:00:00,30.36
2017-07-14 03:00:00,29.08
2017-07-14 04:00:00,29.47
2017-07-14 05:00:00,30.33
2017-07-14 06:00:00,31.46
2017-07-14 07:00:00,33.5
2017-07-14 08:00:00,34.92
2017-07-14 09:00:00,34.71
2017-07-14 10:00:00,36.06
2017-07-14 11:00:00,38.04
2017-07-14 12:00:00,37.1
2017-07-14 13:00:00,35.97
2017-07-14 14:00:00,31.91
2017-07-14 15:00:00,30.34
2017-07-14 16:00:00,31.29
2017-07-14 17:00:00,33.04
2017-07-14 18:00:00,33.0
2017-07-14 19:00:00,36.62
2017-07-14 20:00:00,39.11
2017-07-14 21:00:00,39.1
2017-07-14 22:00:00,39.71
2017-07-14 23:00:00,36.5
2017-07-15 00:00:00,34.57
2017-07-15 01:00:00,31.08
2017-07-15 02:00:00,30.82
2017-07-15 03:00:00,30.01
2017-07-15 04:00:00,29.4
2017-07-15 05:00:00,29.17
2017-07-15 06:00:00,30.46
2017-07-15 07:00:00,30.82
2017-07-15 08:00:00,31.94
2017-07-15 09:00:00,33.81
2017-07-15 10:00:00,33.43
2017-07-15 11:00:00,33.06
2017-07-15 12:00:00,32.22
2017-07-15 13:00:00,30.76
2017-07-15 14:00:00,29.07
2017-07-15 15:00:00,28.64
2017-07-15 16:00:00,29.04
2017-07-15 17:00:00,30.98
2017-07-15 18:00:00,35.21
2017-07-15 19:00:00,37.54
2017-07-15 20:00:00,37.0
2017-07-15 21:00:00,36.9
2017-07-15 22:00:00,37.98
2017-07-15 23:00:00,36.01
2017-07-16 00:00:00,34.65
2017-07-16 01:00:00,30.05
2017-07-16 02:00:00,28.68
2017-07-16 03:00:00,27.78
2017-07-16 04:00:00,27.72
2017-07-16 05:00:00,27.4
2017-07-16 06:00:00,27.53
2017-07-16 07:00:00,27.6
2017-07-16 08:00:00,27.4
2017-07-16 09:00:00,28.49
2017-07-16 10:00:00,28.99
2017-07-16 11:00:00,28.99
2017-07-16 12:00:00,29.76
2017-07-16 13:00:00,26.95
2017-07-16 14:00:00,26.02
2017-07-16 15:00:00,25.38
2017-07-16 16:00:00,27.55
2017-07-16 17:00:00,28.57
2017-07-16 18:00:00,31.79
2017-07-16 19:00:00,35.41
2017-07-16 20:00:00,36.65
2017-07-16 21:00:00,37.14
2017-07-16 22:00:00,41.02
2017-07-16 23:00:00,38.79
2017-07-17 00:00:00,31.47
2017-07-17 01:00:00,30.11
2017-07-17 02:00:00,29.32
2017-07-17 03:00:00,27.57
2017-07-17 04:00:00,27.92
2017-07-17 05:00:00,29.21
2017-07-17 06:00:00,34.92
2017-07-17 07:00:00,38.01
2017-07-17 08:00:00,42.28
2017-07-17 09:00:00,42.3
2017-07-17 10:00:00,42.4
2017-07-17 11:00:00,42.74
2017-07-17 12:00:00,40.76
2017-07-17 13:00:00,36.95
2017-07-17 14:00:00,34.83
2017-07-17 15:00:00,34.89
2017-07-17 16:00:00,35.84
2017-07-17 17:00:00,39.94
2017-07-17 18:00:00,42.05
2017-07-17 19:00:00,44.95
2017-07-17 20:00:00,43.79
2017-07-17 21:00:00,40.98
2017-07-17 22:00:00,40.95
2017-07-17 23:00:00,35.4
2017-07-18 00:00:00,33.69
2017-07-18 01:00:00,31.18
2017-07-18 02:00:00,29.85
2017-07-18 03:00:00,29.56
2017-07-18 04:00:00,30.28
2017-07-18 05:00:00,31.76
2017-07-18 06:00:00,32.0
2017-07-18 07:00:00,40.09
2017-07-18 08:00:00,42.88
2017-07-18 09:00:00,42.43
2017-07-18 10:00:00,41.75
2017-07-18 11:00:00,38.92
2017-07-18 12:00:00,34.12
2017-07-18 13:00:00,31.35
2017-07-18 14:00:00,31.66
2017-07-18 15:00:00,33.49
2017-07-18 16:00:00,38.44
2017-07-18 17:00:00,42.97
2017-07-18 18:00:00,45.64
2017-07-18 19:00:00,46.52
2017-07-18 20:00:00,43.63
2017-07-18 21:00:00,34.71
2017-07-18 22:00:00,40.7
2017-07-18 23:00:00,30.61
2017-07-19 00:00:00,30.93
2017-07-19 01:00:00,29.59
2017-07-19 02:00:00,28.62
2017-07-19 03:00:00,27.3
2017-07-19 04:00:00,27.41
2017-07-19 05:00:00,28.74
2017-07-19 06:00:00,29.9
2017-07-19 07:00:00,32.4
2017-07-19 08:00:00,37.14
2017-07-19 09:00:00,40.08
2017-07-19 10:00:00,37.5
2017-07-19 11:00:00,32.42
2017-07-19 12:00:00,28.6
2017-07-19 13:00:00,35.77
2017-07-19 14:00:00,34.46
2017-07-19 15:00:00,36.39
2017-07-19 16:00:00,38.03
2017-07-19 17:00:00,40.52
2017-07-19 18:00:00,42.97
2017-07-19 19:00:00,44.0
2017-07-19 20:00:00,42.16
2017-07-19 21:00:00,40.58
2017-07-19 22:00:00,39.09
2017-07-19 23:00:00,36.04
2017-07-20 00:00:00,30.54
2017-07-20 01:00:00,31.46
2017-07-20 02:00:00,29.6
2017-07-20 03:00:00,28.1
2017-07-20 04:00:00,28.52
2017-07-20 05:00:00,29.66
2017-07-20 06:00:00,28.12
2017-07-20 07:00:00,38.44
2017-07-20 08:00:00,42.3
2017-07-20 09:00:00,43.25
2017-07-20 10:00:00,41.73
2017-07-20 11:00:00,41.93
2017-07-20 12:00:00,40.0
2017-07-20 13:00:00,38.36
2017-07-20 14:00:00,36.9
2017-07-20 15:00:00,35.74
2017-07-20 16:00:00,34.48
2017-07-20 17:00:00,36.97
2017-07-20 18:00:00,39.77
2017-07-20 19:00:00,41.93
2017-07-20 20:00:00,41.05
2017-07-20 21:00:00,40.11
2017-07-20 22:00:00,39.74
2017-07-20 23:00:00,34.29
2017-07-21 00:00:00,28.34
2017-07-21 01:00:00,28.09
2017-07-21 02:00:00,28.42
2017-07-21 03:00:00,27.07
2017-07-21 04:00:00,27.32
2017-07-21 05:00:00,29.99
2017-07-21 06:00:00,29.0
2017-07-21 07:00:00,40.06
2017-07-21 08:00:00,41.83
2017-07-21 09:00:00,40.87
2017-07-21 10:00:00,38.44
2017-07-21 11:00:00,39.04
2017-07-21 12:00:00,31.21
2017-07-21 13:00:00,25.04
2017-07-21 14:00:00,27.71
2017-07-21 15:00:00,27.17
2017-07-21 16:00:00,35.11
2017-07-21 17:00:00,39.01
2017-07-21 18:00:00,41.42
2017-07-21 19:00:00,42.63
2017-07-21 20:00:00,42.01
2017-07-21 21:00:00,40.57
2017-07-21 22:00:00,41.38
2017-07-21 23:00:00,35.73
2017-07-22 00:00:00,32.2
2017-07-22 01:00:00,31.57
2017-07-22 02:00:00,29.92
2017-07-22 03:00:00,28.74
2017-07-22 04:00:00,28.75
2017-07-22 05:00:00,28.54
2017-07-22 06:00:00,29.7
2017-07-22 07:00:00,30.92
2017-07-22 08:00:00,34.96
2017-07-22 09:00:00,36.47
2017-07-22 10:00:00,35.69
2017-07-22 11:00:00,34.66
2017-07-22 12:00:00,32.25
2017-07-22 13:00:00,30.02
2017-07-22 14:00:00,29.48
2017-07-22 15:00:00,29.9
2017-07-22 16:00:00,30.55
2017-07-22 17:00:00,33.25
2017-07-22 18:00:00,38.52
2017-07-22 19:00:00,39.89
2017-07-22 20:00:00,39.0
2017-07-22 21:00:00,38.09
2017-07-22 22:00:00,40.0
2017-07-22 23:00:00,36.67
2017-07-23 00:00:00,32.99
2017-07-23 01:00:00,28.78
2017-07-23 02:00:00,26.69
2017-07-23 03:00:00,23.28
2017-07-23 04:00:00,19.49
2017-07-23 05:00:00,21.56
2017-07-23 06:00:00,22.99
2017-07-23 07:00:00,15.29
2017-07-23 08:00:00,23.98
2017-07-23 09:00:00,24.36
2017-07-23 10:00:00,20.21
2017-07-23 11:00:00,25.61
2017-07-23 12:00:00,27.89
2017-07-23 13:00:00,25.57
2017-07-23 14:00:00,20.21
2017-07-23 15:00:00,15.0
2017-07-23 16:00:00,19.58
2017-07-23 17:00:00,25.38
2017-07-23 18:00:00,29.62
2017-07-23 19:00:00,37.05
2017-07-23 20:00:00,38.51
2017-07-23 21:00:00,39.42
2017-07-23 22:00:00,42.85
2017-07-23 23:00:00,39.82
2017-07-24 00:00:00,39.65
2017-07-24 01:00:00,35.62
2017-07-24 02:00:00,32.7
2017-07-24 03:00:00,31.28
2017-07-24 04:00:00,30.46
2017-07-24 05:00:00,33.24
2017-07-24 06:00:00,32.97
2017-07-24 07:00:00,44.18
2017-07-24 08:00:00,42.6
2017-07-24 09:00:00,48.23
2017-07-24 10:00:00,48.45
2017-07-24 11:00:00,47.77
2017-07-24 12:00:00,46.47
2017-07-24 13:00:00,44.91
2017-07-24 14:00:00,42.29
2017-07-24 15:00:00,40.94
2017-07-24 16:00:00,39.2
2017-07-24 17:00:00,39.7
2017-07-24 18:00:00,38.18
2017-07-24 19:00:00,38.66
2017-07-24 20:00:00,36.43
2017-07-24 21:00:00,34.73
2017-07-24 22:00:00,34.59
2017-07-24 23:00:00,25.82
2017-07-25 00:00:00,31.01
2017-07-25 01:00:00,28.96
2017-07-25 02:00:00,27.09
2017-07-25 03:00:00,27.47
2017-07-25 04:00:00,26.04
2017-07-25 05:00:00,26.21
2017-07-25 06:00:00,31.63
2017-07-25 07:00:00,37.96
2017-07-25 08:00:00,39.26
2017-07-25 09:00:00,40.06
2017-07-25 10:00:00,40.37
2017-07-25 11:00:00,40.8
2017-07-25 12:00:00,39.75
2017-07-25 13:00:00,38.94
2017-07-25 14:00:00,36.83
2017-07-25 15:00:00,33.21
2017-07-25 16:00:00,30.53
2017-07-25 17:00:00,34.99
2017-07-25 18:00:00,35.44
2017-07-25 19:00:00,32.24
2017-07-25 20:00:00,32.74
2017-07-25 21:00:00,32.96
2017-07-25 22:00:00,32.21
2017-07-25 23:00:00,29.01
2017-07-26 00:00:00,25.74
2017-07-26 01:00:00,25.54
2017-07-26 02:00:00,23.94
2017-07-26 03:00:00,22.54
2017-07-26 04:00:00,22.22
2017-07-26 05:00:00,26.16
2017-07-26 06:00:00,29.08
2017-07-26 07:00:00,34.49
2017-07-26 08:00:00,37.78
2017-07-26 09:00:00,37.92
2017-07-26 10:00:00,37.37
2017-07-26 11:00:00,37.29
2017-07-26 12:00:00,36.73
2017-07-26 13:00:00,37.43
2017-07-26 14:00:00,35.57
2017-07-26 15:00:00,35.03
2017-07-26 16:00:00,34.38
2017-07-26 17:00:00,35.27
2017-07-26 18:00:00,36.39
2017-07-26 19:00:00,37.94
2017-07-26 20:00:00,36.93
2017-07-26 21:00:00,35.93
2017-07-26 22:00:00,35.31
2017-07-26 23:00:00,27.7
2017-07-27 00:00:00,28.75
2017-07-27 01:00:00,26.7
2017-07-27 02:00:00,24.85
2017-07-27 03:00:00,23.69
2017-07-27 04:00:00,24.48
2017-07-27 05:00:00,27.02
2017-07-27 06:00:00,29.19
2017-07-27 07:00:00,35.31
2017-07-27 08:00:00,37.91
2017-07-27 09:00:00,37.89
2017-07-27 10:00:00,38.05
2017-07-27 11:00:00,38.48
2017-07-27 12:00:00,38.5
2017-07-27 13:00:00,38.03
2017-07-27 14:00:00,36.0
2017-07-27 15:00:00,34.52
2017-07-27 16:00:00,32.0
2017-07-27 17:00:00,35.74
2017-07-27 18:00:00,34.83
2017-07-27 19:00:00,33.59
2017-07-27 20:00:00,32.59
2017-07-27 21:00:00,35.39
2017-07-27 22:00:00,36.55
2017-07-27 23:00:00,30.0
2017-07-28 00:00:00,33.86
2017-07-28 01:00:00,29.04
2017-07-28 02:00:00,28.1
2017-07-28 03:00:00,26.8
2017-07-28 04:00:00,26.34
2017-07-28 05:00:00,27.48
2017-07-28 06:00:00,32.13
2017-07-28 07:00:00,38.0
2017-07-28 08:00:00,38.8
2017-07-28 09:00:00,37.05
2017-07-28 10:00:00,35.5
2017-07-28 11:00:00,29.13
2017-07-28 12:00:00,23.69
2017-07-28 13:00:00,21.72
2017-07-28 14:00:00,21.52
2017-07-28 15:00:00,24.31
2017-07-28 16:00:00,26.52
2017-07-28 17:00:00,28.87
2017-07-28 18:00:00,34.15
2017-07-28 19:00:00,36.96
2017-07-28 20:00:00,36.94
2017-07-28 21:00:00,36.3
2017-07-28 22:00:00,35.95
2017-07-28 23:00:00,32.24
2017-07-29 00:00:00,27.77
2017-07-29 01:00:00,23.35
2017-07-29 02:00:00,18.99
2017-07-29 03:00:00,14.17
2017-07-29 04:00:00,10.04
2017-07-29 05:00:00,11.89
2017-07-29 06:00:00,14.41
2017-07-29 07:00:00,14.48
2017-07-29 08:00:00,16.43
2017-07-29 09:00:00,20.31
2017-07-29 10:00:00,12.27
2017-07-29 11:00:00,19.54
2017-07-29 12:00:00,11.64
2017-07-29 13:00:00,13.12
2017-07-29 14:00:00,14.23
2017-07-29 15:00:00,18.74
2017-07-29 16:00:00,21.72
2017-07-29 17:00:00,26.06
2017-07-29 18:00:00,30.13
2017-07-29 19:00:00,33.04
2017-07-29 20:00:00,28.4
2017-07-29 21:00:00,26.82
2017-07-29 22:00:00,34.76
2017-07-29 23:00:00,30.6
2017-07-30 00:00:00,26.92
2017-07-30 01:00:00,17.26
2017-07-30 02:00:00,8.69
2017-07-30 03:00:00,4.09
2017-07-30 04:00:00,1.44
2017-07-30 05:00:00,0.59
2017-07-30 06:00:00,-2.18
2017-07-30 07:00:00,0.98
2017-07-30 08:00:00,7.54
2017-07-30 09:00:00,8.61
2017-07-30 10:00:00,1.0
2017-07-30 11:00:00,13.9
2017-07-30 12:00:00,-41.31
2017-07-30 13:00:00,-11.49
2017-07-30 14:00:00,-9.59
2017-07-30 15:00:00,13.78
2017-07-30 16:00:00,11.0
2017-07-30 17:00:00,13.34
2017-07-30 18:00:00,20.2
2017-07-30 19:00:00,31.77
2017-07-30 20:00:00,34.52
2017-07-30 21:00:00,35.93
2017-07-30 22:00:00,37.67
2017-07-30 23:00:00,35.87
2017-07-31 00:00:00,32.0
2017-07-31 01:00:00,26.55
2017-07-31 02:00:00,26.11
2017-07-31 03:00:00,24.65
2017-07-31 04:00:00,24.64
2017-07-31 05:00:00,26.57
2017-07-31 06:00:00,32.15
2017-07-31 07:00:00,35.51
2017-07-31 08:00:00,36.92
2017-07-31 09:00:00,35.45
2017-07-31 10:00:00,33.29
2017-07-31 11:00:00,33.89
2017-07-31 12:00:00,34.24
2017-07-31 13:00:00,31.68
2017-07-31 14:00:00,30.21
2017-07-31 15:00:00,28.71
2017-07-31 16:00:00,30.05
2017-07-31 17:00:00,35.51
2017-07-31 18:00:00,37.91
2017-07-31 19:00:00,38.9
2017-07-31 20:00:00,38.9
2017-07-31 21:00:00,38.07
2017-07-31 22:00:00,37.84
2017-07-31 23:00:00,32.91
2017-08-01 00:00:00,30.57
2017-08-01 01:00:00,28.01
2017-08-01 02:00:00,27.3
2017-08-01 03:00:00,26.79
2017-08-01 04:00:00,26.81
2017-08-01 05:00:00,27.54
2017-08-01 06:00:00,32.66
2017-08-01 07:00:00,37.0
2017-08-01 08:00:00,38.94
2017-08-01 09:00:00,38.09
2017-08-01 10:00:00,37.9
2017-08-01 11:00:00,37.08
2017-08-01 12:00:00,36.45
2017-08-01 13:00:00,35.93
2017-08-01 14:00:00,35.91
2017-08-01 15:00:00,36.0
2017-08-01 16:00:00,36.61
2017-08-01 17:00:00,38.47
2017-08-01 18:00:00,40.94
2017-08-01 19:00:00,41.06
2017-08-01 20:00:00,38.96
2017-08-01 21:00:00,37.04
2017-08-01 22:00:00,35.94
2017-08-01 23:00:00,31.69
2017-08-02 00:00:00,27.62
2017-08-02 01:00:00,26.59
2017-08-02 02:00:00,26.2
2017-08-02 03:00:00,25.09
2017-08-02 04:00:00,25.78
2017-08-02 05:00:00,27.25
2017-08-02 06:00:00,30.26
2017-08-02 07:00:00,35.05
2017-08-02 08:00:00,36.57
2017-08-02 09:00:00,36.47
2017-08-02 10:00:00,35.96
2017-08-02 11:00:00,35.14
2017-08-02 12:00:00,33.07
2017-08-02 13:00:00,29.9
2017-08-02 14:00:00,30.07
2017-08-02 15:00:00,31.69
2017-08-02 16:00:00,34.9
2017-08-02 17:00:00,35.99
2017-08-02 18:00:00,37.12
2017-08-02 19:00:00,37.94
2017-08-02 20:00:00,36.76
2017-08-02 21:00:00,36.77
2017-08-02 22:00:00,37.53
2017-08-02 23:00:00,34.46
2017-08-03 00:00:00,28.1
2017-08-03 01:00:00,26.47
2017-08-03 02:00:00,24.76
2017-08-03 03:00:00,23.36
2017-08-03 04:00:00,23.39
2017-08-03 05:00:00,25.08
2017-08-03 06:00:00,28.58
2017-08-03 07:00:00,31.22
2017-08-03 08:00:00,35.98
2017-08-03 09:00:00,35.98
2017-08-03 10:00:00,35.89
2017-08-03 11:00:00,34.72
2017-08-03 12:00:00,28.7
2017-08-03 13:00:00,25.57
2017-08-03 14:00:00,20.1
2017-08-03 15:00:00,26.69
2017-08-03 16:00:00,25.69
2017-08-03 17:00:00,24.8
2017-08-03 18:00:00,26.9
2017-08-03 19:00:00,29.76
2017-08-03 20:00:00,30.76
2017-08-03 21:00:00,31.85
2017-08-03 22:00:00,29.69
2017-08-03 23:00:00,26.51
2017-08-04 00:00:00,25.0
2017-08-04 01:00:00,23.65
2017-08-04 02:00:00,22.36
2017-08-04 03:00:00,19.18
2017-08-04 04:00:00,19.12
2017-08-04 05:00:00,22.3
2017-08-04 06:00:00,30.5
2017-08-04 07:00:00,34.99
2017-08-04 08:00:00,35.02
2017-08-04 09:00:00,33.59
2017-08-04 10:00:00,36.69
2017-08-04 11:00:00,26.55
2017-08-04 12:00:00,19.68
2017-08-04 13:00:00,18.01
2017-08-04 14:00:00,13.07
2017-08-04 15:00:00,20.0
2017-08-04 16:00:00,11.47
2017-08-04 17:00:00,27.9
2017-08-04 18:00:00,26.8
2017-08-04 19:00:00,38.54
2017-08-04 20:00:00,34.48
2017-08-04 21:00:00,34.93
2017-08-04 22:00:00,34.96
2017-08-04 23:00:00,39.93
2017-08-05 00:00:00,32.93
2017-08-05 01:00:00,25.67
2017-08-05 02:00:00,25.27
2017-08-05 03:00:00,24.6
2017-08-05 04:00:00,23.1
2017-08-05 05:00:00,24.74
2017-08-05 06:00:00,24.17
2017-08-05 07:00:00,27.25
2017-08-05 08:00:00,31.0
2017-08-05 09:00:00,32.82
2017-08-05 10:00:00,31.88
2017-08-05 11:00:00,33.34
2017-08-05 12:00:00,31.75
2017-08-05 13:00:00,27.93
2017-08-05 14:00:00,26.84
2017-08-05 15:00:00,25.15
2017-08-05 16:00:00,25.33
2017-08-05 17:00:00,27.98
2017-08-05 18:00:00,32.09
2017-08-05 19:00:00,33.96
2017-08-05 20:00:00,33.63
2017-08-05 21:00:00,33.8
2017-08-05 22:00:00,34.3
2017-08-05 23:00:00,32.74
2017-08-06 00:00:00,25.73
2017-08-06 01:00:00,20.57
2017-08-06 02:00:00,18.03
2017-08-06 03:00:00,16.59
2017-08-06 04:00:00,13.69
2017-08-06 05:00:00,10.87
2017-08-06 06:00:00,10.65
2017-08-06 07:00:00,9.86
2017-08-06 08:00:00,13.17
2017-08-06 09:00:00,18.0
2017-08-06 10:00:00,21.31
2017-08-06 11:00:00,23.03
2017-08-06 12:00:00,23.9
2017-08-06 13:00:00,20.1
2017-08-06 14:00:00,18.24
2017-08-06 15:00:00,14.05
2017-08-06 16:00:00,13.01
2017-08-06 17:00:00,19.57
2017-08-06 18:00:00,28.66
2017-08-06 19:00:00,32.94
2017-08-06 20:00:00,34.95
2017-08-06 21:00:00,36.05
2017-08-06 22:00:00,36.07
2017-08-06 23:00:00,34.94
2017-08-07 00:00:00,31.1
2017-08-07 01:00:00,28.0
2017-08-07 02:00:00,26.11
2017-08-07 03:00:00,24.8
2017-08-07 04:00:00,25.47
2017-08-07 05:00:00,28.28
2017-08-07 06:00:00,35.18
2017-08-07 07:00:00,37.93
2017-08-07 08:00:00,37.85
2017-08-07 09:00:00,36.42
2017-08-07 10:00:00,34.08
2017-08-07 11:00:00,33.14
2017-08-07 12:00:00,34.01
2017-08-07 13:00:00,33.44
2017-08-07 14:00:00,29.96
2017-08-07 15:00:00,29.04
2017-08-07 16:00:00,32.65
2017-08-07 17:00:00,36.95
2017-08-07 18:00:00,42.16
2017-08-07 19:00:00,45.11
2017-08-07 20:00:00,44.9
2017-08-07 21:00:00,39.94
2017-08-07 22:00:00,35.92
2017-08-07 23:00:00,29.94
2017-08-08 00:00:00,28.09
2017-08-08 01:00:00,26.86
2017-08-08 02:00:00,25.34
2017-08-08 03:00:00,24.59
2017-08-08 04:00:00,24.64
2017-08-08 05:00:00,26.96
2017-08-08 06:00:00,31.0
2017-08-08 07:00:00,35.0
2017-08-08 08:00:00,36.51
2017-08-08 09:00:00,37.06
2017-08-08 10:00:00,36.2
2017-08-08 11:00:00,36.38
2017-08-08 12:00:00,36.15
2017-08-08 13:00:00,40.82
2017-08-08 14:00:00,37.71
2017-08-08 15:00:00,33.25
2017-08-08 16:00:00,31.33
2017-08-08 17:00:00,32.36
2017-08-08 18:00:00,33.9
2017-08-08 19:00:00,33.91
2017-08-08 20:00:00,33.03
2017-08-08 21:00:00,32.07
2017-08-08 22:00:00,31.06
2017-08-08 23:00:00,27.97
2017-08-09 00:00:00,25.56
2017-08-09 01:00:00,23.63
2017-08-09 02:00:00,21.13
2017-08-09 03:00:00,19.08
2017-08-09 04:00:00,19.09
2017-08-09 05:00:00,24.57
2017-08-09 06:00:00,27.8
2017-08-09 07:00:00,31.57
2017-08-09 08:00:00,34.85
2017-08-09 09:00:00,33.15
2017-08-09 10:00:00,31.49
2017-08-09 11:00:00,31.74
2017-08-09 12:00:00,30.53
2017-08-09 13:00:00,30.34
2017-08-09 14:00:00,29.51
2017-08-09 15:00:00,30.4
2017-08-09 16:00:00,31.25
2017-08-09 17:00:00,34.92
2017-08-09 18:00:00,35.96
2017-08-09 19:00:00,40.1
2017-08-09 20:00:00,38.33
2017-08-09 21:00:00,39.42
2017-08-09 22:00:00,37.35
2017-08-09 23:00:00,34.51
2017-08-10 00:00:00,29.91
2017-08-10 01:00:00,28.24
2017-08-10 02:00:00,27.79
2017-08-10 03:00:00,26.6
2017-08-10 04:00:00,26.02
2017-08-10 05:00:00,28.44
2017-08-10 06:00:00,33.81
2017-08-10 07:00:00,36.81
2017-08-10 08:00:00,40.88
2017-08-10 09:00:00,41.95
2017-08-10 10:00:00,41.95
2017-08-10 11:00:00,41.93
2017-08-10 12:00:00,41.63
2017-08-10 13:00:00,40.95
2017-08-10 14:00:00,39.2
2017-08-10 15:00:00,37.88
2017-08-10 16:00:00,36.24
2017-08-10 17:00:00,37.05
2017-08-10 18:00:00,38.0
2017-08-10 19:00:00,39.61
2017-08-10 20:00:00,35.99
2017-08-10 21:00:00,35.56
2017-08-10 22:00:00,34.78
2017-08-10 23:00:00,30.97
2017-08-11 00:00:00,28.99
2017-08-11 01:00:00,28.13
2017-08-11 02:00:00,27.03
2017-08-11 03:00:00,26.29
2017-08-11 04:00:00,26.12
2017-08-11 05:00:00,28.11
2017-08-11 06:00:00,31.79
2017-08-11 07:00:00,33.99
2017-08-11 08:00:00,43.26
2017-08-11 09:00:00,46.33
2017-08-11 10:00:00,46.7
2017-08-11 11:00:00,49.14
2017-08-11 12:00:00,45.0
2017-08-11 13:00:00,41.73
2017-08-11 14:00:00,39.09
2017-08-11 15:00:00,39.01
2017-08-11 16:00:00,36.88
2017-08-11 17:00:00,37.41
2017-08-11 18:00:00,38.08
2017-08-11 19:00:00,36.21
2017-08-11 20:00:00,34.32
2017-08-11 21:00:00,34.61
2017-08-11 22:00:00,33.36
2017-08-11 23:00:00,30.71
2017-08-12 00:00:00,25.63
2017-08-12 01:00:00,23.05
2017-08-12 02:00:00,20.72
2017-08-12 03:00:00,20.06
2017-08-12 04:00:00,18.85
2017-08-12 05:00:00,17.03
2017-08-12 06:00:00,19.59
2017-08-12 07:00:00,18.43
2017-08-12 08:00:00,23.82
2017-08-12 09:00:00,25.84
2017-08-12 10:00:00,25.36
2017-08-12 11:00:00,25.5
2017-08-12 12:00:00,24.49
2017-08-12 13:00:00,23.29
2017-08-12 14:00:00,21.87
2017-08-12 15:00:00,21.86
2017-08-12 16:00:00,19.05
2017-08-12 17:00:00,22.93
2017-08-12 18:00:00,25.67
2017-08-12 19:00:00,28.13
2017-08-12 20:00:00,27.55
2017-08-12 21:00:00,28.22
2017-08-12 22:00:00,32.29
2017-08-12 23:00:00,34.11
2017-08-13 00:00:00,18.29
2017-08-13 01:00:00,17.46
2017-08-13 02:00:00,15.41
2017-08-13 03:00:00,13.79
2017-08-13 04:00:00,13.34
2017-08-13 05:00:00,11.95
2017-08-13 06:00:00,11.77
2017-08-13 07:00:00,16.07
2017-08-13 08:00:00,19.0
2017-08-13 09:00:00,21.02
2017-08-13 10:00:00,18.01
2017-08-13 11:00:00,21.09
2017-08-13 12:00:00,21.34
2017-08-13 13:00:00,16.07
2017-08-13 14:00:00,13.24
2017-08-13 15:00:00,11.8
2017-08-13 16:00:00,10.8
2017-08-13 17:00:00,21.89
2017-08-13 18:00:00,28.39
2017-08-13 19:00:00,33.0
2017-08-13 20:00:00,34.98
2017-08-13 21:00:00,36.47
2017-08-13 22:00:00,35.8
2017-08-13 23:00:00,32.0
2017-08-14 00:00:00,28.69
2017-08-14 01:00:00,26.37
2017-08-14 02:00:00,25.24
2017-08-14 03:00:00,25.17
2017-08-14 04:00:00,25.28
2017-08-14 05:00:00,27.64
2017-08-14 06:00:00,32.9
2017-08-14 07:00:00,35.91
2017-08-14 08:00:00,38.44
2017-08-14 09:00:00,36.64
2017-08-14 10:00:00,35.04
2017-08-14 11:00:00,34.96
2017-08-14 12:00:00,33.4
2017-08-14 13:00:00,31.93
2017-08-14 14:00:00,31.87
2017-08-14 15:00:00,33.0
2017-08-14 16:00:00,34.87
2017-08-14 17:00:00,37.07
2017-08-14 18:00:00,39.64
2017-08-14 19:00:00,41.96
2017-08-14 20:00:00,38.39
2017-08-14 21:00:00,37.76
2017-08-14 22:00:00,39.52
2017-08-14 23:00:00,35.88
2017-08-15 00:00:00,26.9
2017-08-15 01:00:00,24.92
2017-08-15 02:00:00,22.57
2017-08-15 03:00:00,21.03
2017-08-15 04:00:00,20.62
2017-08-15 05:00:00,22.47
2017-08-15 06:00:00,26.39
2017-08-15 07:00:00,13.85
2017-08-15 08:00:00,19.67
2017-08-15 09:00:00,26.84
2017-08-15 10:00:00,26.08
2017-08-15 11:00:00,26.69
2017-08-15 12:00:00,30.2
2017-08-15 13:00:00,34.97
2017-08-15 14:00:00,32.3
2017-08-15 15:00:00,26.7
2017-08-15 16:00:00,32.92
2017-08-15 17:00:00,31.34
2017-08-15 18:00:00,35.24
2017-08-15 19:00:00,35.3
2017-08-15 20:00:00,35.36
2017-08-15 21:00:00,37.93
2017-08-15 22:00:00,47.17
2017-08-15 23:00:00,38.87
2017-08-16 00:00:00,28.93
2017-08-16 01:00:00,28.32
2017-08-16 02:00:00,27.73
2017-08-16 03:00:00,26.79
2017-08-16 04:00:00,27.64
2017-08-16 05:00:00,28.72
2017-08-16 06:00:00,34.98
2017-08-16 07:00:00,37.59
2017-08-16 08:00:00,42.0
2017-08-16 09:00:00,41.91
2017-08-16 10:00:00,40.92
2017-08-16 11:00:00,40.91
2017-08-16 12:00:00,38.44
2017-08-16 13:00:00,36.07
2017-08-16 14:00:00,35.56
2017-08-16 15:00:00,34.31
2017-08-16 16:00:00,36.27
2017-08-16 17:00:00,39.94
2017-08-16 18:00:00,41.93
2017-08-16 19:00:00,43.15
2017-08-16 20:00:00,41.95
2017-08-16 21:00:00,40.1
2017-08-16 22:00:00,36.02
2017-08-16 23:00:00,32.0
2017-08-17 00:00:00,29.82
2017-08-17 01:00:00,28.44
2017-08-17 02:00:00,26.96
2017-08-17 03:00:00,26.83
2017-08-17 04:00:00,26.96
2017-08-17 05:00:00,28.57
2017-08-17 06:00:00,33.94
2017-08-17 07:00:00,36.9
2017-08-17 08:00:00,40.14
2017-08-17 09:00:00,39.24
2017-08-17 10:00:00,36.47
2017-08-17 11:00:00,36.02
2017-08-17 12:00:00,33.39
2017-08-17 13:00:00,31.64
2017-08-17 14:00:00,30.0
2017-08-17 15:00:00,30.19
2017-08-17 16:00:00,31.68
2017-08-17 17:00:00,35.32
2017-08-17 18:00:00,37.42
2017-08-17 19:00:00,38.97
2017-08-17 20:00:00,38.35
2017-08-17 21:00:00,37.62
2017-08-17 22:00:00,36.87
2017-08-17 23:00:00,30.73
2017-08-18 00:00:00,29.21
2017-08-18 01:00:00,28.29
2017-08-18 02:00:00,27.28
2017-08-18 03:00:00,26.35
2017-08-18 04:00:00,27.7
2017-08-18 05:00:00,28.61
2017-08-18 06:00:00,33.63
2017-08-18 07:00:00,38.48
2017-08-18 08:00:00,42.25
2017-08-18 09:00:00,42.7
2017-08-18 10:00:00,40.34
2017-08-18 11:00:00,41.36
2017-08-18 12:00:00,36.29
2017-08-18 13:00:00,33.17
2017-08-18 14:00:00,32.83
2017-08-18 15:00:00,31.56
2017-08-18 16:00:00,32.4
2017-08-18 17:00:00,35.71
2017-08-18 18:00:00,37.43
2017-08-18 19:00:00,38.7
2017-08-18 20:00:00,36.99
2017-08-18 21:00:00,37.02
2017-08-18 22:00:00,34.95
2017-08-18 23:00:00,35.53
2017-08-19 00:00:00,22.22
2017-08-19 01:00:00,22.01
2017-08-19 02:00:00,13.11
2017-08-19 03:00:00,10.58
2017-08-19 04:00:00,10.12
2017-08-19 05:00:00,10.58
2017-08-19 06:00:00,10.64
2017-08-19 07:00:00,15.93
2017-08-19 08:00:00,20.74
2017-08-19 09:00:00,22.68
2017-08-19 10:00:00,18.96
2017-08-19 11:00:00,18.45
2017-08-19 12:00:00,11.28
2017-08-19 13:00:00,11.36
2017-08-19 14:00:00,9.64
2017-08-19 15:00:00,4.45
2017-08-19 16:00:00,17.2
2017-08-19 17:00:00,16.41
2017-08-19 18:00:00,23.87
2017-08-19 19:00:00,26.4
2017-08-19 20:00:00,26.4
2017-08-19 21:00:00,27.03
2017-08-19 22:00:00,28.15
2017-08-19 23:00:00,25.32
2017-08-20 00:00:00,14.74
2017-08-20 01:00:00,10.1
2017-08-20 02:00:00,7.27
2017-08-20 03:00:00,5.71
2017-08-20 04:00:00,8.6
2017-08-20 05:00:00,6.16
2017-08-20 06:00:00,5.28
2017-08-20 07:00:00,5.21
2017-08-20 08:00:00,6.17
2017-08-20 09:00:00,8.8
2017-08-20 10:00:00,10.23
2017-08-20 11:00:00,10.05
2017-08-20 12:00:00,11.65
2017-08-20 13:00:00,9.42
2017-08-20 14:00:00,4.28
2017-08-20 15:00:00,4.97
2017-08-20 16:00:00,4.79
2017-08-20 17:00:00,11.11
2017-08-20 18:00:00,18.56
2017-08-20 19:00:00,27.16
2017-08-20 20:00:00,28.5
2017-08-20 21:00:00,32.26
2017-08-20 22:00:00,34.54
2017-08-20 23:00:00,32.23
2017-08-21 00:00:00,29.41
2017-08-21 01:00:00,26.48
2017-08-21 02:00:00,25.75
2017-08-21 03:00:00,19.23
2017-08-21 04:00:00,18.76
2017-08-21 05:00:00,20.34
2017-08-21 06:00:00,29.93
2017-08-21 07:00:00,35.17
2017-08-21 08:00:00,36.8
2017-08-21 09:00:00,35.54
2017-08-21 10:00:00,34.6
2017-08-21 11:00:00,39.63
2017-08-21 12:00:00,35.71
2017-08-21 13:00:00,36.52
2017-08-21 14:00:00,37.27
2017-08-21 15:00:00,32.19
2017-08-21 16:00:00,32.06
2017-08-21 17:00:00,34.71
2017-08-21 18:00:00,39.8
2017-08-21 19:00:00,41.86
2017-08-21 20:00:00,41.01
2017-08-21 21:00:00,40.31
2017-08-21 22:00:00,37.71
2017-08-21 23:00:00,32.0
2017-08-22 00:00:00,32.77
2017-08-22 01:00:00,30.0
2017-08-22 02:00:00,29.53
2017-08-22 03:00:00,27.9
2017-08-22 04:00:00,27.78
2017-08-22 05:00:00,31.78
2017-08-22 06:00:00,37.71
2017-08-22 07:00:00,39.18
2017-08-22 08:00:00,40.69
2017-08-22 09:00:00,39.99
2017-08-22 10:00:00,37.76
2017-08-22 11:00:00,36.91
2017-08-22 12:00:00,35.57
2017-08-22 13:00:00,35.36
2017-08-22 14:00:00,35.08
2017-08-22 15:00:00,36.06
2017-08-22 16:00:00,37.39
2017-08-22 17:00:00,42.02
2017-08-22 18:00:00,44.71
2017-08-22 19:00:00,48.17
2017-08-22 20:00:00,45.07
2017-08-22 21:00:00,43.38
2017-08-22 22:00:00,38.81
2017-08-22 23:00:00,34.85
2017-08-23 00:00:00,30.97
2017-08-23 01:00:00,30.93
2017-08-23 02:00:00,29.63
2017-08-23 03:00:00,28.4
2017-08-23 04:00:00,28.06
2017-08-23 05:00:00,29.76
2017-08-23 06:00:00,36.93
2017-08-23 07:00:00,40.92
2017-08-23 08:00:00,43.36
2017-08-23 09:00:00,40.72
2017-08-23 10:00:00,38.24
2017-08-23 11:00:00,37.5
2017-08-23 12:00:00,36.25
2017-08-23 13:00:00,34.0
2017-08-23 14:00:00,32.5
2017-08-23 15:00:00,34.1
2017-08-23 16:00:00,37.06
2017-08-23 17:00:00,40.24
2017-08-23 18:00:00,45.94
2017-08-23 19:00:00,48.05
2017-08-23 20:00:00,44.9
2017-08-23 21:00:00,41.92
2017-08-23 22:00:00,36.29
2017-08-23 23:00:00,36.74
2017-08-24 00:00:00,29.99
2017-08-24 01:00:00,29.48
2017-08-24 02:00:00,28.1
2017-08-24 03:00:00,27.73
2017-08-24 04:00:00,28.0
2017-08-24 05:00:00,30.27
2017-08-24 06:00:00,36.45
2017-08-24 07:00:00,39.42
2017-08-24 08:00:00,42.14
2017-08-24 09:00:00,42.09
2017-08-24 10:00:00,40.7
2017-08-24 11:00:00,39.94
2017-08-24 12:00:00,32.38
2017-08-24 13:00:00,29.63
2017-08-24 14:00:00,32.54
2017-08-24 15:00:00,29.8
2017-08-24 16:00:00,35.53
2017-08-24 17:00:00,39.7
2017-08-24 18:00:00,42.75
2017-08-24 19:00:00,44.89
2017-08-24 20:00:00,44.55
2017-08-24 21:00:00,42.91
2017-08-24 22:00:00,39.22
2017-08-24 23:00:00,37.14
2017-08-25 00:00:00,34.97
2017-08-25 01:00:00,31.31
2017-08-25 02:00:00,30.13
2017-08-25 03:00:00,29.51
2017-08-25 04:00:00,29.94
2017-08-25 05:00:00,32.28
2017-08-25 06:00:00,38.05
2017-08-25 07:00:00,42.97
2017-08-25 08:00:00,44.9
2017-08-25 09:00:00,44.67
2017-08-25 10:00:00,41.77
2017-08-25 11:00:00,39.87
2017-08-25 12:00:00,37.92
2017-08-25 13:00:00,34.98
2017-08-25 14:00:00,33.09
2017-08-25 15:00:00,33.99
2017-08-25 16:00:00,36.04
2017-08-25 17:00:00,40.41
2017-08-25 18:00:00,43.98
2017-08-25 19:00:00,45.7
2017-08-25 20:00:00,45.4
2017-08-25 21:00:00,42.91
2017-08-25 22:00:00,39.7
2017-08-25 23:00:00,35.43
2017-08-26 00:00:00,34.75
2017-08-26 01:00:00,32.21
2017-08-26 02:00:00,31.38
2017-08-26 03:00:00,30.89
2017-08-26 04:00:00,30.61
2017-08-26 05:00:00,30.29
2017-08-26 06:00:00,30.47
2017-08-26 07:00:00,31.04
2017-08-26 08:00:00,34.82
2017-08-26 09:00:00,35.96
2017-08-26 10:00:00,35.65
2017-08-26 11:00:00,35.09
2017-08-26 12:00:00,36.66
2017-08-26 13:00:00,35.31
2017-08-26 14:00:00,31.7
2017-08-26 15:00:00,31.92
2017-08-26 16:00:00,32.17
2017-08-26 17:00:00,36.82
2017-08-26 18:00:00,39.67
2017-08-26 19:00:00,42.0
2017-08-26 20:00:00,42.38
2017-08-26 21:00:00,44.75
2017-08-26 22:00:00,41.6
2017-08-26 23:00:00,42.2
2017-08-27 00:00:00,34.95
2017-08-27 01:00:00,34.75
2017-08-27 02:00:00,30.22
2017-08-27 03:00:00,28.71
2017-08-27 04:00:00,29.32
2017-08-27 05:00:00,28.82
2017-08-27 06:00:00,29.67
2017-08-27 07:00:00,28.46
2017-08-27 08:00:00,29.44
2017-08-27 09:00:00,30.09
2017-08-27 10:00:00,30.3
2017-08-27 11:00:00,32.4
2017-08-27 12:00:00,31.76
2017-08-27 13:00:00,29.42
2017-08-27 14:00:00,25.97
2017-08-27 15:00:00,27.0
2017-08-27 16:00:00,28.74
2017-08-27 17:00:00,30.63
2017-08-27 18:00:00,35.2
2017-08-27 19:00:00,38.96
2017-08-27 20:00:00,42.21
2017-08-27 21:00:00,42.43
2017-08-27 22:00:00,46.02
2017-08-27 23:00:00,39.01
2017-08-28 00:00:00,33.54
2017-08-28 01:00:00,30.94
2017-08-28 02:00:00,30.64
2017-08-28 03:00:00,30.4
2017-08-28 04:00:00,30.42
2017-08-28 05:00:00,31.99
2017-08-28 06:00:00,41.99
2017-08-28 07:00:00,43.98
2017-08-28 08:00:00,45.56
2017-08-28 09:00:00,44.97
2017-08-28 10:00:00,43.5
2017-08-28 11:00:00,40.01
2017-08-28 12:00:00,35.63
2017-08-28 13:00:00,32.4
2017-08-28 14:00:00,31.5
2017-08-28 15:00:00,36.93
2017-08-28 16:00:00,39.51
2017-08-28 17:00:00,44.53
2017-08-28 18:00:00,46.6
2017-08-28 19:00:00,50.0
2017-08-28 20:00:00,47.59
2017-08-28 21:00:00,44.26
2017-08-28 22:00:00,38.99
2017-08-28 23:00:00,32.0
2017-08-29 00:00:00,31.23
2017-08-29 01:00:00,30.2
2017-08-29 02:00:00,29.96
2017-08-29 03:00:00,29.31
2017-08-29 04:00:00,29.38
2017-08-29 05:00:00,30.77
2017-08-29 06:00:00,35.0
2017-08-29 07:00:00,42.07
2017-08-29 08:00:00,45.54
2017-08-29 09:00:00,44.86
2017-08-29 10:00:00,42.51
2017-08-29 11:00:00,40.7
2017-08-29 12:00:00,31.32
2017-08-29 13:00:00,32.1
2017-08-29 14:00:00,32.49
2017-08-29 15:00:00,33.0
2017-08-29 16:00:00,38.93
2017-08-29 17:00:00,45.47
2017-08-29 18:00:00,49.01
2017-08-29 19:00:00,52.47
2017-08-29 20:00:00,49.98
2017-08-29 21:00:00,45.87
2017-08-29 22:00:00,44.06
2017-08-29 23:00:00,38.27
2017-08-30 00:00:00,32.98
2017-08-30 01:00:00,30.26
2017-08-30 02:00:00,29.83
2017-08-30 03:00:00,29.56
2017-08-30 04:00:00,29.6
2017-08-30 05:00:00,30.82
2017-08-30 06:00:00,36.51
2017-08-30 07:00:00,42.0
2017-08-30 08:00:00,44.43
2017-08-30 09:00:00,43.97
2017-08-30 10:00:00,43.39
2017-08-30 11:00:00,43.76
2017-08-30 12:00:00,36.52
2017-08-30 13:00:00,36.57
2017-08-30 14:00:00,35.76
2017-08-30 15:00:00,33.5
2017-08-30 16:00:00,37.4
2017-08-30 17:00:00,40.56
2017-08-30 18:00:00,42.39
2017-08-30 19:00:00,42.4
2017-08-30 20:00:00,41.39
2017-08-30 21:00:00,37.04
2017-08-30 22:00:00,34.66
2017-08-30 23:00:00,31.1
2017-08-31 00:00:00,31.0
2017-08-31 01:00:00,29.97
2017-08-31 02:00:00,29.75
2017-08-31 03:00:00,28.83
2017-08-31 04:00:00,28.89
2017-08-31 05:00:00,30.06
2017-08-31 06:00:00,34.15
2017-08-31 07:00:00,39.92
2017-08-31 08:00:00,43.28
2017-08-31 09:00:00,44.92
2017-08-31 10:00:00,44.08
2017-08-31 11:00:00,44.8
2017-08-31 12:00:00,43.88
2017-08-31 13:00:00,41.97
2017-08-31 14:00:00,40.06
2017-08-31 15:00:00,42.39
2017-08-31 16:00:00,42.21
2017-08-31 17:00:00,42.05
2017-08-31 18:00:00,43.6
2017-08-31 19:00:00,43.8
2017-08-31 20:00:00,44.09
2017-08-31 21:00:00,41.92
2017-08-31 22:00:00,37.02
2017-08-31 23:00:00,37.0
2017-09-01 00:00:00,33.09
2017-09-01 01:00:00,31.07
2017-09-01 02:00:00,29.89
2017-09-01 03:00:00,29.64
2017-09-01 04:00:00,29.65
2017-09-01 05:00:00,31.71
2017-09-01 06:00:00,36.04
2017-09-01 07:00:00,43.46
2017-09-01 08:00:00,45.83
2017-09-01 09:00:00,45.12
2017-09-01 10:00:00,44.9
2017-09-01 11:00:00,45.02
2017-09-01 12:00:00,44.87
2017-09-01 13:00:00,43.09
2017-09-01 14:00:00,39.91
2017-09-01 15:00:00,38.93
2017-09-01 16:00:00,38.56
2017-09-01 17:00:00,40.36
2017-09-01 18:00:00,42.2
2017-09-01 19:00:00,43.74
2017-09-01 20:00:00,43.95
2017-09-01 21:00:00,39.4
2017-09-01 22:00:00,37.7
2017-09-01 23:00:00,34.51
2017-09-02 00:00:00,32.22
2017-09-02 01:00:00,31.73
2017-09-02 02:00:00,30.06
2017-09-02 03:00:00,29.64
2017-09-02 04:00:00,28.67
2017-09-02 05:00:00,29.99
2017-09-02 06:00:00,31.1
2017-09-02 07:00:00,32.39
2017-09-02 08:00:00,35.1
2017-09-02 09:00:00,38.0
2017-09-02 10:00:00,38.15
2017-09-02 11:00:00,38.03
2017-09-02 12:00:00,35.37
2017-09-02 13:00:00,33.0
2017-09-02 14:00:00,31.78
2017-09-02 15:00:00,30.97
2017-09-02 16:00:00,31.5
2017-09-02 17:00:00,32.99
2017-09-02 18:00:00,37.25
2017-09-02 19:00:00,40.32
2017-09-02 20:00:00,40.52
2017-09-02 21:00:00,38.02
2017-09-02 22:00:00,35.65
2017-09-02 23:00:00,34.33
2017-09-03 00:00:00,32.85
2017-09-03 01:00:00,37.53
2017-09-03 02:00:00,29.8
2017-09-03 03:00:00,28.12
2017-09-03 04:00:00,27.6
2017-09-03 05:00:00,26.69
2017-09-03 06:00:00,28.08
2017-09-03 07:00:00,25.32
2017-09-03 08:00:00,29.45
2017-09-03 09:00:00,30.25
2017-09-03 10:00:00,29.32
2017-09-03 11:00:00,30.09
2017-09-03 12:00:00,30.7
2017-09-03 13:00:00,26.26
2017-09-03 14:00:00,25.95
2017-09-03 15:00:00,25.0
2017-09-03 16:00:00,26.46
2017-09-03 17:00:00,29.73
2017-09-03 18:00:00,34.15
2017-09-03 19:00:00,38.88
2017-09-03 20:00:00,42.27
2017-09-03 21:00:00,39.91
2017-09-03 22:00:00,38.42
2017-09-03 23:00:00,33.43
2017-09-04 00:00:00,31.03
2017-09-04 01:00:00,29.72
2017-09-04 02:00:00,29.41
2017-09-04 03:00:00,26.91
2017-09-04 04:00:00,28.09
2017-09-04 05:00:00,30.4
2017-09-04 06:00:00,39.67
2017-09-04 07:00:00,43.92
2017-09-04 08:00:00,42.95
2017-09-04 09:00:00,42.04
2017-09-04 10:00:00,38.85
2017-09-04 11:00:00,35.83
2017-09-04 12:00:00,35.49
2017-09-04 13:00:00,37.99
2017-09-04 14:00:00,37.91
2017-09-04 15:00:00,35.6
2017-09-04 16:00:00,36.6
2017-09-04 17:00:00,39.23
2017-09-04 18:00:00,42.91
2017-09-04 19:00:00,45.48
2017-09-04 20:00:00,45.71
2017-09-04 21:00:00,42.3
2017-09-04 22:00:00,38.93
2017-09-04 23:00:00,33.22
2017-09-05 00:00:00,31.92
2017-09-05 01:00:00,29.93
2017-09-05 02:00:00,29.7
2017-09-05 03:00:00,29.62
2017-09-05 04:00:00,29.68
2017-09-05 05:00:00,31.02
2017-09-05 06:00:00,36.37
2017-09-05 07:00:00,42.39
2017-09-05 08:00:00,44.05
2017-09-05 09:00:00,42.93
2017-09-05 10:00:00,41.26
2017-09-05 11:00:00,41.76
2017-09-05 12:00:00,38.49
2017-09-05 13:00:00,37.25
2017-09-05 14:00:00,36.67
2017-09-05 15:00:00,38.43
2017-09-05 16:00:00,39.05
2017-09-05 17:00:00,40.56
2017-09-05 18:00:00,43.04
2017-09-05 19:00:00,44.22
2017-09-05 20:00:00,44.97
2017-09-05 21:00:00,40.4
2017-09-05 22:00:00,37.25
2017-09-05 23:00:00,32.97
2017-09-06 00:00:00,29.47
2017-09-06 01:00:00,29.06
2017-09-06 02:00:00,27.83
2017-09-06 03:00:00,26.19
2017-09-06 04:00:00,24.91
2017-09-06 05:00:00,28.52
2017-09-06 06:00:00,36.32
2017-09-06 07:00:00,42.02
2017-09-06 08:00:00,43.73
2017-09-06 09:00:00,43.0
2017-09-06 10:00:00,41.0
2017-09-06 11:00:00,40.07
2017-09-06 12:00:00,36.98
2017-09-06 13:00:00,35.29
2017-09-06 14:00:00,34.73
2017-09-06 15:00:00,34.83
2017-09-06 16:00:00,35.04
2017-09-06 17:00:00,39.1
2017-09-06 18:00:00,42.0
2017-09-06 19:00:00,40.38
2017-09-06 20:00:00,44.46
2017-09-06 21:00:00,44.25
2017-09-06 22:00:00,47.06
2017-09-06 23:00:00,42.5
2017-09-07 00:00:00,28.44
2017-09-07 01:00:00,23.1
2017-09-07 02:00:00,20.06
2017-09-07 03:00:00,16.9
2017-09-07 04:00:00,18.28
2017-09-07 05:00:00,24.68
2017-09-07 06:00:00,35.72
2017-09-07 07:00:00,40.68
2017-09-07 08:00:00,43.01
2017-09-07 09:00:00,40.9
2017-09-07 10:00:00,42.19
2017-09-07 11:00:00,40.89
2017-09-07 12:00:00,38.88
2017-09-07 13:00:00,36.8
2017-09-07 14:00:00,36.11
2017-09-07 15:00:00,36.73
2017-09-07 16:00:00,37.71
2017-09-07 17:00:00,40.37
2017-09-07 18:00:00,42.67
2017-09-07 19:00:00,45.22
2017-09-07 20:00:00,45.99
2017-09-07 21:00:00,41.02
2017-09-07 22:00:00,38.78
2017-09-07 23:00:00,33.99
2017-09-08 00:00:00,29.92
2017-09-08 01:00:00,27.01
2017-09-08 02:00:00,23.95
2017-09-08 03:00:00,19.0
2017-09-08 04:00:00,14.09
2017-09-08 05:00:00,22.24
2017-09-08 06:00:00,32.96
2017-09-08 07:00:00,35.93
2017-09-08 08:00:00,38.17
2017-09-08 09:00:00,38.2
2017-09-08 10:00:00,39.3
2017-09-08 11:00:00,41.98
2017-09-08 12:00:00,41.48
2017-09-08 13:00:00,39.7
2017-09-08 14:00:00,37.44
2017-09-08 15:00:00,33.87
2017-09-08 16:00:00,32.02
2017-09-08 17:00:00,32.0
2017-09-08 18:00:00,33.98
2017-09-08 19:00:00,35.97
2017-09-08 20:00:00,37.31
2017-09-08 21:00:00,34.0
2017-09-08 22:00:00,36.93
2017-09-08 23:00:00,30.38
2017-09-09 00:00:00,28.87
2017-09-09 01:00:00,27.83
2017-09-09 02:00:00,24.75
2017-09-09 03:00:00,23.87
2017-09-09 04:00:00,23.83
2017-09-09 05:00:00,27.92
2017-09-09 06:00:00,31.53
2017-09-09 07:00:00,30.46
2017-09-09 08:00:00,35.39
2017-09-09 09:00:00,40.0
2017-09-09 10:00:00,46.02
2017-09-09 11:00:00,44.93
2017-09-09 12:00:00,41.06
2017-09-09 13:00:00,36.73
2017-09-09 14:00:00,33.48
2017-09-09 15:00:00,30.85
2017-09-09 16:00:00,32.87
2017-09-09 17:00:00,34.54
2017-09-09 18:00:00,35.82
2017-09-09 19:00:00,38.71
2017-09-09 20:00:00,41.53
2017-09-09 21:00:00,39.97
2017-09-09 22:00:00,38.94
2017-09-09 23:00:00,36.81
2017-09-10 00:00:00,31.06
2017-09-10 01:00:00,29.56
2017-09-10 02:00:00,28.23
2017-09-10 03:00:00,24.3
2017-09-10 04:00:00,20.51
2017-09-10 05:00:00,19.53
2017-09-10 06:00:00,23.21
2017-09-10 07:00:00,26.08
2017-09-10 08:00:00,29.89
2017-09-10 09:00:00,30.28
2017-09-10 10:00:00,29.8
2017-09-10 11:00:00,29.42
2017-09-10 12:00:00,25.95
2017-09-10 13:00:00,20.68
2017-09-10 14:00:00,12.36
2017-09-10 15:00:00,12.97
2017-09-10 16:00:00,13.64
2017-09-10 17:00:00,16.37
2017-09-10 18:00:00,24.5
2017-09-10 19:00:00,31.91
2017-09-10 20:00:00,34.21
2017-09-10 21:00:00,26.43
2017-09-10 22:00:00,22.95
2017-09-10 23:00:00,17.0
2017-09-11 00:00:00,9.96
2017-09-11 01:00:00,3.41
2017-09-11 02:00:00,7.85
2017-09-11 03:00:00,2.88
2017-09-11 04:00:00,3.08
2017-09-11 05:00:00,9.0
2017-09-11 06:00:00,26.53
2017-09-11 07:00:00,37.84
2017-09-11 08:00:00,44.39
2017-09-11 09:00:00,40.2
2017-09-11 10:00:00,32.55
2017-09-11 11:00:00,33.0
2017-09-11 12:00:00,30.6
2017-09-11 13:00:00,26.54
2017-09-11 14:00:00,25.86
2017-09-11 15:00:00,25.22
2017-09-11 16:00:00,29.11
2017-09-11 17:00:00,31.08
2017-09-11 18:00:00,33.94
2017-09-11 19:00:00,37.75
2017-09-11 20:00:00,41.98
2017-09-11 21:00:00,37.83
2017-09-11 22:00:00,25.18
2017-09-11 23:00:00,9.97
2017-09-12 00:00:00,18.46
2017-09-12 01:00:00,16.38
2017-09-12 02:00:00,13.47
2017-09-12 03:00:00,11.82
2017-09-12 04:00:00,14.19
2017-09-12 05:00:00,19.17
2017-09-12 06:00:00,34.91
2017-09-12 07:00:00,40.0
2017-09-12 08:00:00,49.69
2017-09-12 09:00:00,48.78
2017-09-12 10:00:00,46.96
2017-09-12 11:00:00,45.01
2017-09-12 12:00:00,42.47
2017-09-12 13:00:00,41.7
2017-09-12 14:00:00,39.49
2017-09-12 15:00:00,35.83
2017-09-12 16:00:00,32.14
2017-09-12 17:00:00,35.58
2017-09-12 18:00:00,41.49
2017-09-12 19:00:00,45.89
2017-09-12 20:00:00,45.52
2017-09-12 21:00:00,36.94
2017-09-12 22:00:00,34.11
2017-09-12 23:00:00,28.1
2017-09-13 00:00:00,22.84
2017-09-13 01:00:00,17.08
2017-09-13 02:00:00,12.4
2017-09-13 03:00:00,1.62
2017-09-13 04:00:00,8.33
2017-09-13 05:00:00,16.02
2017-09-13 06:00:00,24.54
2017-09-13 07:00:00,30.26
2017-09-13 08:00:00,34.98
2017-09-13 09:00:00,32.97
2017-09-13 10:00:00,28.64
2017-09-13 11:00:00,29.9
2017-09-13 12:00:00,30.6
2017-09-13 13:00:00,30.9
2017-09-13 14:00:00,27.66
2017-09-13 15:00:00,20.51
2017-09-13 16:00:00,19.72
2017-09-13 17:00:00,26.01
2017-09-13 18:00:00,34.16
2017-09-13 19:00:00,29.9
2017-09-13 20:00:00,32.2
2017-09-13 21:00:00,33.21
2017-09-13 22:00:00,36.32
2017-09-13 23:00:00,34.51
2017-09-14 00:00:00,32.67
2017-09-14 01:00:00,22.01
2017-09-14 02:00:00,7.66
2017-09-14 03:00:00,4.82
2017-09-14 04:00:00,6.06
2017-09-14 05:00:00,14.19
2017-09-14 06:00:00,31.08
2017-09-14 07:00:00,39.9
2017-09-14 08:00:00,47.91
2017-09-14 09:00:00,46.54
2017-09-14 10:00:00,44.9
2017-09-14 11:00:00,42.54
2017-09-14 12:00:00,34.0
2017-09-14 13:00:00,31.79
2017-09-14 14:00:00,31.98
2017-09-14 15:00:00,31.15
2017-09-14 16:00:00,32.24
2017-09-14 17:00:00,33.12
2017-09-14 18:00:00,34.91
2017-09-14 19:00:00,37.33
2017-09-14 20:00:00,42.57
2017-09-14 21:00:00,36.39
2017-09-14 22:00:00,33.71
2017-09-14 23:00:00,31.2
2017-09-15 00:00:00,32.7
2017-09-15 01:00:00,29.99
2017-09-15 02:00:00,23.03
2017-09-15 03:00:00,20.22
2017-09-15 04:00:00,23.93
2017-09-15 05:00:00,29.6
2017-09-15 06:00:00,40.24
2017-09-15 07:00:00,44.3
2017-09-15 08:00:00,46.69
2017-09-15 09:00:00,50.43
2017-09-15 10:00:00,46.28
2017-09-15 11:00:00,43.53
2017-09-15 12:00:00,39.5
2017-09-15 13:00:00,37.59
2017-09-15 14:00:00,36.4
2017-09-15 15:00:00,36.13
2017-09-15 16:00:00,38.65
2017-09-15 17:00:00,42.51
2017-09-15 18:00:00,45.47
2017-09-15 19:00:00,48.0
2017-09-15 20:00:00,47.95
2017-09-15 21:00:00,42.05
2017-09-15 22:00:00,39.42
2017-09-15 23:00:00,37.79
2017-09-16 00:00:00,33.95
2017-09-16 01:00:00,32.0
2017-09-16 02:00:00,31.57
2017-09-16 03:00:00,31.01
2017-09-16 04:00:00,30.82
2017-09-16 05:00:00,31.44
2017-09-16 06:00:00,31.94
2017-09-16 07:00:00,34.7
2017-09-16 08:00:00,40.38
2017-09-16 09:00:00,46.07
2017-09-16 10:00:00,42.14
2017-09-16 11:00:00,44.19
2017-09-16 12:00:00,38.57
2017-09-16 13:00:00,35.29
2017-09-16 14:00:00,32.99
2017-09-16 15:00:00,33.9
2017-09-16 16:00:00,35.5
2017-09-16 17:00:00,40.03
2017-09-16 18:00:00,44.64
2017-09-16 19:00:00,48.01
2017-09-16 20:00:00,46.7
2017-09-16 21:00:00,43.54
2017-09-16 22:00:00,40.33
2017-09-16 23:00:00,37.4
2017-09-17 00:00:00,36.63
2017-09-17 01:00:00,31.05
2017-09-17 02:00:00,30.06
2017-09-17 03:00:00,29.43
2017-09-17 04:00:00,29.18
2017-09-17 05:00:00,29.38
2017-09-17 06:00:00,29.98
2017-09-17 07:00:00,30.09
2017-09-17 08:00:00,32.04
2017-09-17 09:00:00,32.59
2017-09-17 10:00:00,32.16
2017-09-17 11:00:00,32.65
2017-09-17 12:00:00,33.9
2017-09-17 13:00:00,32.59
2017-09-17 14:00:00,30.91
2017-09-17 15:00:00,30.79
2017-09-17 16:00:00,30.05
2017-09-17 17:00:00,32.15
2017-09-17 18:00:00,41.0
2017-09-17 19:00:00,45.09
2017-09-17 20:00:00,49.92
2017-09-17 21:00:00,44.83
2017-09-17 22:00:00,46.96
2017-09-17 23:00:00,45.59
2017-09-18 00:00:00,38.05
2017-09-18 01:00:00,33.4
2017-09-18 02:00:00,32.1
2017-09-18 03:00:00,31.42
2017-09-18 04:00:00,32.0
2017-09-18 05:00:00,32.6
2017-09-18 06:00:00,43.89
2017-09-18 07:00:00,51.06
2017-09-18 08:00:00,53.23
2017-09-18 09:00:00,53.0
2017-09-18 10:00:00,51.59
2017-09-18 11:00:00,50.46
2017-09-18 12:00:00,48.85
2017-09-18 13:00:00,49.15
2017-09-18 14:00:00,46.84
2017-09-18 15:00:00,41.88
2017-09-18 16:00:00,43.92
2017-09-18 17:00:00,45.61
2017-09-18 18:00:00,49.41
2017-09-18 19:00:00,52.89
2017-09-18 20:00:00,53.14
2017-09-18 21:00:00,44.58
2017-09-18 22:00:00,40.05
2017-09-18 23:00:00,34.41
2017-09-19 00:00:00,33.1
2017-09-19 01:00:00,32.13
2017-09-19 02:00:00,31.28
2017-09-19 03:00:00,30.8
2017-09-19 04:00:00,31.07
2017-09-19 05:00:00,33.22
2017-09-19 06:00:00,40.0
2017-09-19 07:00:00,50.02
2017-09-19 08:00:00,53.76
2017-09-19 09:00:00,51.1
2017-09-19 10:00:00,49.99
2017-09-19 11:00:00,49.37
2017-09-19 12:00:00,46.56
2017-09-19 13:00:00,44.52
2017-09-19 14:00:00,39.8
2017-09-19 15:00:00,38.36
2017-09-19 16:00:00,38.94
2017-09-19 17:00:00,42.98
2017-09-19 18:00:00,46.26
2017-09-19 19:00:00,50.01
2017-09-19 20:00:00,49.2
2017-09-19 21:00:00,40.0
2017-09-19 22:00:00,39.2
2017-09-19 23:00:00,35.74
2017-09-20 00:00:00,40.4
2017-09-20 01:00:00,33.32
2017-09-20 02:00:00,30.08
2017-09-20 03:00:00,27.33
2017-09-20 04:00:00,28.16
2017-09-20 05:00:00,31.25
2017-09-20 06:00:00,39.49
2017-09-20 07:00:00,48.01
2017-09-20 08:00:00,49.74
2017-09-20 09:00:00,50.69
2017-09-20 10:00:00,46.84
2017-09-20 11:00:00,48.13
2017-09-20 12:00:00,43.64
2017-09-20 13:00:00,41.64
2017-09-20 14:00:00,37.51
2017-09-20 15:00:00,37.1
2017-09-20 16:00:00,40.0
2017-09-20 17:00:00,43.94
2017-09-20 18:00:00,48.93
2017-09-20 19:00:00,52.02
2017-09-20 20:00:00,51.03
2017-09-20 21:00:00,43.91
2017-09-20 22:00:00,39.44
2017-09-20 23:00:00,34.61
2017-09-21 00:00:00,32.61
2017-09-21 01:00:00,30.8
2017-09-21 02:00:00,29.66
2017-09-21 03:00:00,29.49
2017-09-21 04:00:00,29.98
2017-09-21 05:00:00,32.11
2017-09-21 06:00:00,40.0
2017-09-21 07:00:00,47.97
2017-09-21 08:00:00,50.97
2017-09-21 09:00:00,47.03
2017-09-21 10:00:00,43.47
2017-09-21 11:00:00,39.48
2017-09-21 12:00:00,35.9
2017-09-21 13:00:00,35.27
2017-09-21 14:00:00,34.55
2017-09-21 15:00:00,34.4
2017-09-21 16:00:00,37.52
2017-09-21 17:00:00,43.48
2017-09-21 18:00:00,48.73
2017-09-21 19:00:00,52.77
2017-09-21 20:00:00,50.75
2017-09-21 21:00:00,42.2
2017-09-21 22:00:00,38.33
2017-09-21 23:00:00,34.73
2017-09-22 00:00:00,32.24
2017-09-22 01:00:00,31.67
2017-09-22 02:00:00,30.4
2017-09-22 03:00:00,30.02
2017-09-22 04:00:00,30.3
2017-09-22 05:00:00,31.9
2017-09-22 06:00:00,40.06
2017-09-22 07:00:00,48.18
2017-09-22 08:00:00,49.8
2017-09-22 09:00:00,49.71
2017-09-22 10:00:00,47.17
2017-09-22 11:00:00,45.34
2017-09-22 12:00:00,40.34
2017-09-22 13:00:00,38.07
2017-09-22 14:00:00,36.58
2017-09-22 15:00:00,36.57
2017-09-22 16:00:00,37.31
2017-09-22 17:00:00,43.27
2017-09-22 18:00:00,45.92
2017-09-22 19:00:00,48.92
2017-09-22 20:00:00,47.21
2017-09-22 21:00:00,43.3
2017-09-22 22:00:00,39.51
2017-09-22 23:00:00,37.95
2017-09-23 00:00:00,34.67
2017-09-23 01:00:00,33.43
2017-09-23 02:00:00,31.94
2017-09-23 03:00:00,31.91
2017-09-23 04:00:00,31.43
2017-09-23 05:00:00,31.81
2017-09-23 06:00:00,33.4
2017-09-23 07:00:00,39.03
2017-09-23 08:00:00,41.54
2017-09-23 09:00:00,42.93
2017-09-23 10:00:00,41.91
2017-09-23 11:00:00,39.9
2017-09-23 12:00:00,33.69
2017-09-23 13:00:00,33.0
2017-09-23 14:00:00,32.12
2017-09-23 15:00:00,32.0
2017-09-23 16:00:00,32.77
2017-09-23 17:00:00,37.22
2017-09-23 18:00:00,42.44
2017-09-23 19:00:00,45.2
2017-09-23 20:00:00,44.93
2017-09-23 21:00:00,39.08
2017-09-23 22:00:00,37.88
2017-09-23 23:00:00,36.61
2017-09-24 00:00:00,42.24
2017-09-24 01:00:00,33.81
2017-09-24 02:00:00,31.7
2017-09-24 03:00:00,30.77
2017-09-24 04:00:00,30.55
2017-09-24 05:00:00,31.06
2017-09-24 06:00:00,31.82
2017-09-24 07:00:00,32.09
2017-09-24 08:00:00,34.9
2017-09-24 09:00:00,35.57
2017-09-24 10:00:00,35.25
2017-09-24 11:00:00,35.61
2017-09-24 12:00:00,35.21
2017-09-24 13:00:00,32.71
2017-09-24 14:00:00,31.52
2017-09-24 15:00:00,31.37
2017-09-24 16:00:00,31.62
2017-09-24 17:00:00,35.34
2017-09-24 18:00:00,42.39
2017-09-24 19:00:00,46.94
2017-09-24 20:00:00,49.67
2017-09-24 21:00:00,44.8
2017-09-24 22:00:00,43.55
2017-09-24 23:00:00,38.48
2017-09-25 00:00:00,33.56
2017-09-25 01:00:00,31.69
2017-09-25 02:00:00,31.1
2017-09-25 03:00:00,31.02
2017-09-25 04:00:00,30.5
2017-09-25 05:00:00,32.49
2017-09-25 06:00:00,44.42
2017-09-25 07:00:00,52.44
2017-09-25 08:00:00,53.77
2017-09-25 09:00:00,52.4
2017-09-25 10:00:00,51.1
2017-09-25 11:00:00,51.26
2017-09-25 12:00:00,48.87
2017-09-25 13:00:00,48.3
2017-09-25 14:00:00,45.73
2017-09-25 15:00:00,46.38
2017-09-25 16:00:00,43.93
2017-09-25 17:00:00,46.13
2017-09-25 18:00:00,49.81
2017-09-25 19:00:00,52.0
2017-09-25 20:00:00,50.44
2017-09-25 21:00:00,41.96
2017-09-25 22:00:00,41.1
2017-09-25 23:00:00,34.85
2017-09-26 00:00:00,35.37
2017-09-26 01:00:00,32.42
2017-09-26 02:00:00,31.36
2017-09-26 03:00:00,31.33
2017-09-26 04:00:00,31.88
2017-09-26 05:00:00,33.61
2017-09-26 06:00:00,42.52
2017-09-26 07:00:00,51.94
2017-09-26 08:00:00,55.2
2017-09-26 09:00:00,57.65
2017-09-26 10:00:00,59.53
2017-09-26 11:00:00,57.46
2017-09-26 12:00:00,54.52
2017-09-26 13:00:00,54.29
2017-09-26 14:00:00,53.65
2017-09-26 15:00:00,53.13
2017-09-26 16:00:00,46.14
2017-09-26 17:00:00,49.21
2017-09-26 18:00:00,52.89
2017-09-26 19:00:00,55.85
2017-09-26 20:00:00,54.87
2017-09-26 21:00:00,53.0
2017-09-26 22:00:00,48.19
2017-09-26 23:00:00,39.21
2017-09-27 00:00:00,42.14
2017-09-27 01:00:00,36.93
2017-09-27 02:00:00,33.8
2017-09-27 03:00:00,32.66
2017-09-27 04:00:00,32.14
2017-09-27 05:00:00,33.7
2017-09-27 06:00:00,45.07
2017-09-27 07:00:00,54.4
2017-09-27 08:00:00,58.45
2017-09-27 09:00:00,57.01
2017-09-27 10:00:00,53.34
2017-09-27 11:00:00,52.42
2017-09-27 12:00:00,46.4
2017-09-27 13:00:00,44.8
2017-09-27 14:00:00,41.03
2017-09-27 15:00:00,45.82
2017-09-27 16:00:00,45.22
2017-09-27 17:00:00,51.65
2017-09-27 18:00:00,49.99
2017-09-27 19:00:00,54.86
2017-09-27 20:00:00,53.68
2017-09-27 21:00:00,49.94
2017-09-27 22:00:00,45.0
2017-09-27 23:00:00,37.96
2017-09-28 00:00:00,41.56
2017-09-28 01:00:00,36.74
2017-09-28 02:00:00,33.78
2017-09-28 03:00:00,31.01
2017-09-28 04:00:00,31.05
2017-09-28 05:00:00,33.4
2017-09-28 06:00:00,40.2
2017-09-28 07:00:00,51.53
2017-09-28 08:00:00,58.49
2017-09-28 09:00:00,60.18
2017-09-28 10:00:00,56.03
2017-09-28 11:00:00,56.43
2017-09-28 12:00:00,57.59
2017-09-28 13:00:00,56.83
2017-09-28 14:00:00,54.88
2017-09-28 15:00:00,51.5
2017-09-28 16:00:00,50.69
2017-09-28 17:00:00,56.6
2017-09-28 18:00:00,52.5
2017-09-28 19:00:00,57.28
2017-09-28 20:00:00,56.66
2017-09-28 21:00:00,49.9
2017-09-28 22:00:00,46.22
2017-09-28 23:00:00,40.42
2017-09-29 00:00:00,33.85
2017-09-29 01:00:00,32.88
2017-09-29 02:00:00,31.5
2017-09-29 03:00:00,31.1
2017-09-29 04:00:00,30.97
2017-09-29 05:00:00,31.91
2017-09-29 06:00:00,40.67
2017-09-29 07:00:00,49.91
2017-09-29 08:00:00,51.2
2017-09-29 09:00:00,49.99
2017-09-29 10:00:00,49.36
2017-09-29 11:00:00,50.36
2017-09-29 12:00:00,56.01
2017-09-29 13:00:00,47.4
2017-09-29 14:00:00,45.6
2017-09-29 15:00:00,38.45
2017-09-29 16:00:00,41.23
2017-09-29 17:00:00,45.17
2017-09-29 18:00:00,48.5
2017-09-29 19:00:00,50.41
2017-09-29 20:00:00,52.4
2017-09-29 21:00:00,47.59
2017-09-29 22:00:00,39.28
2017-09-29 23:00:00,40.08
2017-09-30 00:00:00,35.12
2017-09-30 01:00:00,44.02
2017-09-30 02:00:00,32.76
2017-09-30 03:00:00,30.41
2017-09-30 04:00:00,29.03
2017-09-30 05:00:00,30.02
2017-09-30 06:00:00,31.96
2017-09-30 07:00:00,38.6
2017-09-30 08:00:00,39.0
2017-09-30 09:00:00,42.49
2017-09-30 10:00:00,42.57
2017-09-30 11:00:00,43.2
2017-09-30 12:00:00,40.0
2017-09-30 13:00:00,38.49
2017-09-30 14:00:00,34.01
2017-09-30 15:00:00,33.0
2017-09-30 16:00:00,37.52
2017-09-30 17:00:00,41.77
2017-09-30 18:00:00,45.06
2017-09-30 19:00:00,48.25
2017-09-30 20:00:00,45.01
2017-09-30 21:00:00,40.21
2017-09-30 22:00:00,41.81
2017-09-30 23:00:00,38.67
2017-10-01 00:00:00,32.14
2017-10-01 01:00:00,42.13
2017-10-01 02:00:00,30.44
2017-10-01 03:00:00,25.73
2017-10-01 04:00:00,25.52
2017-10-01 05:00:00,26.84
2017-10-01 06:00:00,27.86
2017-10-01 07:00:00,28.47
2017-10-01 08:00:00,32.71
2017-10-01 09:00:00,38.11
2017-10-01 10:00:00,38.39
2017-10-01 11:00:00,38.58
2017-10-01 12:00:00,38.92
2017-10-01 13:00:00,30.71
2017-10-01 14:00:00,27.18
2017-10-01 15:00:00,26.96
2017-10-01 16:00:00,27.84
2017-10-01 17:00:00,37.0
2017-10-01 18:00:00,46.13
2017-10-01 19:00:00,49.9
2017-10-01 20:00:00,47.66
2017-10-01 21:00:00,40.1
2017-10-01 22:00:00,40.85
2017-10-01 23:00:00,33.1
2017-10-02 00:00:00,28.64
2017-10-02 01:00:00,20.2
2017-10-02 02:00:00,22.52
2017-10-02 03:00:00,10.64
2017-10-02 04:00:00,5.53
2017-10-02 05:00:00,15.81
2017-10-02 06:00:00,34.75
2017-10-02 07:00:00,55.97
2017-10-02 08:00:00,53.47
2017-10-02 09:00:00,50.0
2017-10-02 10:00:00,46.58
2017-10-02 11:00:00,45.0
2017-10-02 12:00:00,49.9
2017-10-02 13:00:00,50.05
2017-10-02 14:00:00,41.24
2017-10-02 15:00:00,41.74
2017-10-02 16:00:00,42.54
2017-10-02 17:00:00,46.69
2017-10-02 18:00:00,51.73
2017-10-02 19:00:00,54.39
2017-10-02 20:00:00,51.41
2017-10-02 21:00:00,41.47
2017-10-02 22:00:00,38.3
2017-10-02 23:00:00,34.67
2017-10-03 00:00:00,40.84
2017-10-03 01:00:00,35.98
2017-10-03 02:00:00,32.1
2017-10-03 03:00:00,21.48
2017-10-03 04:00:00,20.71
2017-10-03 05:00:00,28.0
2017-10-03 06:00:00,37.91
2017-10-03 07:00:00,41.81
2017-10-03 08:00:00,47.62
2017-10-03 09:00:00,39.91
2017-10-03 10:00:00,36.23
2017-10-03 11:00:00,36.15
2017-10-03 12:00:00,35.57
2017-10-03 13:00:00,37.54
2017-10-03 14:00:00,43.05
2017-10-03 15:00:00,50.0
2017-10-03 16:00:00,50.0
2017-10-03 17:00:00,53.28
2017-10-03 18:00:00,47.9
2017-10-03 19:00:00,53.25
2017-10-03 20:00:00,49.24
2017-10-03 21:00:00,45.57
2017-10-03 22:00:00,44.9
2017-10-03 23:00:00,40.03
2017-10-04 00:00:00,32.89
2017-10-04 01:00:00,31.33
2017-10-04 02:00:00,32.5
2017-10-04 03:00:00,32.5
2017-10-04 04:00:00,32.5
2017-10-04 05:00:00,42.09
2017-10-04 06:00:00,50.0
2017-10-04 07:00:00,61.24
2017-10-04 08:00:00,60.93
2017-10-04 09:00:00,60.86
2017-10-04 10:00:00,72.94
2017-10-04 11:00:00,70.09
2017-10-04 12:00:00,68.27
2017-10-04 13:00:00,63.85
2017-10-04 14:00:00,68.7
2017-10-04 15:00:00,40.0
2017-10-04 16:00:00,60.46
2017-10-04 17:00:00,49.0
2017-10-04 18:00:00,44.6
2017-10-04 19:00:00,65.07
2017-10-04 20:00:00,66.06
2017-10-04 21:00:00,55.56
2017-10-04 22:00:00,49.9
2017-10-04 23:00:00,37.8
2017-10-05 00:00:00,39.9
2017-10-05 01:00:00,45.0
2017-10-05 02:00:00,25.84
2017-10-05 03:00:00,34.19
2017-10-05 04:00:00,30.18
2017-10-05 05:00:00,32.92
2017-10-05 06:00:00,42.37
2017-10-05 07:00:00,45.22
2017-10-05 08:00:00,46.09
2017-10-05 09:00:00,60.71
2017-10-05 10:00:00,61.52
2017-10-05 11:00:00,68.92
2017-10-05 12:00:00,67.84
2017-10-05 13:00:00,55.28
2017-10-05 14:00:00,43.9
2017-10-05 15:00:00,45.19
2017-10-05 16:00:00,45.68
2017-10-05 17:00:00,52.43
2017-10-05 18:00:00,55.03
2017-10-05 19:00:00,61.96
2017-10-05 20:00:00,62.07
2017-10-05 21:00:00,50.0
2017-10-05 22:00:00,47.64
2017-10-05 23:00:00,51.77
2017-10-06 00:00:00,45.84
2017-10-06 01:00:00,35.15
2017-10-06 02:00:00,32.46
2017-10-06 03:00:00,32.7
2017-10-06 04:00:00,33.8
2017-10-06 05:00:00,33.48
2017-10-06 06:00:00,43.43
2017-10-06 07:00:00,55.8
2017-10-06 08:00:00,74.58
2017-10-06 09:00:00,61.77
2017-10-06 10:00:00,56.61
2017-10-06 11:00:00,43.9
2017-10-06 12:00:00,50.3
2017-10-06 13:00:00,46.32
2017-10-06 14:00:00,39.9
2017-10-06 15:00:00,34.32
2017-10-06 16:00:00,35.44
2017-10-06 17:00:00,44.67
2017-10-06 18:00:00,50.54
2017-10-06 19:00:00,55.3
2017-10-06 20:00:00,49.02
2017-10-06 21:00:00,40.3
2017-10-06 22:00:00,49.99
2017-10-06 23:00:00,51.19
2017-10-07 00:00:00,57.16
2017-10-07 01:00:00,48.13
2017-10-07 02:00:00,45.04
2017-10-07 03:00:00,26.9
2017-10-07 04:00:00,35.68
2017-10-07 05:00:00,30.8
2017-10-07 06:00:00,31.62
2017-10-07 07:00:00,37.55
2017-10-07 08:00:00,40.9
2017-10-07 09:00:00,47.69
2017-10-07 10:00:00,37.51
2017-10-07 11:00:00,52.36
2017-10-07 12:00:00,44.0
2017-10-07 13:00:00,40.92
2017-10-07 14:00:00,37.02
2017-10-07 15:00:00,35.0
2017-10-07 16:00:00,37.29
2017-10-07 17:00:00,43.02
2017-10-07 18:00:00,52.61
2017-10-07 19:00:00,61.84
2017-10-07 20:00:00,57.06
2017-10-07 21:00:00,42.4
2017-10-07 22:00:00,53.36
2017-10-07 23:00:00,47.82
2017-10-08 00:00:00,40.24
2017-10-08 01:00:00,40.77
2017-10-08 02:00:00,33.0
2017-10-08 03:00:00,31.4
2017-10-08 04:00:00,33.81
2017-10-08 05:00:00,35.7
2017-10-08 06:00:00,37.53
2017-10-08 07:00:00,36.62
2017-10-08 08:00:00,31.45
2017-10-08 09:00:00,41.73
2017-10-08 10:00:00,44.01
2017-10-08 11:00:00,49.44
2017-10-08 12:00:00,51.52
2017-10-08 13:00:00,46.58
2017-10-08 14:00:00,38.46
2017-10-08 15:00:00,34.2
2017-10-08 16:00:00,32.06
2017-10-08 17:00:00,40.82
2017-10-08 18:00:00,40.05
2017-10-08 19:00:00,58.14
2017-10-08 20:00:00,59.94
2017-10-08 21:00:00,53.2
2017-10-08 22:00:00,51.32
2017-10-08 23:00:00,44.09
2017-10-09 00:00:00,43.13
2017-10-09 01:00:00,34.8
2017-10-09 02:00:00,33.31
2017-10-09 03:00:00,32.24
2017-10-09 04:00:00,30.25
2017-10-09 05:00:00,34.07
2017-10-09 06:00:00,46.37
2017-10-09 07:00:00,64.73
2017-10-09 08:00:00,64.05
2017-10-09 09:00:00,64.79
2017-10-09 10:00:00,64.12
2017-10-09 11:00:00,63.04
2017-10-09 12:00:00,60.58
2017-10-09 13:00:00,59.19
2017-10-09 14:00:00,57.11
2017-10-09 15:00:00,53.26
2017-10-09 16:00:00,51.51
2017-10-09 17:00:00,57.59
2017-10-09 18:00:00,63.86
2017-10-09 19:00:00,75.0
2017-10-09 20:00:00,67.91
2017-10-09 21:00:00,58.6
2017-10-09 22:00:00,49.41
2017-10-09 23:00:00,40.0
2017-10-10 00:00:00,41.72
2017-10-10 01:00:00,37.28
2017-10-10 02:00:00,34.06
2017-10-10 03:00:00,33.21
2017-10-10 04:00:00,30.84
2017-10-10 05:00:00,33.51
2017-10-10 06:00:00,54.12
2017-10-10 07:00:00,67.34
2017-10-10 08:00:00,67.6
2017-10-10 09:00:00,63.57
2017-10-10 10:00:00,80.74
2017-10-10 11:00:00,68.49
2017-10-10 12:00:00,66.03
2017-10-10 13:00:00,65.11
2017-10-10 14:00:00,63.88
2017-10-10 15:00:00,62.58
2017-10-10 16:00:00,61.5
2017-10-10 17:00:00,62.65
2017-10-10 18:00:00,66.86
2017-10-10 19:00:00,74.2
2017-10-10 20:00:00,70.0
2017-10-10 21:00:00,51.35
2017-10-10 22:00:00,48.22
2017-10-10 23:00:00,43.04
2017-10-11 00:00:00,44.64
2017-10-11 01:00:00,39.08
2017-10-11 02:00:00,32.97
2017-10-11 03:00:00,29.16
2017-10-11 04:00:00,29.26
2017-10-11 05:00:00,33.0
2017-10-11 06:00:00,47.57
2017-10-11 07:00:00,79.78
2017-10-11 08:00:00,76.1
2017-10-11 09:00:00,74.97
2017-10-11 10:00:00,71.51
2017-10-11 11:00:00,66.66
2017-10-11 12:00:00,60.61
2017-10-11 13:00:00,59.57
2017-10-11 14:00:00,53.63
2017-10-11 15:00:00,50.95
2017-10-11 16:00:00,53.85
2017-10-11 17:00:00,65.8
2017-10-11 18:00:00,72.78
2017-10-11 19:00:00,81.34
2017-10-11 20:00:00,78.41
2017-10-11 21:00:00,48.21
2017-10-11 22:00:00,43.36
2017-10-11 23:00:00,32.0
2017-10-12 00:00:00,37.87
2017-10-12 01:00:00,30.3
2017-10-12 02:00:00,30.77
2017-10-12 03:00:00,31.0
2017-10-12 04:00:00,31.42
2017-10-12 05:00:00,41.04
2017-10-12 06:00:00,41.19
2017-10-12 07:00:00,66.39
2017-10-12 08:00:00,67.9
2017-10-12 09:00:00,64.99
2017-10-12 10:00:00,64.05
2017-10-12 11:00:00,63.0
2017-10-12 12:00:00,59.14
2017-10-12 13:00:00,58.0
2017-10-12 14:00:00,57.29
2017-10-12 15:00:00,56.54
2017-10-12 16:00:00,57.29
2017-10-12 17:00:00,65.59
2017-10-12 18:00:00,66.64
2017-10-12 19:00:00,77.29
2017-10-12 20:00:00,87.59
2017-10-12 21:00:00,51.95
2017-10-12 22:00:00,42.0
2017-10-12 23:00:00,41.27
2017-10-13 00:00:00,33.55
2017-10-13 01:00:00,33.58
2017-10-13 02:00:00,35.01
2017-10-13 03:00:00,31.0
2017-10-13 04:00:00,30.36
2017-10-13 05:00:00,31.47
2017-10-13 06:00:00,43.33
2017-10-13 07:00:00,66.08
2017-10-13 08:00:00,64.82
2017-10-13 09:00:00,70.0
2017-10-13 10:00:00,59.47
2017-10-13 11:00:00,59.73
2017-10-13 12:00:00,43.17
2017-10-13 13:00:00,60.68
2017-10-13 14:00:00,49.93
2017-10-13 15:00:00,43.51
2017-10-13 16:00:00,53.56
2017-10-13 17:00:00,50.68
2017-10-13 18:00:00,69.09
2017-10-13 19:00:00,55.22
2017-10-13 20:00:00,68.06
2017-10-13 21:00:00,44.9
2017-10-13 22:00:00,47.38
2017-10-13 23:00:00,45.5
2017-10-14 00:00:00,34.78
2017-10-14 01:00:00,31.68
2017-10-14 02:00:00,33.42
2017-10-14 03:00:00,33.59
2017-10-14 04:00:00,30.0
2017-10-14 05:00:00,29.49
2017-10-14 06:00:00,33.09
2017-10-14 07:00:00,34.74
2017-10-14 08:00:00,42.0
2017-10-14 09:00:00,46.04
2017-10-14 10:00:00,44.8
2017-10-14 11:00:00,44.06
2017-10-14 12:00:00,36.78
2017-10-14 13:00:00,39.72
2017-10-14 14:00:00,37.3
2017-10-14 15:00:00,38.26
2017-10-14 16:00:00,39.53
2017-10-14 17:00:00,42.41
2017-10-14 18:00:00,49.9
2017-10-14 19:00:00,63.16
2017-10-14 20:00:00,46.6
2017-10-14 21:00:00,45.84
2017-10-14 22:00:00,42.52
2017-10-14 23:00:00,42.0
2017-10-15 00:00:00,34.65
2017-10-15 01:00:00,41.0
2017-10-15 02:00:00,31.84
2017-10-15 03:00:00,30.27
2017-10-15 04:00:00,29.04
2017-10-15 05:00:00,28.91
2017-10-15 06:00:00,31.18
2017-10-15 07:00:00,35.9
2017-10-15 08:00:00,34.22
2017-10-15 09:00:00,33.24
2017-10-15 10:00:00,31.58
2017-10-15 11:00:00,38.64
2017-10-15 12:00:00,36.58
2017-10-15 13:00:00,35.15
2017-10-15 14:00:00,29.98
2017-10-15 15:00:00,26.63
2017-10-15 16:00:00,28.03
2017-10-15 17:00:00,39.38
2017-10-15 18:00:00,45.05
2017-10-15 19:00:00,54.52
2017-10-15 20:00:00,47.9
2017-10-15 21:00:00,33.38
2017-10-15 22:00:00,39.34
2017-10-15 23:00:00,30.49
2017-10-16 00:00:00,30.8
2017-10-16 01:00:00,30.1
2017-10-16 02:00:00,24.74
2017-10-16 03:00:00,27.65
2017-10-16 04:00:00,24.57
2017-10-16 05:00:00,28.9
2017-10-16 06:00:00,42.0
2017-10-16 07:00:00,55.45
2017-10-16 08:00:00,72.18
2017-10-16 09:00:00,79.29
2017-10-16 10:00:00,74.68
2017-10-16 11:00:00,71.75
2017-10-16 12:00:00,48.74
2017-10-16 13:00:00,55.11
2017-10-16 14:00:00,40.56
2017-10-16 15:00:00,42.5
2017-10-16 16:00:00,44.62
2017-10-16 17:00:00,50.9
2017-10-16 18:00:00,63.47
2017-10-16 19:00:00,66.6
2017-10-16 20:00:00,50.5
2017-10-16 21:00:00,39.42
2017-10-16 22:00:00,36.13
2017-10-16 23:00:00,34.0
2017-10-17 00:00:00,39.9
2017-10-17 01:00:00,34.7
2017-10-17 02:00:00,31.92
2017-10-17 03:00:00,31.8
2017-10-17 04:00:00,28.37
2017-10-17 05:00:00,33.97
2017-10-17 06:00:00,45.0
2017-10-17 07:00:00,76.58
2017-10-17 08:00:00,67.48
2017-10-17 09:00:00,66.0
2017-10-17 10:00:00,65.04
2017-10-17 11:00:00,65.04
2017-10-17 12:00:00,63.98
2017-10-17 13:00:00,64.05
2017-10-17 14:00:00,63.22
2017-10-17 15:00:00,55.71
2017-10-17 16:00:00,65.76
2017-10-17 17:00:00,75.62
2017-10-17 18:00:00,67.0
2017-10-17 19:00:00,91.86
2017-10-17 20:00:00,87.81
2017-10-17 21:00:00,70.51
2017-10-17 22:00:00,55.13
2017-10-17 23:00:00,39.54
2017-10-18 00:00:00,38.23
2017-10-18 01:00:00,35.65
2017-10-18 02:00:00,34.02
2017-10-18 03:00:00,31.89
2017-10-18 04:00:00,31.81
2017-10-18 05:00:00,36.03
2017-10-18 06:00:00,49.87
2017-10-18 07:00:00,66.0
2017-10-18 08:00:00,69.94
2017-10-18 09:00:00,67.91
2017-10-18 10:00:00,65.56
2017-10-18 11:00:00,63.43
2017-10-18 12:00:00,61.84
2017-10-18 13:00:00,61.97
2017-10-18 14:00:00,61.99
2017-10-18 15:00:00,64.09
2017-10-18 16:00:00,62.65
2017-10-18 17:00:00,65.66
2017-10-18 18:00:00,73.41
2017-10-18 19:00:00,83.02
2017-10-18 20:00:00,67.29
2017-10-18 21:00:00,62.62
2017-10-18 22:00:00,61.41
2017-10-18 23:00:00,42.11
2017-10-19 00:00:00,45.96
2017-10-19 01:00:00,38.72
2017-10-19 02:00:00,34.66
2017-10-19 03:00:00,32.75
2017-10-19 04:00:00,34.0
2017-10-19 05:00:00,35.84
2017-10-19 06:00:00,53.71
2017-10-19 07:00:00,67.66
2017-10-19 08:00:00,68.54
2017-10-19 09:00:00,68.06
2017-10-19 10:00:00,66.08
2017-10-19 11:00:00,64.32
2017-10-19 12:00:00,59.55
2017-10-19 13:00:00,54.65
2017-10-19 14:00:00,53.36
2017-10-19 15:00:00,53.97
2017-10-19 16:00:00,54.93
2017-10-19 17:00:00,58.01
2017-10-19 18:00:00,64.12
2017-10-19 19:00:00,77.55
2017-10-19 20:00:00,64.95
2017-10-19 21:00:00,57.66
2017-10-19 22:00:00,53.88
2017-10-19 23:00:00,42.37
2017-10-20 00:00:00,32.0
2017-10-20 01:00:00,29.7
2017-10-20 02:00:00,30.0
2017-10-20 03:00:00,31.35
2017-10-20 04:00:00,30.0
2017-10-20 05:00:00,31.01
2017-10-20 06:00:00,39.6
2017-10-20 07:00:00,42.95
2017-10-20 08:00:00,52.7
2017-10-20 09:00:00,50.0
2017-10-20 10:00:00,77.23
2017-10-20 11:00:00,60.0
2017-10-20 12:00:00,37.67
2017-10-20 13:00:00,36.18
2017-10-20 14:00:00,38.0
2017-10-20 15:00:00,42.88
2017-10-20 16:00:00,45.51
2017-10-20 17:00:00,42.78
2017-10-20 18:00:00,52.99
2017-10-20 19:00:00,52.64
2017-10-20 20:00:00,47.79
2017-10-20 21:00:00,48.31
2017-10-20 22:00:00,46.58
2017-10-20 23:00:00,44.8
2017-10-21 00:00:00,35.0
2017-10-21 01:00:00,47.86
2017-10-21 02:00:00,32.05
2017-10-21 03:00:00,30.84
2017-10-21 04:00:00,29.35
2017-10-21 05:00:00,30.3
2017-10-21 06:00:00,31.16
2017-10-21 07:00:00,35.88
2017-10-21 08:00:00,41.91
2017-10-21 09:00:00,46.07
2017-10-21 10:00:00,47.71
2017-10-21 11:00:00,47.35
2017-10-21 12:00:00,38.0
2017-10-21 13:00:00,31.02
2017-10-21 14:00:00,30.0
2017-10-21 15:00:00,32.0
2017-10-21 16:00:00,32.09
2017-10-21 17:00:00,36.56
2017-10-21 18:00:00,40.2
2017-10-21 19:00:00,49.36
2017-10-21 20:00:00,40.56
2017-10-21 21:00:00,32.5
2017-10-21 22:00:00,39.88
2017-10-21 23:00:00,28.08
2017-10-22 00:00:00,29.08
2017-10-22 01:00:00,30.28
2017-10-22 02:00:00,18.66
2017-10-22 03:00:00,20.56
2017-10-22 04:00:00,19.06
2017-10-22 05:00:00,20.0
2017-10-22 06:00:00,27.88
2017-10-22 07:00:00,28.77
2017-10-22 08:00:00,39.19
2017-10-22 09:00:00,43.9
2017-10-22 10:00:00,43.9
2017-10-22 11:00:00,42.51
2017-10-22 12:00:00,43.9
2017-10-22 13:00:00,40.0
2017-10-22 14:00:00,40.0
2017-10-22 15:00:00,26.93
2017-10-22 16:00:00,29.16
2017-10-22 17:00:00,39.5
2017-10-22 18:00:00,49.9
2017-10-22 19:00:00,52.25
2017-10-22 20:00:00,48.47
2017-10-22 21:00:00,40.53
2017-10-22 22:00:00,35.74
2017-10-22 23:00:00,33.49
2017-10-23 00:00:00,35.79
2017-10-23 01:00:00,34.2
2017-10-23 02:00:00,38.0
2017-10-23 03:00:00,31.85
2017-10-23 04:00:00,33.64
2017-10-23 05:00:00,34.0
2017-10-23 06:00:00,41.7
2017-10-23 07:00:00,83.23
2017-10-23 08:00:00,87.14
2017-10-23 09:00:00,92.32
2017-10-23 10:00:00,90.67
2017-10-23 11:00:00,90.52
2017-10-23 12:00:00,89.16
2017-10-23 13:00:00,82.85
2017-10-23 14:00:00,78.27
2017-10-23 15:00:00,73.48
2017-10-23 16:00:00,64.9
2017-10-23 17:00:00,72.38
2017-10-23 18:00:00,77.96
2017-10-23 19:00:00,87.34
2017-10-23 20:00:00,88.46
2017-10-23 21:00:00,70.58
2017-10-23 22:00:00,53.03
2017-10-23 23:00:00,47.85
2017-10-24 00:00:00,30.55
2017-10-24 01:00:00,30.32
2017-10-24 02:00:00,29.9
2017-10-24 03:00:00,31.67
2017-10-24 04:00:00,32.07
2017-10-24 05:00:00,30.49
2017-10-24 06:00:00,40.0
2017-10-24 07:00:00,65.2
2017-10-24 08:00:00,71.97
2017-10-24 09:00:00,66.47
2017-10-24 10:00:00,65.18
2017-10-24 11:00:00,64.29
2017-10-24 12:00:00,61.24
2017-10-24 13:00:00,61.72
2017-10-24 14:00:00,60.08
2017-10-24 15:00:00,59.13
2017-10-24 16:00:00,58.28
2017-10-24 17:00:00,59.91
2017-10-24 18:00:00,62.33
2017-10-24 19:00:00,72.01
2017-10-24 20:00:00,62.24
2017-10-24 21:00:00,61.26
2017-10-24 22:00:00,54.39
2017-10-24 23:00:00,32.9
2017-10-25 00:00:00,37.76
2017-10-25 01:00:00,34.32
2017-10-25 02:00:00,31.5
2017-10-25 03:00:00,28.9
2017-10-25 04:00:00,27.72
2017-10-25 05:00:00,33.57
2017-10-25 06:00:00,54.2
2017-10-25 07:00:00,67.95
2017-10-25 08:00:00,68.93
2017-10-25 09:00:00,69.2
2017-10-25 10:00:00,68.04
2017-10-25 11:00:00,67.05
2017-10-25 12:00:00,63.59
2017-10-25 13:00:00,64.0
2017-10-25 14:00:00,63.49
2017-10-25 15:00:00,64.05
2017-10-25 16:00:00,64.36
2017-10-25 17:00:00,79.5
2017-10-25 18:00:00,75.53
2017-10-25 19:00:00,82.34
2017-10-25 20:00:00,69.57
2017-10-25 21:00:00,67.44
2017-10-25 22:00:00,63.01
2017-10-25 23:00:00,51.84
2017-10-26 00:00:00,55.0
2017-10-26 01:00:00,35.8
2017-10-26 02:00:00,34.44
2017-10-26 03:00:00,32.25
2017-10-26 04:00:00,32.25
2017-10-26 05:00:00,37.76
2017-10-26 06:00:00,59.93
2017-10-26 07:00:00,78.99
2017-10-26 08:00:00,77.53
2017-10-26 09:00:00,83.57
2017-10-26 10:00:00,83.02
2017-10-26 11:00:00,77.0
2017-10-26 12:00:00,78.93
2017-10-26 13:00:00,79.56
2017-10-26 14:00:00,79.33
2017-10-26 15:00:00,78.11
2017-10-26 16:00:00,72.83
2017-10-26 17:00:00,75.08
2017-10-26 18:00:00,79.14
2017-10-26 19:00:00,78.31
2017-10-26 20:00:00,78.75
2017-10-26 21:00:00,63.33
2017-10-26 22:00:00,57.04
2017-10-26 23:00:00,40.6
2017-10-27 00:00:00,46.19
2017-10-27 01:00:00,38.81
2017-10-27 02:00:00,37.2
2017-10-27 03:00:00,35.09
2017-10-27 04:00:00,32.53
2017-10-27 05:00:00,29.38
2017-10-27 06:00:00,44.15
2017-10-27 07:00:00,65.94
2017-10-27 08:00:00,67.22
2017-10-27 09:00:00,68.04
2017-10-27 10:00:00,65.19
2017-10-27 11:00:00,63.25
2017-10-27 12:00:00,60.53
2017-10-27 13:00:00,60.16
2017-10-27 14:00:00,56.97
2017-10-27 15:00:00,51.84
2017-10-27 16:00:00,50.16
2017-10-27 17:00:00,64.43
2017-10-27 18:00:00,70.48
2017-10-27 19:00:00,66.39
2017-10-27 20:00:00,64.42
2017-10-27 21:00:00,50.4
2017-10-27 22:00:00,46.53
2017-10-27 23:00:00,47.31
2017-10-28 00:00:00,52.6
2017-10-28 01:00:00,45.0
2017-10-28 02:00:00,42.94
2017-10-28 03:00:00,41.53
2017-10-28 04:00:00,34.98
2017-10-28 05:00:00,35.25
2017-10-28 06:00:00,40.07
2017-10-28 07:00:00,30.9
2017-10-28 08:00:00,44.02
2017-10-28 09:00:00,56.0
2017-10-28 10:00:00,53.92
2017-10-28 11:00:00,53.24
2017-10-28 12:00:00,52.94
2017-10-28 13:00:00,42.41
2017-10-28 14:00:00,34.26
2017-10-28 15:00:00,36.38
2017-10-28 16:00:00,35.14
2017-10-28 17:00:00,39.75
2017-10-28 18:00:00,51.18
2017-10-28 19:00:00,64.44
2017-10-28 20:00:00,52.66
2017-10-28 21:00:00,33.77
2017-10-28 22:00:00,43.92
2017-10-28 23:00:00,38.51
2017-10-29 00:00:00,36.41
2017-10-29 01:00:00,42.3
2017-10-29 02:00:00,-13.1
2017-10-29 03:00:00,3.27
2017-10-29 04:00:00,3.17
2017-10-29 05:00:00,5.24
2017-10-29 06:00:00,1.0
2017-10-29 07:00:00,16.0
2017-10-29 08:00:00,30.31
2017-10-29 09:00:00,-9.57
2017-10-29 10:00:00,30.76
2017-10-29 11:00:00,40.6
2017-10-29 12:00:00,26.24
2017-10-29 13:00:00,38.54
2017-10-29 14:00:00,35.5
2017-10-29 15:00:00,35.5
2017-10-29 16:00:00,41.15
2017-10-29 17:00:00,32.83
2017-10-29 18:00:00,47.0
2017-10-29 19:00:00,73.74
2017-10-29 20:00:00,63.3
2017-10-29 21:00:00,63.15
2017-10-29 22:00:00,54.72
2017-10-29 23:00:00,42.4
2017-10-30 00:00:00,40.6
2017-10-30 01:00:00,42.03
2017-10-30 02:00:00,32.8
2017-10-30 03:00:00,32.4
2017-10-30 04:00:00,32.92
2017-10-30 05:00:00,33.9
2017-10-30 06:00:00,50.0
2017-10-30 07:00:00,63.16
2017-10-30 08:00:00,73.13
2017-10-30 09:00:00,76.4
2017-10-30 10:00:00,72.26
2017-10-30 11:00:00,71.63
2017-10-30 12:00:00,67.85
2017-10-30 13:00:00,68.08
2017-10-30 14:00:00,68.73
2017-10-30 15:00:00,63.17
2017-10-30 16:00:00,63.16
2017-10-30 17:00:00,61.21
2017-10-30 18:00:00,77.39
2017-10-30 19:00:00,94.67
2017-10-30 20:00:00,78.85
2017-10-30 21:00:00,64.87
2017-10-30 22:00:00,54.96
2017-10-30 23:00:00,53.81
2017-10-31 00:00:00,49.2
2017-10-31 01:00:00,44.05
2017-10-31 02:00:00,43.2
2017-10-31 03:00:00,40.69
2017-10-31 04:00:00,40.19
2017-10-31 05:00:00,48.56
2017-10-31 06:00:00,55.91
2017-10-31 07:00:00,84.9
2017-10-31 08:00:00,86.5
2017-10-31 09:00:00,84.29
2017-10-31 10:00:00,85.62
2017-10-31 11:00:00,79.06
2017-10-31 12:00:00,79.52
2017-10-31 13:00:00,81.37
2017-10-31 14:00:00,82.49
2017-10-31 15:00:00,77.84
2017-10-31 16:00:00,74.82
2017-10-31 17:00:00,80.81
2017-10-31 18:00:00,76.04
2017-10-31 19:00:00,79.17
2017-10-31 20:00:00,77.44
2017-10-31 21:00:00,79.31
2017-10-31 22:00:00,74.37
2017-10-31 23:00:00,57.69
2017-11-01 00:00:00,40.7
2017-11-01 01:00:00,37.73
2017-11-01 02:00:00,40.7
2017-11-01 03:00:00,34.6
2017-11-01 04:00:00,33.59
2017-11-01 05:00:00,33.06
2017-11-01 06:00:00,36.5
2017-11-01 07:00:00,40.0
2017-11-01 08:00:00,40.6
2017-11-01 09:00:00,45.0
2017-11-01 10:00:00,45.89
2017-11-01 11:00:00,40.6
2017-11-01 12:00:00,45.42
2017-11-01 13:00:00,46.6
2017-11-01 14:00:00,38.06
2017-11-01 15:00:00,37.29
2017-11-01 16:00:00,40.6
2017-11-01 17:00:00,59.06
2017-11-01 18:00:00,75.0
2017-11-01 19:00:00,75.0
2017-11-01 20:00:00,57.15
2017-11-01 21:00:00,45.81
2017-11-01 22:00:00,47.82
2017-11-01 23:00:00,45.79
2017-11-02 00:00:00,44.61
2017-11-02 01:00:00,37.94
2017-11-02 02:00:00,32.26
2017-11-02 03:00:00,32.4
2017-11-02 04:00:00,32.3
2017-11-02 05:00:00,39.84
2017-11-02 06:00:00,60.8
2017-11-02 07:00:00,63.64
2017-11-02 08:00:00,67.81
2017-11-02 09:00:00,70.92
2017-11-02 10:00:00,69.64
2017-11-02 11:00:00,70.92
2017-11-02 12:00:00,69.52
2017-11-02 13:00:00,72.5
2017-11-02 14:00:00,75.92
2017-11-02 15:00:00,74.52
2017-11-02 16:00:00,70.57
2017-11-02 17:00:00,74.19
2017-11-02 18:00:00,92.22
2017-11-02 19:00:00,85.43
2017-11-02 20:00:00,75.47
2017-11-02 21:00:00,78.13
2017-11-02 22:00:00,75.43
2017-11-02 23:00:00,59.0
2017-11-03 00:00:00,65.68
2017-11-03 01:00:00,53.24
2017-11-03 02:00:00,50.27
2017-11-03 03:00:00,43.1
2017-11-03 04:00:00,44.59
2017-11-03 05:00:00,53.0
2017-11-03 06:00:00,59.62
2017-11-03 07:00:00,66.25
2017-11-03 08:00:00,67.05
2017-11-03 09:00:00,70.0
2017-11-03 10:00:00,68.67
2017-11-03 11:00:00,66.23
2017-11-03 12:00:00,67.75
2017-11-03 13:00:00,66.75
2017-11-03 14:00:00,64.48
2017-11-03 15:00:00,57.61
2017-11-03 16:00:00,60.88
2017-11-03 17:00:00,66.0
2017-11-03 18:00:00,71.18
2017-11-03 19:00:00,75.93
2017-11-03 20:00:00,75.34
2017-11-03 21:00:00,65.51
2017-11-03 22:00:00,68.26
2017-11-03 23:00:00,55.0
2017-11-04 00:00:00,53.82
2017-11-04 01:00:00,44.02
2017-11-04 02:00:00,34.42
2017-11-04 03:00:00,33.61
2017-11-04 04:00:00,33.4
2017-11-04 05:00:00,33.22
2017-11-04 06:00:00,33.73
2017-11-04 07:00:00,37.63
2017-11-04 08:00:00,42.99
2017-11-04 09:00:00,50.76
2017-11-04 10:00:00,46.96
2017-11-04 11:00:00,37.3
2017-11-04 12:00:00,36.1
2017-11-04 13:00:00,34.33
2017-11-04 14:00:00,34.6
2017-11-04 15:00:00,37.4
2017-11-04 16:00:00,38.0
2017-11-04 17:00:00,50.6
2017-11-04 18:00:00,60.51
2017-11-04 19:00:00,55.0
2017-11-04 20:00:00,48.4
2017-11-04 21:00:00,42.4
2017-11-04 22:00:00,44.54
2017-11-04 23:00:00,41.69
2017-11-05 00:00:00,45.0
2017-11-05 01:00:00,37.55
2017-11-05 02:00:00,34.4
2017-11-05 03:00:00,37.4
2017-11-05 04:00:00,32.0
2017-11-05 05:00:00,26.78
2017-11-05 06:00:00,25.0
2017-11-05 07:00:00,30.19
2017-11-05 08:00:00,31.93
2017-11-05 09:00:00,38.99
2017-11-05 10:00:00,36.54
2017-11-05 11:00:00,38.9
2017-11-05 12:00:00,46.33
2017-11-05 13:00:00,42.56
2017-11-05 14:00:00,39.0
2017-11-05 15:00:00,33.96
2017-11-05 16:00:00,35.0
2017-11-05 17:00:00,41.82
2017-11-05 18:00:00,75.95
2017-11-05 19:00:00,71.7
2017-11-05 20:00:00,53.2
2017-11-05 21:00:00,48.0
2017-11-05 22:00:00,49.48
2017-11-05 23:00:00,39.03
2017-11-06 00:00:00,31.74
2017-11-06 01:00:00,44.37
2017-11-06 02:00:00,32.0
2017-11-06 03:00:00,35.5
2017-11-06 04:00:00,35.31
2017-11-06 05:00:00,43.34
2017-11-06 06:00:00,58.99
2017-11-06 07:00:00,75.67
2017-11-06 08:00:00,79.77
2017-11-06 09:00:00,82.12
2017-11-06 10:00:00,78.67
2017-11-06 11:00:00,76.98
2017-11-06 12:00:00,71.84
2017-11-06 13:00:00,70.82
2017-11-06 14:00:00,67.46
2017-11-06 15:00:00,69.9
2017-11-06 16:00:00,65.52
2017-11-06 17:00:00,78.28
2017-11-06 18:00:00,100.06
2017-11-06 19:00:00,100.0
2017-11-06 20:00:00,93.72
2017-11-06 21:00:00,76.04
2017-11-06 22:00:00,83.31
2017-11-06 23:00:00,77.3
2017-11-07 00:00:00,60.0
2017-11-07 01:00:00,42.78
2017-11-07 02:00:00,60.0
2017-11-07 03:00:00,40.31
2017-11-07 04:00:00,45.0
2017-11-07 05:00:00,49.71
2017-11-07 06:00:00,62.1
2017-11-07 07:00:00,83.2
2017-11-07 08:00:00,88.52
2017-11-07 09:00:00,88.9
2017-11-07 10:00:00,73.13
2017-11-07 11:00:00,66.16
2017-11-07 12:00:00,57.65
2017-11-07 13:00:00,59.36
2017-11-07 14:00:00,61.8
2017-11-07 15:00:00,74.21
2017-11-07 16:00:00,80.02
2017-11-07 17:00:00,86.6
2017-11-07 18:00:00,102.18
2017-11-07 19:00:00,102.42
2017-11-07 20:00:00,89.26
2017-11-07 21:00:00,74.28
2017-11-07 22:00:00,88.9
2017-11-07 23:00:00,59.8
2017-11-08 00:00:00,66.51
2017-11-08 01:00:00,59.28
2017-11-08 02:00:00,55.0
2017-11-08 03:00:00,42.35
2017-11-08 04:00:00,59.46
2017-11-08 05:00:00,63.84
2017-11-08 06:00:00,75.95
2017-11-08 07:00:00,92.67
2017-11-08 08:00:00,98.64
2017-11-08 09:00:00,102.33
2017-11-08 10:00:00,93.76
2017-11-08 11:00:00,101.69
2017-11-08 12:00:00,98.06
2017-11-08 13:00:00,95.6
2017-11-08 14:00:00,89.9
2017-11-08 15:00:00,88.02
2017-11-08 16:00:00,88.2
2017-11-08 17:00:00,111.4
2017-11-08 18:00:00,300.0
2017-11-08 19:00:00,147.73
2017-11-08 20:00:00,72.34
2017-11-08 21:00:00,70.61
2017-11-08 22:00:00,65.0
2017-11-08 23:00:00,88.2
2017-11-09 00:00:00,89.3
2017-11-09 01:00:00,65.67
2017-11-09 02:00:00,62.39
2017-11-09 03:00:00,52.72
2017-11-09 04:00:00,54.15
2017-11-09 05:00:00,56.65
2017-11-09 06:00:00,89.3
2017-11-09 07:00:00,125.0
2017-11-09 08:00:00,150.0
2017-11-09 09:00:00,162.12
2017-11-09 10:00:00,129.14
2017-11-09 11:00:00,150.0
2017-11-09 12:00:00,134.78
2017-11-09 13:00:00,134.38
2017-11-09 14:00:00,130.38
2017-11-09 15:00:00,133.62
2017-11-09 16:00:00,150.0
2017-11-09 17:00:00,200.0
2017-11-09 18:00:00,330.77
2017-11-09 19:00:00,165.98
2017-11-09 20:00:00,120.44
2017-11-09 21:00:00,90.64
2017-11-09 22:00:00,93.98
2017-11-09 23:00:00,71.2
2017-11-10 00:00:00,75.0
2017-11-10 01:00:00,63.61
2017-11-10 02:00:00,43.45
2017-11-10 03:00:00,40.22
2017-11-10 04:00:00,40.12
2017-11-10 05:00:00,47.03
2017-11-10 06:00:00,70.71
2017-11-10 07:00:00,79.47
2017-11-10 08:00:00,109.1
2017-11-10 09:00:00,99.36
2017-11-10 10:00:00,98.01
2017-11-10 11:00:00,93.7
2017-11-10 12:00:00,93.7
2017-11-10 13:00:00,85.93
2017-11-10 14:00:00,89.27
2017-11-10 15:00:00,87.9
2017-11-10 16:00:00,85.08
2017-11-10 17:00:00,93.7
2017-11-10 18:00:00,111.3
2017-11-10 19:00:00,81.92
2017-11-10 20:00:00,78.99
2017-11-10 21:00:00,71.2
2017-11-10 22:00:00,84.6
2017-11-10 23:00:00,77.01
2017-11-11 00:00:00,63.74
2017-11-11 01:00:00,43.91
2017-11-11 02:00:00,50.28
2017-11-11 03:00:00,32.62
2017-11-11 04:00:00,44.87
2017-11-11 05:00:00,45.03
2017-11-11 06:00:00,46.0
2017-11-11 07:00:00,68.78
2017-11-11 08:00:00,49.75
2017-11-11 09:00:00,67.8
2017-11-11 10:00:00,88.0
2017-11-11 11:00:00,94.07
2017-11-11 12:00:00,91.56
2017-11-11 13:00:00,89.45
2017-11-11 14:00:00,79.0
2017-11-11 15:00:00,68.18
2017-11-11 16:00:00,62.79
2017-11-11 17:00:00,75.93
2017-11-11 18:00:00,83.23
2017-11-11 19:00:00,90.0
2017-11-11 20:00:00,85.46
2017-11-11 21:00:00,84.24
2017-11-11 22:00:00,86.18
2017-11-11 23:00:00,89.34
2017-11-12 00:00:00,67.4
2017-11-12 01:00:00,42.77
2017-11-12 02:00:00,48.13
2017-11-12 03:00:00,39.9
2017-11-12 04:00:00,37.63
2017-11-12 05:00:00,37.0
2017-11-12 06:00:00,36.39
2017-11-12 07:00:00,37.0
2017-11-12 08:00:00,37.0
2017-11-12 09:00:00,42.19
2017-11-12 10:00:00,45.72
2017-11-12 11:00:00,47.65
2017-11-12 12:00:00,51.14
2017-11-12 13:00:00,44.28
2017-11-12 14:00:00,40.0
2017-11-12 15:00:00,37.8
2017-11-12 16:00:00,40.82
2017-11-12 17:00:00,53.91
2017-11-12 18:00:00,69.6
2017-11-12 19:00:00,61.2
2017-11-12 20:00:00,60.0
2017-11-12 21:00:00,37.0
2017-11-12 22:00:00,65.1
2017-11-12 23:00:00,37.1
2017-11-13 00:00:00,36.0
2017-11-13 01:00:00,36.0
2017-11-13 02:00:00,34.6
2017-11-13 03:00:00,30.24
2017-11-13 04:00:00,30.37
2017-11-13 05:00:00,39.19
2017-11-13 06:00:00,55.0
2017-11-13 07:00:00,69.35
2017-11-13 08:00:00,64.54
2017-11-13 09:00:00,72.26
2017-11-13 10:00:00,75.3
2017-11-13 11:00:00,70.69
2017-11-13 12:00:00,68.34
2017-11-13 13:00:00,61.33
2017-11-13 14:00:00,54.74
2017-11-13 15:00:00,57.1
2017-11-13 16:00:00,55.92
2017-11-13 17:00:00,99.51
2017-11-13 18:00:00,160.16
2017-11-13 19:00:00,141.15
2017-11-13 20:00:00,81.02
2017-11-13 21:00:00,66.43
2017-11-13 22:00:00,69.16
2017-11-13 23:00:00,66.91
2017-11-14 00:00:00,57.9
2017-11-14 01:00:00,41.52
2017-11-14 02:00:00,39.95
2017-11-14 03:00:00,37.95
2017-11-14 04:00:00,37.52
2017-11-14 05:00:00,57.9
2017-11-14 06:00:00,100.03
2017-11-14 07:00:00,167.25
2017-11-14 08:00:00,166.4
2017-11-14 09:00:00,144.24
2017-11-14 10:00:00,134.31
2017-11-14 11:00:00,130.01
2017-11-14 12:00:00,120.41
2017-11-14 13:00:00,119.11
2017-11-14 14:00:00,119.64
2017-11-14 15:00:00,120.43
2017-11-14 16:00:00,119.53
2017-11-14 17:00:00,180.6
2017-11-14 18:00:00,284.14
2017-11-14 19:00:00,180.71
2017-11-14 20:00:00,126.1
2017-11-14 21:00:00,91.84
2017-11-14 22:00:00,86.13
2017-11-14 23:00:00,68.63
2017-11-15 00:00:00,58.0
2017-11-15 01:00:00,42.74
2017-11-15 02:00:00,40.95
2017-11-15 03:00:00,40.74
2017-11-15 04:00:00,41.07
2017-11-15 05:00:00,50.45
2017-11-15 06:00:00,68.7
2017-11-15 07:00:00,96.48
2017-11-15 08:00:00,110.88
2017-11-15 09:00:00,114.53
2017-11-15 10:00:00,116.93
2017-11-15 11:00:00,106.66
2017-11-15 12:00:00,94.26
2017-11-15 13:00:00,84.22
2017-11-15 14:00:00,88.39
2017-11-15 15:00:00,88.55
2017-11-15 16:00:00,89.95
2017-11-15 17:00:00,112.09
2017-11-15 18:00:00,153.61
2017-11-15 19:00:00,116.81
2017-11-15 20:00:00,94.33
2017-11-15 21:00:00,80.61
2017-11-15 22:00:00,70.0
2017-11-15 23:00:00,59.8
2017-11-16 00:00:00,47.2
2017-11-16 01:00:00,44.03
2017-11-16 02:00:00,42.41
2017-11-16 03:00:00,40.3
2017-11-16 04:00:00,40.54
2017-11-16 05:00:00,55.06
2017-11-16 06:00:00,52.34
2017-11-16 07:00:00,106.65
2017-11-16 08:00:00,116.81
2017-11-16 09:00:00,104.02
2017-11-16 10:00:00,92.5
2017-11-16 11:00:00,104.11
2017-11-16 12:00:00,98.27
2017-11-16 13:00:00,123.87
2017-11-16 14:00:00,111.95
2017-11-16 15:00:00,105.0
2017-11-16 16:00:00,115.79
2017-11-16 17:00:00,169.1
2017-11-16 18:00:00,185.46
2017-11-16 19:00:00,123.03
2017-11-16 20:00:00,95.86
2017-11-16 21:00:00,63.9
2017-11-16 22:00:00,71.09
2017-11-16 23:00:00,65.24
2017-11-17 00:00:00,58.39
2017-11-17 01:00:00,51.52
2017-11-17 02:00:00,43.32
2017-11-17 03:00:00,40.63
2017-11-17 04:00:00,40.58
2017-11-17 05:00:00,45.11
2017-11-17 06:00:00,63.2
2017-11-17 07:00:00,112.85
2017-11-17 08:00:00,113.32
2017-11-17 09:00:00,89.8
2017-11-17 10:00:00,67.77
2017-11-17 11:00:00,56.4
2017-11-17 12:00:00,75.5
2017-11-17 13:00:00,77.11
2017-11-17 14:00:00,52.65
2017-11-17 15:00:00,100.86
2017-11-17 16:00:00,108.31
2017-11-17 17:00:00,116.54
2017-11-17 18:00:00,139.15
2017-11-17 19:00:00,122.14
2017-11-17 20:00:00,109.78
2017-11-17 21:00:00,85.11
2017-11-17 22:00:00,68.52
2017-11-17 23:00:00,67.05
2017-11-18 00:00:00,53.84
2017-11-18 01:00:00,53.65
2017-11-18 02:00:00,37.9
2017-11-18 03:00:00,39.9
2017-11-18 04:00:00,33.8
2017-11-18 05:00:00,34.0
2017-11-18 06:00:00,33.4
2017-11-18 07:00:00,36.04
2017-11-18 08:00:00,48.1
2017-11-18 09:00:00,48.1
2017-11-18 10:00:00,48.1
2017-11-18 11:00:00,35.6
2017-11-18 12:00:00,59.5
2017-11-18 13:00:00,48.1
2017-11-18 14:00:00,55.87
2017-11-18 15:00:00,75.57
2017-11-18 16:00:00,80.29
2017-11-18 17:00:00,94.52
2017-11-18 18:00:00,102.89
2017-11-18 19:00:00,102.56
2017-11-18 20:00:00,91.16
2017-11-18 21:00:00,76.22
2017-11-18 22:00:00,69.18
2017-11-18 23:00:00,68.3
2017-11-19 00:00:00,59.37
2017-11-19 01:00:00,49.84
2017-11-19 02:00:00,49.6
2017-11-19 03:00:00,50.5
2017-11-19 04:00:00,44.8
2017-11-19 05:00:00,48.3
2017-11-19 06:00:00,52.4
2017-11-19 07:00:00,52.0
2017-11-19 08:00:00,32.4
2017-11-19 09:00:00,40.8
2017-11-19 10:00:00,39.09
2017-11-19 11:00:00,54.6
2017-11-19 12:00:00,39.77
2017-11-19 13:00:00,42.71
2017-11-19 14:00:00,36.0
2017-11-19 15:00:00,37.19
2017-11-19 16:00:00,42.04
2017-11-19 17:00:00,71.77
2017-11-19 18:00:00,77.54
2017-11-19 19:00:00,77.91
2017-11-19 20:00:00,74.19
2017-11-19 21:00:00,70.0
2017-11-19 22:00:00,69.72
2017-11-19 23:00:00,38.56
2017-11-20 00:00:00,66.9
2017-11-20 01:00:00,48.75
2017-11-20 02:00:00,50.12
2017-11-20 03:00:00,51.43
2017-11-20 04:00:00,35.85
2017-11-20 05:00:00,42.1
2017-11-20 06:00:00,67.2
2017-11-20 07:00:00,75.67
2017-11-20 08:00:00,59.9
2017-11-20 09:00:00,66.5
2017-11-20 10:00:00,66.7
2017-11-20 11:00:00,67.5
2017-11-20 12:00:00,57.15
2017-11-20 13:00:00,54.5
2017-11-20 14:00:00,50.99
2017-11-20 15:00:00,62.59
2017-11-20 16:00:00,64.0
2017-11-20 17:00:00,73.51
2017-11-20 18:00:00,58.6
2017-11-20 19:00:00,50.0
2017-11-20 20:00:00,36.0
2017-11-20 21:00:00,41.0
2017-11-20 22:00:00,40.0
2017-11-20 23:00:00,41.64
2017-11-21 00:00:00,45.62
2017-11-21 01:00:00,35.76
2017-11-21 02:00:00,35.32
2017-11-21 03:00:00,36.01
2017-11-21 04:00:00,35.07
2017-11-21 05:00:00,37.26
2017-11-21 06:00:00,44.98
2017-11-21 07:00:00,66.32
2017-11-21 08:00:00,70.68
2017-11-21 09:00:00,65.8
2017-11-21 10:00:00,67.59
2017-11-21 11:00:00,67.18
2017-11-21 12:00:00,56.69
2017-11-21 13:00:00,64.91
2017-11-21 14:00:00,62.65
2017-11-21 15:00:00,62.51
2017-11-21 16:00:00,62.65
2017-11-21 17:00:00,68.05
2017-11-21 18:00:00,63.0
2017-11-21 19:00:00,50.0
2017-11-21 20:00:00,38.0
2017-11-21 21:00:00,45.1
2017-11-21 22:00:00,36.2
2017-11-21 23:00:00,36.0
2017-11-22 00:00:00,45.0
2017-11-22 01:00:00,49.64
2017-11-22 02:00:00,44.34
2017-11-22 03:00:00,41.93
2017-11-22 04:00:00,29.81
2017-11-22 05:00:00,49.14
2017-11-22 06:00:00,57.07
2017-11-22 07:00:00,70.86
2017-11-22 08:00:00,71.78
2017-11-22 09:00:00,71.88
2017-11-22 10:00:00,69.51
2017-11-22 11:00:00,67.84
2017-11-22 12:00:00,48.19
2017-11-22 13:00:00,50.74
2017-11-22 14:00:00,56.44
2017-11-22 15:00:00,60.42
2017-11-22 16:00:00,52.65
2017-11-22 17:00:00,65.11
2017-11-22 18:00:00,69.97
2017-11-22 19:00:00,64.94
2017-11-22 20:00:00,62.58
2017-11-22 21:00:00,55.22
2017-11-22 22:00:00,43.72
2017-11-22 23:00:00,39.22
2017-11-23 00:00:00,33.6
2017-11-23 01:00:00,38.66
2017-11-23 02:00:00,32.56
2017-11-23 03:00:00,27.48
2017-11-23 04:00:00,23.83
2017-11-23 05:00:00,28.05
2017-11-23 06:00:00,46.26
2017-11-23 07:00:00,55.12
2017-11-23 08:00:00,62.27
2017-11-23 09:00:00,59.25
2017-11-23 10:00:00,51.58
2017-11-23 11:00:00,69.63
2017-11-23 12:00:00,59.42
2017-11-23 13:00:00,59.29
2017-11-23 14:00:00,55.99
2017-11-23 15:00:00,50.1
2017-11-23 16:00:00,59.0
2017-11-23 17:00:00,70.79
2017-11-23 18:00:00,79.18
2017-11-23 19:00:00,77.23
2017-11-23 20:00:00,60.6
2017-11-23 21:00:00,51.62
2017-11-23 22:00:00,49.41
2017-11-23 23:00:00,46.97
2017-11-24 00:00:00,47.8
2017-11-24 01:00:00,39.83
2017-11-24 02:00:00,41.0
2017-11-24 03:00:00,34.0
2017-11-24 04:00:00,33.4
2017-11-24 05:00:00,36.88
2017-11-24 06:00:00,52.28
2017-11-24 07:00:00,63.49
2017-11-24 08:00:00,79.02
2017-11-24 09:00:00,86.14
2017-11-24 10:00:00,86.78
2017-11-24 11:00:00,82.89
2017-11-24 12:00:00,89.98
2017-11-24 13:00:00,86.86
2017-11-24 14:00:00,76.55
2017-11-24 15:00:00,75.65
2017-11-24 16:00:00,79.59
2017-11-24 17:00:00,89.62
2017-11-24 18:00:00,89.19
2017-11-24 19:00:00,74.25
2017-11-24 20:00:00,65.8
2017-11-24 21:00:00,56.86
2017-11-24 22:00:00,55.59
2017-11-24 23:00:00,53.81
2017-11-25 00:00:00,47.47
2017-11-25 01:00:00,41.31
2017-11-25 02:00:00,49.07
2017-11-25 03:00:00,36.68
2017-11-25 04:00:00,38.0
2017-11-25 05:00:00,37.8
2017-11-25 06:00:00,46.89
2017-11-25 07:00:00,49.78
2017-11-25 08:00:00,53.16
2017-11-25 09:00:00,57.79
2017-11-25 10:00:00,58.95
2017-11-25 11:00:00,57.05
2017-11-25 12:00:00,55.31
2017-11-25 13:00:00,52.7
2017-11-25 14:00:00,50.5
2017-11-25 15:00:00,50.09
2017-11-25 16:00:00,50.79
2017-11-25 17:00:00,63.1
2017-11-25 18:00:00,53.2
2017-11-25 19:00:00,39.9
2017-11-25 20:00:00,64.28
2017-11-25 21:00:00,48.0
2017-11-25 22:00:00,39.9
2017-11-25 23:00:00,47.4
2017-11-26 00:00:00,51.93
2017-11-26 01:00:00,47.25
2017-11-26 02:00:00,47.04
2017-11-26 03:00:00,44.27
2017-11-26 04:00:00,43.62
2017-11-26 05:00:00,42.73
2017-11-26 06:00:00,44.34
2017-11-26 07:00:00,47.69
2017-11-26 08:00:00,49.08
2017-11-26 09:00:00,50.79
2017-11-26 10:00:00,43.73
2017-11-26 11:00:00,47.08
2017-11-26 12:00:00,56.64
2017-11-26 13:00:00,52.72
2017-11-26 14:00:00,47.7
2017-11-26 15:00:00,50.65
2017-11-26 16:00:00,52.64
2017-11-26 17:00:00,61.0
2017-11-26 18:00:00,70.0
2017-11-26 19:00:00,65.03
2017-11-26 20:00:00,53.62
2017-11-26 21:00:00,54.71
2017-11-26 22:00:00,55.38
2017-11-26 23:00:00,39.82
2017-11-27 00:00:00,37.48
2017-11-27 01:00:00,41.45
2017-11-27 02:00:00,38.14
2017-11-27 03:00:00,35.44
2017-11-27 04:00:00,34.3
2017-11-27 05:00:00,36.44
2017-11-27 06:00:00,37.3
2017-11-27 07:00:00,61.7
2017-11-27 08:00:00,57.58
2017-11-27 09:00:00,68.76
2017-11-27 10:00:00,64.74
2017-11-27 11:00:00,68.98
2017-11-27 12:00:00,69.4
2017-11-27 13:00:00,67.93
2017-11-27 14:00:00,68.74
2017-11-27 15:00:00,70.0
2017-11-27 16:00:00,70.02
2017-11-27 17:00:00,86.86
2017-11-27 18:00:00,92.81
2017-11-27 19:00:00,76.44
2017-11-27 20:00:00,53.46
2017-11-27 21:00:00,48.95
2017-11-27 22:00:00,47.63
2017-11-27 23:00:00,42.78
2017-11-28 00:00:00,37.6
2017-11-28 01:00:00,38.9
2017-11-28 02:00:00,41.31
2017-11-28 03:00:00,37.56
2017-11-28 04:00:00,36.35
2017-11-28 05:00:00,38.21
2017-11-28 06:00:00,39.7
2017-11-28 07:00:00,79.8
2017-11-28 08:00:00,68.09
2017-11-28 09:00:00,71.98
2017-11-28 10:00:00,73.63
2017-11-28 11:00:00,71.61
2017-11-28 12:00:00,67.67
2017-11-28 13:00:00,58.07
2017-11-28 14:00:00,69.9
2017-11-28 15:00:00,65.04
2017-11-28 16:00:00,71.04
2017-11-28 17:00:00,77.89
2017-11-28 18:00:00,76.54
2017-11-28 19:00:00,74.3
2017-11-28 20:00:00,68.26
2017-11-28 21:00:00,63.3
2017-11-28 22:00:00,61.06
2017-11-28 23:00:00,55.23
2017-11-29 00:00:00,45.8
2017-11-29 01:00:00,49.2
2017-11-29 02:00:00,44.96
2017-11-29 03:00:00,45.0
2017-11-29 04:00:00,40.25
2017-11-29 05:00:00,44.42
2017-11-29 06:00:00,65.77
2017-11-29 07:00:00,84.07
2017-11-29 08:00:00,88.52
2017-11-29 09:00:00,90.1
2017-11-29 10:00:00,88.33
2017-11-29 11:00:00,86.0
2017-11-29 12:00:00,82.18
2017-11-29 13:00:00,82.4
2017-11-29 14:00:00,89.21
2017-11-29 15:00:00,90.4
2017-11-29 16:00:00,97.8
2017-11-29 17:00:00,118.49
2017-11-29 18:00:00,120.92
2017-11-29 19:00:00,92.84
2017-11-29 20:00:00,78.73
2017-11-29 21:00:00,73.5
2017-11-29 22:00:00,72.2
2017-11-29 23:00:00,63.3
2017-11-30 00:00:00,50.0
2017-11-30 01:00:00,49.9
2017-11-30 02:00:00,51.41
2017-11-30 03:00:00,43.26
2017-11-30 04:00:00,41.82
2017-11-30 05:00:00,51.93
2017-11-30 06:00:00,59.9
2017-11-30 07:00:00,83.76
2017-11-30 08:00:00,88.16
2017-11-30 09:00:00,85.25
2017-11-30 10:00:00,86.79
2017-11-30 11:00:00,86.7
2017-11-30 12:00:00,84.07
2017-11-30 13:00:00,83.34
2017-11-30 14:00:00,82.81
2017-11-30 15:00:00,84.22
2017-11-30 16:00:00,86.06
2017-11-30 17:00:00,100.12
2017-11-30 18:00:00,95.1
2017-11-30 19:00:00,87.24
2017-11-30 20:00:00,67.57
2017-11-30 21:00:00,59.9
2017-11-30 22:00:00,63.66
2017-11-30 23:00:00,63.07
2017-12-01 00:00:00,61.81
2017-12-01 01:00:00,49.34
2017-12-01 02:00:00,47.53
2017-12-01 03:00:00,49.14
2017-12-01 04:00:00,44.96
2017-12-01 05:00:00,55.27
2017-12-01 06:00:00,55.2
2017-12-01 07:00:00,89.35
2017-12-01 08:00:00,79.9
2017-12-01 09:00:00,94.39
2017-12-01 10:00:00,81.59
2017-12-01 11:00:00,78.6
2017-12-01 12:00:00,82.19
2017-12-01 13:00:00,79.51
2017-12-01 14:00:00,78.23
2017-12-01 15:00:00,78.45
2017-12-01 16:00:00,76.6
2017-12-01 17:00:00,85.69
2017-12-01 18:00:00,85.79
2017-12-01 19:00:00,80.32
2017-12-01 20:00:00,75.05
2017-12-01 21:00:00,61.87
2017-12-01 22:00:00,61.75
2017-12-01 23:00:00,52.32
2017-12-02 00:00:00,58.13
2017-12-02 01:00:00,48.25
2017-12-02 02:00:00,46.82
2017-12-02 03:00:00,46.29
2017-12-02 04:00:00,45.71
2017-12-02 05:00:00,44.19
2017-12-02 06:00:00,45.8
2017-12-02 07:00:00,52.82
2017-12-02 08:00:00,52.26
2017-12-02 09:00:00,63.34
2017-12-02 10:00:00,63.87
2017-12-02 11:00:00,63.45
2017-12-02 12:00:00,60.44
2017-12-02 13:00:00,49.51
2017-12-02 14:00:00,48.61
2017-12-02 15:00:00,48.66
2017-12-02 16:00:00,58.59
2017-12-02 17:00:00,77.38
2017-12-02 18:00:00,72.28
2017-12-02 19:00:00,53.67
2017-12-02 20:00:00,50.76
2017-12-02 21:00:00,54.46
2017-12-02 22:00:00,51.03
2017-12-02 23:00:00,46.88
2017-12-03 00:00:00,43.22
2017-12-03 01:00:00,45.25
2017-12-03 02:00:00,47.31
2017-12-03 03:00:00,49.85
2017-12-03 04:00:00,48.75
2017-12-03 05:00:00,48.42
2017-12-03 06:00:00,49.57
2017-12-03 07:00:00,47.72
2017-12-03 08:00:00,50.23
2017-12-03 09:00:00,52.75
2017-12-03 10:00:00,59.13
2017-12-03 11:00:00,60.96
2017-12-03 12:00:00,51.09
2017-12-03 13:00:00,60.25
2017-12-03 14:00:00,57.25
2017-12-03 15:00:00,56.38
2017-12-03 16:00:00,57.31
2017-12-03 17:00:00,70.6
2017-12-03 18:00:00,63.54
2017-12-03 19:00:00,54.62
2017-12-03 20:00:00,61.3
2017-12-03 21:00:00,51.44
2017-12-03 22:00:00,50.0
2017-12-03 23:00:00,54.64
2017-12-04 00:00:00,61.9
2017-12-04 01:00:00,48.33
2017-12-04 02:00:00,45.67
2017-12-04 03:00:00,45.68
2017-12-04 04:00:00,42.0
2017-12-04 05:00:00,50.76
2017-12-04 06:00:00,51.39
2017-12-04 07:00:00,65.26
2017-12-04 08:00:00,94.67
2017-12-04 09:00:00,99.62
2017-12-04 10:00:00,81.95
2017-12-04 11:00:00,94.13
2017-12-04 12:00:00,99.56
2017-12-04 13:00:00,87.3
2017-12-04 14:00:00,89.4
2017-12-04 15:00:00,89.2
2017-12-04 16:00:00,89.4
2017-12-04 17:00:00,141.81
2017-12-04 18:00:00,112.65
2017-12-04 19:00:00,98.42
2017-12-04 20:00:00,71.64
2017-12-04 21:00:00,49.85
2017-12-04 22:00:00,51.68
2017-12-04 23:00:00,48.82
2017-12-05 00:00:00,51.76
2017-12-05 01:00:00,51.09
2017-12-05 02:00:00,47.12
2017-12-05 03:00:00,45.22
2017-12-05 04:00:00,45.53
2017-12-05 05:00:00,52.4
2017-12-05 06:00:00,59.98
2017-12-05 07:00:00,134.22
2017-12-05 08:00:00,160.55
2017-12-05 09:00:00,142.02
2017-12-05 10:00:00,132.23
2017-12-05 11:00:00,122.24
2017-12-05 12:00:00,111.96
2017-12-05 13:00:00,112.36
2017-12-05 14:00:00,116.77
2017-12-05 15:00:00,120.26
2017-12-05 16:00:00,133.39
2017-12-05 17:00:00,128.11
2017-12-05 18:00:00,117.1
2017-12-05 19:00:00,95.0
2017-12-05 20:00:00,72.0
2017-12-05 21:00:00,62.39
2017-12-05 22:00:00,53.2
2017-12-05 23:00:00,55.03
2017-12-06 00:00:00,45.48
2017-12-06 01:00:00,43.45
2017-12-06 02:00:00,41.3
2017-12-06 03:00:00,47.79
2017-12-06 04:00:00,48.28
2017-12-06 05:00:00,48.94
2017-12-06 06:00:00,59.3
2017-12-06 07:00:00,114.75
2017-12-06 08:00:00,110.99
2017-12-06 09:00:00,105.0
2017-12-06 10:00:00,107.19
2017-12-06 11:00:00,106.42
2017-12-06 12:00:00,89.32
2017-12-06 13:00:00,89.71
2017-12-06 14:00:00,86.58
2017-12-06 15:00:00,86.27
2017-12-06 16:00:00,87.11
2017-12-06 17:00:00,132.95
2017-12-06 18:00:00,136.3
2017-12-06 19:00:00,132.54
2017-12-06 20:00:00,84.97
2017-12-06 21:00:00,58.85
2017-12-06 22:00:00,55.91
2017-12-06 23:00:00,43.0
2017-12-07 00:00:00,46.0
2017-12-07 01:00:00,41.0
2017-12-07 02:00:00,40.4
2017-12-07 03:00:00,40.4
2017-12-07 04:00:00,34.88
2017-12-07 05:00:00,42.1
2017-12-07 06:00:00,41.2
2017-12-07 07:00:00,52.8
2017-12-07 08:00:00,78.9
2017-12-07 09:00:00,80.0
2017-12-07 10:00:00,78.0
2017-12-07 11:00:00,76.2
2017-12-07 12:00:00,74.26
2017-12-07 13:00:00,72.0
2017-12-07 14:00:00,71.7
2017-12-07 15:00:00,57.68
2017-12-07 16:00:00,68.57
2017-12-07 17:00:00,75.41
2017-12-07 18:00:00,78.05
2017-12-07 19:00:00,57.27
2017-12-07 20:00:00,52.8
2017-12-07 21:00:00,49.25
2017-12-07 22:00:00,46.53
2017-12-07 23:00:00,50.49
2017-12-08 00:00:00,53.2
2017-12-08 01:00:00,19.71
2017-12-08 02:00:00,15.64
2017-12-08 03:00:00,36.84
2017-12-08 04:00:00,35.12
2017-12-08 05:00:00,38.5
2017-12-08 06:00:00,47.76
2017-12-08 07:00:00,54.9
2017-12-08 08:00:00,64.67
2017-12-08 09:00:00,69.37
2017-12-08 10:00:00,70.0
2017-12-08 11:00:00,55.0
2017-12-08 12:00:00,51.05
2017-12-08 13:00:00,49.03
2017-12-08 14:00:00,47.38
2017-12-08 15:00:00,49.9
2017-12-08 16:00:00,52.69
2017-12-08 17:00:00,75.24
2017-12-08 18:00:00,71.31
2017-12-08 19:00:00,56.19
2017-12-08 20:00:00,54.76
2017-12-08 21:00:00,50.03
2017-12-08 22:00:00,48.84
2017-12-08 23:00:00,50.38
2017-12-09 00:00:00,67.71
2017-12-09 01:00:00,51.7
2017-12-09 02:00:00,42.2
2017-12-09 03:00:00,38.5
2017-12-09 04:00:00,36.61
2017-12-09 05:00:00,40.5
2017-12-09 06:00:00,41.3
2017-12-09 07:00:00,40.3
2017-12-09 08:00:00,51.7
2017-12-09 09:00:00,55.73
2017-12-09 10:00:00,66.85
2017-12-09 11:00:00,60.1
2017-12-09 12:00:00,42.76
2017-12-09 13:00:00,41.28
2017-12-09 14:00:00,40.0
2017-12-09 15:00:00,40.73
2017-12-09 16:00:00,55.26
2017-12-09 17:00:00,72.71
2017-12-09 18:00:00,67.0
2017-12-09 19:00:00,71.32
2017-12-09 20:00:00,47.17
2017-12-09 21:00:00,49.36
2017-12-09 22:00:00,51.7
2017-12-09 23:00:00,64.4
2017-12-10 00:00:00,60.15
2017-12-10 01:00:00,58.52
2017-12-10 02:00:00,56.36
2017-12-10 03:00:00,37.67
2017-12-10 04:00:00,40.0
2017-12-10 05:00:00,38.0
2017-12-10 06:00:00,35.4
2017-12-10 07:00:00,36.49
2017-12-10 08:00:00,34.11
2017-12-10 09:00:00,47.4
2017-12-10 10:00:00,52.01
2017-12-10 11:00:00,59.04
2017-12-10 12:00:00,59.7
2017-12-10 13:00:00,53.19
2017-12-10 14:00:00,44.65
2017-12-10 15:00:00,38.9
2017-12-10 16:00:00,43.4
2017-12-10 17:00:00,63.34
2017-12-10 18:00:00,76.12
2017-12-10 19:00:00,62.0
2017-12-10 20:00:00,42.68
2017-12-10 21:00:00,39.8
2017-12-10 22:00:00,36.34
2017-12-10 23:00:00,44.8
2017-12-11 00:00:00,55.12
2017-12-11 01:00:00,57.6
2017-12-11 02:00:00,51.6
2017-12-11 03:00:00,36.19
2017-12-11 04:00:00,36.9
2017-12-11 05:00:00,37.05
2017-12-11 06:00:00,47.95
2017-12-11 07:00:00,62.0
2017-12-11 08:00:00,68.78
2017-12-11 09:00:00,73.05
2017-12-11 10:00:00,73.05
2017-12-11 11:00:00,75.46
2017-12-11 12:00:00,68.63
2017-12-11 13:00:00,66.5
2017-12-11 14:00:00,55.38
2017-12-11 15:00:00,54.13
2017-12-11 16:00:00,57.63
2017-12-11 17:00:00,76.1
2017-12-11 18:00:00,67.24
2017-12-11 19:00:00,76.36
2017-12-11 20:00:00,51.99
2017-12-11 21:00:00,58.76
2017-12-11 22:00:00,46.0
2017-12-11 23:00:00,51.6
2017-12-12 00:00:00,43.59
2017-12-12 01:00:00,43.86
2017-12-12 02:00:00,43.54
2017-12-12 03:00:00,39.64
2017-12-12 04:00:00,39.83
2017-12-12 05:00:00,44.5
2017-12-12 06:00:00,47.51
2017-12-12 07:00:00,104.66
2017-12-12 08:00:00,131.74
2017-12-12 09:00:00,156.84
2017-12-12 10:00:00,148.63
2017-12-12 11:00:00,143.62
2017-12-12 12:00:00,113.22
2017-12-12 13:00:00,110.49
2017-12-12 14:00:00,109.07
2017-12-12 15:00:00,104.98
2017-12-12 16:00:00,96.0
2017-12-12 17:00:00,150.52
2017-12-12 18:00:00,148.59
2017-12-12 19:00:00,118.22
2017-12-12 20:00:00,78.06
2017-12-12 21:00:00,61.86
2017-12-12 22:00:00,55.2
2017-12-12 23:00:00,50.47
2017-12-13 00:00:00,56.81
2017-12-13 01:00:00,46.74
2017-12-13 02:00:00,43.74
2017-12-13 03:00:00,42.74
2017-12-13 04:00:00,31.71
2017-12-13 05:00:00,45.84
2017-12-13 06:00:00,52.62
2017-12-13 07:00:00,73.8
2017-12-13 08:00:00,79.96
2017-12-13 09:00:00,100.0
2017-12-13 10:00:00,109.5
2017-12-13 11:00:00,108.24
2017-12-13 12:00:00,109.32
2017-12-13 13:00:00,105.89
2017-12-13 14:00:00,97.9
2017-12-13 15:00:00,76.17
2017-12-13 16:00:00,80.65
2017-12-13 17:00:00,99.0
2017-12-13 18:00:00,101.7
2017-12-13 19:00:00,112.72
2017-12-13 20:00:00,61.02
2017-12-13 21:00:00,46.99
2017-12-13 22:00:00,49.88
2017-12-13 23:00:00,40.72
2017-12-14 00:00:00,37.71
2017-12-14 01:00:00,36.91
2017-12-14 02:00:00,31.34
2017-12-14 03:00:00,32.4
2017-12-14 04:00:00,31.0
2017-12-14 05:00:00,36.29
2017-12-14 06:00:00,49.4
2017-12-14 07:00:00,72.04
2017-12-14 08:00:00,66.78
2017-12-14 09:00:00,85.0
2017-12-14 10:00:00,92.86
2017-12-14 11:00:00,88.0
2017-12-14 12:00:00,81.52
2017-12-14 13:00:00,81.47
2017-12-14 14:00:00,77.92
2017-12-14 15:00:00,79.36
2017-12-14 16:00:00,84.57
2017-12-14 17:00:00,86.02
2017-12-14 18:00:00,96.98
2017-12-14 19:00:00,81.76
2017-12-14 20:00:00,71.0
2017-12-14 21:00:00,58.97
2017-12-14 22:00:00,61.03
2017-12-14 23:00:00,54.72
2017-12-15 00:00:00,48.23
2017-12-15 01:00:00,40.5
2017-12-15 02:00:00,37.3
2017-12-15 03:00:00,31.99
2017-12-15 04:00:00,29.85
2017-12-15 05:00:00,34.7
2017-12-15 06:00:00,47.19
2017-12-15 07:00:00,59.18
2017-12-15 08:00:00,70.97
2017-12-15 09:00:00,71.7
2017-12-15 10:00:00,71.25
2017-12-15 11:00:00,70.73
2017-12-15 12:00:00,67.69
2017-12-15 13:00:00,65.6
2017-12-15 14:00:00,62.66
2017-12-15 15:00:00,60.45
2017-12-15 16:00:00,67.98
2017-12-15 17:00:00,74.54
2017-12-15 18:00:00,89.53
2017-12-15 19:00:00,88.66
2017-12-15 20:00:00,76.56
2017-12-15 21:00:00,65.05
2017-12-15 22:00:00,58.37
2017-12-15 23:00:00,55.8
2017-12-16 00:00:00,53.66
2017-12-16 01:00:00,50.05
2017-12-16 02:00:00,47.58
2017-12-16 03:00:00,40.08
2017-12-16 04:00:00,38.18
2017-12-16 05:00:00,38.0
2017-12-16 06:00:00,44.84
2017-12-16 07:00:00,41.68
2017-12-16 08:00:00,34.01
2017-12-16 09:00:00,41.56
2017-12-16 10:00:00,44.34
2017-12-16 11:00:00,44.03
2017-12-16 12:00:00,41.69
2017-12-16 13:00:00,48.0
2017-12-16 14:00:00,36.48
2017-12-16 15:00:00,40.0
2017-12-16 16:00:00,46.17
2017-12-16 17:00:00,65.6
2017-12-16 18:00:00,57.19
2017-12-16 19:00:00,54.19
2017-12-16 20:00:00,46.68
2017-12-16 21:00:00,56.36
2017-12-16 22:00:00,49.7
2017-12-16 23:00:00,55.73
2017-12-17 00:00:00,45.33
2017-12-17 01:00:00,50.4
2017-12-17 02:00:00,46.7
2017-12-17 03:00:00,40.3
2017-12-17 04:00:00,36.0
2017-12-17 05:00:00,37.68
2017-12-17 06:00:00,38.76
2017-12-17 07:00:00,43.84
2017-12-17 08:00:00,48.51
2017-12-17 09:00:00,51.72
2017-12-17 10:00:00,55.13
2017-12-17 11:00:00,54.92
2017-12-17 12:00:00,54.41
2017-12-17 13:00:00,53.38
2017-12-17 14:00:00,52.31
2017-12-17 15:00:00,50.14
2017-12-17 16:00:00,51.88
2017-12-17 17:00:00,62.57
2017-12-17 18:00:00,53.2
2017-12-17 19:00:00,53.2
2017-12-17 20:00:00,53.25
2017-12-17 21:00:00,40.0
2017-12-17 22:00:00,44.18
2017-12-17 23:00:00,38.79
2017-12-18 00:00:00,36.97
2017-12-18 01:00:00,38.89
2017-12-18 02:00:00,36.52
2017-12-18 03:00:00,27.75
2017-12-18 04:00:00,28.81
2017-12-18 05:00:00,34.2
2017-12-18 06:00:00,52.4
2017-12-18 07:00:00,76.8
2017-12-18 08:00:00,79.39
2017-12-18 09:00:00,76.7
2017-12-18 10:00:00,75.86
2017-12-18 11:00:00,73.52
2017-12-18 12:00:00,71.92
2017-12-18 13:00:00,71.73
2017-12-18 14:00:00,72.76
2017-12-18 15:00:00,72.61
2017-12-18 16:00:00,73.5
2017-12-18 17:00:00,79.72
2017-12-18 18:00:00,81.02
2017-12-18 19:00:00,82.91
2017-12-18 20:00:00,82.88
2017-12-18 21:00:00,70.0
2017-12-18 22:00:00,70.0
2017-12-18 23:00:00,55.99
2017-12-19 00:00:00,50.25
2017-12-19 01:00:00,50.0
2017-12-19 02:00:00,43.08
2017-12-19 03:00:00,38.3
2017-12-19 04:00:00,38.89
2017-12-19 05:00:00,44.9
2017-12-19 06:00:00,54.35
2017-12-19 07:00:00,73.25
2017-12-19 08:00:00,78.36
2017-12-19 09:00:00,77.06
2017-12-19 10:00:00,75.3
2017-12-19 11:00:00,74.0
2017-12-19 12:00:00,71.08
2017-12-19 13:00:00,71.01
2017-12-19 14:00:00,70.2
2017-12-19 15:00:00,70.32
2017-12-19 16:00:00,75.82
2017-12-19 17:00:00,78.28
2017-12-19 18:00:00,79.96
2017-12-19 19:00:00,77.28
2017-12-19 20:00:00,77.65
2017-12-19 21:00:00,72.33
2017-12-19 22:00:00,70.82
2017-12-19 23:00:00,60.05
2017-12-20 00:00:00,45.76
2017-12-20 01:00:00,49.21
2017-12-20 02:00:00,44.27
2017-12-20 03:00:00,42.0
2017-12-20 04:00:00,41.54
2017-12-20 05:00:00,45.59
2017-12-20 06:00:00,57.26
2017-12-20 07:00:00,75.98
2017-12-20 08:00:00,76.7
2017-12-20 09:00:00,76.69
2017-12-20 10:00:00,76.61
2017-12-20 11:00:00,76.56
2017-12-20 12:00:00,76.35
2017-12-20 13:00:00,76.03
2017-12-20 14:00:00,74.89
2017-12-20 15:00:00,72.05
2017-12-20 16:00:00,76.06
2017-12-20 17:00:00,79.3
2017-12-20 18:00:00,77.65
2017-12-20 19:00:00,78.03
2017-12-20 20:00:00,77.44
2017-12-20 21:00:00,65.46
2017-12-20 22:00:00,62.97
2017-12-20 23:00:00,57.32
2017-12-21 00:00:00,56.82
2017-12-21 01:00:00,50.93
2017-12-21 02:00:00,48.2
2017-12-21 03:00:00,43.64
2017-12-21 04:00:00,43.0
2017-12-21 05:00:00,48.52
2017-12-21 06:00:00,54.59
2017-12-21 07:00:00,66.42
2017-12-21 08:00:00,71.52
2017-12-21 09:00:00,73.48
2017-12-21 10:00:00,73.74
2017-12-21 11:00:00,71.77
2017-12-21 12:00:00,69.52
2017-12-21 13:00:00,66.69
2017-12-21 14:00:00,70.62
2017-12-21 15:00:00,70.69
2017-12-21 16:00:00,67.96
2017-12-21 17:00:00,75.1
2017-12-21 18:00:00,76.08
2017-12-21 19:00:00,71.31
2017-12-21 20:00:00,67.52
2017-12-21 21:00:00,61.59
2017-12-21 22:00:00,57.1
2017-12-21 23:00:00,52.79
2017-12-22 00:00:00,43.0
2017-12-22 01:00:00,41.7
2017-12-22 02:00:00,39.47
2017-12-22 03:00:00,35.68
2017-12-22 04:00:00,27.81
2017-12-22 05:00:00,36.1
2017-12-22 06:00:00,44.48
2017-12-22 07:00:00,47.52
2017-12-22 08:00:00,48.0
2017-12-22 09:00:00,50.0
2017-12-22 10:00:00,62.62
2017-12-22 11:00:00,61.52
2017-12-22 12:00:00,60.28
2017-12-22 13:00:00,58.61
2017-12-22 14:00:00,55.04
2017-12-22 15:00:00,54.57
2017-12-22 16:00:00,56.85
2017-12-22 17:00:00,60.88
2017-12-22 18:00:00,64.94
2017-12-22 19:00:00,64.47
2017-12-22 20:00:00,61.69
2017-12-22 21:00:00,49.92
2017-12-22 22:00:00,47.82
2017-12-22 23:00:00,49.55
2017-12-23 00:00:00,41.99
2017-12-23 01:00:00,36.51
2017-12-23 02:00:00,43.4
2017-12-23 03:00:00,37.07
2017-12-23 04:00:00,23.96
2017-12-23 05:00:00,31.56
2017-12-23 06:00:00,38.49
2017-12-23 07:00:00,35.56
2017-12-23 08:00:00,42.24
2017-12-23 09:00:00,55.37
2017-12-23 10:00:00,50.79
2017-12-23 11:00:00,60.12
2017-12-23 12:00:00,48.42
2017-12-23 13:00:00,45.87
2017-12-23 14:00:00,43.69
2017-12-23 15:00:00,46.4
2017-12-23 16:00:00,50.06
2017-12-23 17:00:00,57.64
2017-12-23 18:00:00,60.0
2017-12-23 19:00:00,60.0
2017-12-23 20:00:00,54.5
2017-12-23 21:00:00,40.2
2017-12-23 22:00:00,40.2
2017-12-23 23:00:00,45.1
2017-12-24 00:00:00,31.9
2017-12-24 01:00:00,30.1
2017-12-24 02:00:00,24.81
2017-12-24 03:00:00,17.21
2017-12-24 04:00:00,26.31
2017-12-24 05:00:00,18.15
2017-12-24 06:00:00,25.0
2017-12-24 07:00:00,33.0
2017-12-24 08:00:00,37.0
2017-12-24 09:00:00,37.9
2017-12-24 10:00:00,38.4
2017-12-24 11:00:00,45.0
2017-12-24 12:00:00,48.0
2017-12-24 13:00:00,40.5
2017-12-24 14:00:00,34.6
2017-12-24 15:00:00,32.82
2017-12-24 16:00:00,37.66
2017-12-24 17:00:00,44.58
2017-12-24 18:00:00,49.9
2017-12-24 19:00:00,37.77
2017-12-24 20:00:00,35.65
2017-12-24 21:00:00,34.5
2017-12-24 22:00:00,37.9
2017-12-24 23:00:00,33.4
2017-12-25 00:00:00,35.94
2017-12-25 01:00:00,40.35
2017-12-25 02:00:00,38.89
2017-12-25 03:00:00,25.86
2017-12-25 04:00:00,25.2
2017-12-25 05:00:00,26.03
2017-12-25 06:00:00,30.5
2017-12-25 07:00:00,13.73
2017-12-25 08:00:00,17.09
2017-12-25 09:00:00,27.28
2017-12-25 10:00:00,27.86
2017-12-25 11:00:00,30.01
2017-12-25 12:00:00,36.32
2017-12-25 13:00:00,28.25
2017-12-25 14:00:00,24.06
2017-12-25 15:00:00,24.62
2017-12-25 16:00:00,26.76
2017-12-25 17:00:00,40.08
2017-12-25 18:00:00,45.97
2017-12-25 19:00:00,39.9
2017-12-25 20:00:00,36.84
2017-12-25 21:00:00,30.46
2017-12-25 22:00:00,29.1
2017-12-25 23:00:00,26.6
2017-12-26 00:00:00,16.3
2017-12-26 01:00:00,12.42
2017-12-26 02:00:00,13.32
2017-12-26 03:00:00,7.26
2017-12-26 04:00:00,4.61
2017-12-26 05:00:00,7.35
2017-12-26 06:00:00,18.93
2017-12-26 07:00:00,19.93
2017-12-26 08:00:00,34.9
2017-12-26 09:00:00,40.6
2017-12-26 10:00:00,61.2
2017-12-26 11:00:00,61.2
2017-12-26 12:00:00,48.64
2017-12-26 13:00:00,45.88
2017-12-26 14:00:00,61.2
2017-12-26 15:00:00,60.35
2017-12-26 16:00:00,53.06
2017-12-26 17:00:00,66.79
2017-12-26 18:00:00,77.11
2017-12-26 19:00:00,61.2
2017-12-26 20:00:00,47.95
2017-12-26 21:00:00,35.18
2017-12-26 22:00:00,54.5
2017-12-26 23:00:00,46.38
2017-12-27 00:00:00,29.27
2017-12-27 01:00:00,22.98
2017-12-27 02:00:00,13.93
2017-12-27 03:00:00,13.48
2017-12-27 04:00:00,12.74
2017-12-27 05:00:00,13.29
2017-12-27 06:00:00,20.03
2017-12-27 07:00:00,39.4
2017-12-27 08:00:00,47.02
2017-12-27 09:00:00,46.19
2017-12-27 10:00:00,56.93
2017-12-27 11:00:00,52.1
2017-12-27 12:00:00,49.19
2017-12-27 13:00:00,52.9
2017-12-27 14:00:00,46.4
2017-12-27 15:00:00,46.48
2017-12-27 16:00:00,50.9
2017-12-27 17:00:00,56.09
2017-12-27 18:00:00,57.57
2017-12-27 19:00:00,55.88
2017-12-27 20:00:00,42.4
2017-12-27 21:00:00,40.0
2017-12-27 22:00:00,42.24
2017-12-27 23:00:00,36.9
2017-12-28 00:00:00,31.16
2017-12-28 01:00:00,30.0
2017-12-28 02:00:00,28.1
2017-12-28 03:00:00,26.0
2017-12-28 04:00:00,26.33
2017-12-28 05:00:00,29.86
2017-12-28 06:00:00,35.0
2017-12-28 07:00:00,44.0
2017-12-28 08:00:00,51.34
2017-12-28 09:00:00,54.4
2017-12-28 10:00:00,52.33
2017-12-28 11:00:00,53.13
2017-12-28 12:00:00,44.8
2017-12-28 13:00:00,39.3
2017-12-28 14:00:00,44.8
2017-12-28 15:00:00,45.0
2017-12-28 16:00:00,52.25
2017-12-28 17:00:00,58.63
2017-12-28 18:00:00,59.9
2017-12-28 19:00:00,45.84
2017-12-28 20:00:00,41.89
2017-12-28 21:00:00,40.58
2017-12-28 22:00:00,38.23
2017-12-28 23:00:00,34.08
2017-12-29 00:00:00,34.08
2017-12-29 01:00:00,35.77
2017-12-29 02:00:00,43.77
2017-12-29 03:00:00,44.76
2017-12-29 04:00:00,39.57
2017-12-29 05:00:00,31.27
2017-12-29 06:00:00,46.05
2017-12-29 07:00:00,41.55
2017-12-29 08:00:00,47.57
2017-12-29 09:00:00,50.73
2017-12-29 10:00:00,52.13
2017-12-29 11:00:00,51.51
2017-12-29 12:00:00,50.1
2017-12-29 13:00:00,48.95
2017-12-29 14:00:00,47.05
2017-12-29 15:00:00,39.9
2017-12-29 16:00:00,41.87
2017-12-29 17:00:00,51.51
2017-12-29 18:00:00,47.5
2017-12-29 19:00:00,37.45
2017-12-29 20:00:00,39.27
2017-12-29 21:00:00,37.59
2017-12-29 22:00:00,37.99
2017-12-29 23:00:00,40.66
2017-12-30 00:00:00,23.1
2017-12-30 01:00:00,23.37
2017-12-30 02:00:00,22.55
2017-12-30 03:00:00,21.12
2017-12-30 04:00:00,18.48
2017-12-30 05:00:00,20.29
2017-12-30 06:00:00,19.87
2017-12-30 07:00:00,22.55
2017-12-30 08:00:00,24.88
2017-12-30 09:00:00,26.54
2017-12-30 10:00:00,27.82
2017-12-30 11:00:00,29.39
2017-12-30 12:00:00,35.0
2017-12-30 13:00:00,29.61
2017-12-30 14:00:00,27.12
2017-12-30 15:00:00,23.41
2017-12-30 16:00:00,23.38
2017-12-30 17:00:00,30.0
2017-12-30 18:00:00,36.08
2017-12-30 19:00:00,38.2
2017-12-30 20:00:00,34.8
2017-12-30 21:00:00,23.31
2017-12-30 22:00:00,24.34
2017-12-30 23:00:00,23.49
2017-12-31 00:00:00,21.27
